"Id","Path","Slice Name","Alias(s)","Label","Min","Max","Must Support?","Is Modifier?","Is Summary?","Type(s)","Short","Definition","Comments","Requirements","Default Value","Meaning When Missing","Fixed Value","Pattern","Example","Minimum Value","Maximum Value","Maximum Length","Binding Strength","Binding Description","Binding Value Set","Code","Slicing Discriminator","Slicing Description","Slicing Ordered","Slicing Rules","Base Path","Base Min","Base Max","Condition(s)","Constraint(s)","Mapping: HL7 v2 Mapping","Mapping: RIM Mapping","Mapping: CDA (R2)","Mapping: FiveWs Pattern Mapping","Mapping: W5 Mapping"
"Bundle","Bundle","","","",0,*,"","","","null {[]} {[]}
","Contains a collection of resources","A container for a collection of resources.","","","","","","","","","",,,,,"",,,,"Bundle",0,*,"","","N/A","Entity. Role, or Act","N/A","infrastructure.structure","infrastructure.structure"
"Bundle.id","Bundle.id","","","",1,1,"","","Y","id {[]} {[]}
","Deve ser único e mudar sempre que a mensagem for enviada.","The logical id of the resource, as used in the URL for the resource. Once assigned, this value never changes.","The only time that a resource does not have an id is when it is being submitted to the server using a create operation.","","","","","","","","",,,,,"",,,,"Resource.id",0,1,"",""
"Bundle.meta","Bundle.meta","","","",0,1,"","","Y","Meta {[]} {[]}
","Metadata about the resource","The metadata about the resource. This is content that is maintained by the infrastructure. Changes to the content may not always be associated with version changes to the resource.","","","","","","","","","",,,,,"",,,,"Resource.meta",0,1,"",""
"Bundle.meta.id","Bundle.meta.id","","","",0,1,"","","","string {[]} {[]}
","xml:id (or equivalent in JSON)","unique id for the element within a resource (for internal references). This may be any string value that does not contain spaces.","","","","","","","","","",,,,,"",,,,"Element.id",0,1,"","","n/a"
"Bundle.meta.extension","Bundle.meta.extension","","extensions
user content","",0,*,"","","","Extension {[]} {[]}
","Additional Content defined by implementations","May be used to represent additional information that is not part of the basic definition of the element. In order to make the use of extensions safe and manageable, there is a strict set of governance  applied to the definition and use of extensions. Though any implementer is allowed to define an extension, there is a set of requirements that SHALL be met as part of the definition of the extension.","There can be no stigma associated with the use of extensions by any application, project, or standard - regardless of the institution or jurisdiction that uses or defines the extensions.  The use of extensions is what allows the FHIR specification to retain a core level of simplicity for everyone.","","","","","","","","",,,,,"","value:url}
","Extensions are always sliced by (at least) url",,"open","Element.extension",0,*,"","","n/a"
"Bundle.meta.versionId","Bundle.meta.versionId","","","",0,1,"","","Y","id {[]} {[]}
","Version specific identifier","The version specific identifier, as it appears in the version portion of the URL. This values changes when the resource is created, updated, or deleted.","The server assigns this value, and ignores what the client specifies, except in the case that the server is imposing version integrity on updates/deletes.","","","","","","","","",,,,,"",,,,"Meta.versionId",0,1,"",""
"Bundle.meta.lastUpdated","Bundle.meta.lastUpdated","","","",0,1,"","","Y","instant {[]} {[]}
","When the resource version last changed","When the resource last changed - e.g. when the version changed.","This value is always populated except when the resource is first being created. The server / resource manager sets this value; what a client provides is irrelevant.","","","","","","","","",,,,,"",,,,"Meta.lastUpdated",0,1,"",""
"Bundle.meta.profile","Bundle.meta.profile","","","",0,*,"","","Y","uri {[]} {[]}
","Deve ser indicada a versão da especificação FHIR a que a mensagem corresponde","A list of profiles (references to [StructureDefinition](http://hl7.org/fhir/STU3/structuredefinition.html#) resources) that this resource claims to conform to. The URL is a reference to [StructureDefinition.url]().","It is up to the server and/or other infrastructure of policy to determine whether/how these claims are verified and/or updated over time.  The list of profile URLs is a set.","","","","","","","","",,,,,"",,,,"Meta.profile",0,*,"",""
"Bundle.meta.security","Bundle.meta.security","","","",0,*,"","","Y","Coding {[]} {[]}
","Security Labels applied to this resource","Security labels applied to this resource. These tags connect specific resources to the overall security policy and infrastructure.","The security labels can be updated without changing the stated version of the resource  The list of security labels is a set. Uniqueness is based the system/code, and version and display are ignored.","","","","","","","","",,"extensible","Security Labels from the Healthcare Privacy and Security Classification System.","http://hl7.org/fhir/ValueSet/security-labels","",,,,"Meta.security",0,*,"",""
"Bundle.meta.tag","Bundle.meta.tag","","","",0,*,"","","Y","Coding {[]} {[]}
","Tags applied to this resource","Tags applied to this resource. Tags are intended to be used to identify and relate resources to process and workflow, and applications are not required to consider the tags when interpreting the meaning of a resource.","The tags can be updated without changing the stated version of the resource.  The list of tags is a set. Uniqueness is based the system/code, and version and display are ignored.","","","","","","","","",,"example","Codes that represent various types of tags, commonly workflow-related; e.g. ""Needs review by Dr. Jones""","http://hl7.org/fhir/ValueSet/common-tags","",,,,"Meta.tag",0,*,"",""
"Bundle.implicitRules","Bundle.implicitRules","","","",0,1,"","Y","Y","uri {[]} {[]}
","A set of rules under which this content was created","A reference to a set of rules that were followed when the resource was constructed, and which must be understood when processing the content.","Asserting this rule set restricts the content to be only understood by a limited set of trading partners. This inherently limits the usefulness of the data in the long term. However, the existing health eco-system is highly fractured, and not yet ready to define, collect, and exchange data in a generally computable sense. Wherever possible, implementers and/or specification writers should avoid using this element. 

This element is labelled as a modifier because the implicit rules may provide additional knowledge about the resource that modifies it's meaning or interpretation.","","","","","","","","",,,,,"",,,,"Resource.implicitRules",0,1,"",""
"Bundle.language","Bundle.language","","","",0,1,"","","","code {[]} {[]}
","Language of the resource content","The base language in which the resource is written.","Language is provided to support indexing and accessibility (typically, services such as text to speech use the language tag). The html language tag in the narrative applies  to the narrative. The language tag on the resource may be used to specify the language of other presentations generated from the data in the resource  Not all the content has to be in the base language. The Resource.language should not be assumed to apply to the narrative automatically. If a language is specified, it should it also be specified on the div element in the html (see rules in HTML5 for information about the relationship between xml:lang and the html lang attribute).","","","","","","","","",,"extensible","A human language.","http://hl7.org/fhir/ValueSet/languages","",,,,"Resource.language",0,1,"",""
"Bundle.identifier","Bundle.identifier","","","",0,1,"","","Y","Identifier {[]} {[]}
","Persistent identifier for the bundle","A persistent identifier for the batch that won't change as a batch is copied from server to server.","Persistent identity generally only matters for batches of type Document, Message, and Collection. It would not normally be populated for search and history results, and servers ignore Bundle.identifier when processing batches and transactions. For Documents  the .identifier SHALL be populated such that the .identifier is globally unique.","","","","","","","","",,,,,"",,,,"Bundle.identifier",0,1,"","","id","id"
"Bundle.type","Bundle.type","","","",1,1,"","","Y","code {[]} {[]}
","document | message | transaction | transaction-response | batch | batch-response | history | searchset | collection","Indicates the purpose of this bundle - how it was intended to be used.","It's possible to use a bundle for other purposes (e.g. a document can be accepted as a transaction). This is primarily defined so that there can be specific rules for some of the bundle types.","","","","","<valueCode xmlns=""http://hl7.org/fhir"" value=""message""/>","","","",,"required","Indicates the purpose of a bundle - how it was intended to be used.","http://hl7.org/fhir/ValueSet/bundle-type","",,,,"Bundle.type",1,1,"","","class","class"
"Bundle.total","Bundle.total","","","",0,1,"","","Y","unsignedInt {[]} {[]}
","If search, the total number of matches","If a set of search matches, this is the total number of matches for the search (as opposed to the number of results in this bundle).","Only used if the bundle is a search result set. The total does not include resources such as OperationOutcome and included resources, only the total number of matching resources.","","","","","","","","",,,,,"",,,,"Bundle.total",0,1,"bdl-1
",""
"Bundle.link","Bundle.link","","","",0,*,"","","Y","BackboneElement {[]} {[]}
","Links related to this Bundle","A series of links that provide context to this bundle.","","","","","","","","","",,,,,"",,,,"Bundle.link",0,*,"","ele-1:All FHIR elements must have a @value or children {hasValue() | (children().count() > id.count())}
"
"Bundle.link.id","Bundle.link.id","","","",0,1,"","","","string {[]} {[]}
","xml:id (or equivalent in JSON)","unique id for the element within a resource (for internal references). This may be any string value that does not contain spaces.","","","","","","","","","",,,,,"",,,,"Element.id",0,1,"","","n/a"
"Bundle.link.extension","Bundle.link.extension","","extensions
user content","",0,*,"","","","Extension {[]} {[]}
","Additional Content defined by implementations","May be used to represent additional information that is not part of the basic definition of the element. In order to make the use of extensions safe and manageable, there is a strict set of governance  applied to the definition and use of extensions. Though any implementer is allowed to define an extension, there is a set of requirements that SHALL be met as part of the definition of the extension.","There can be no stigma associated with the use of extensions by any application, project, or standard - regardless of the institution or jurisdiction that uses or defines the extensions.  The use of extensions is what allows the FHIR specification to retain a core level of simplicity for everyone.","","","","","","","","",,,,,"",,,,"Element.extension",0,*,"","","n/a"
"Bundle.link.modifierExtension","Bundle.link.modifierExtension","","extensions
user contentmodifiers","",0,*,"","Y","Y","Extension {[]} {[]}
","Extensions that cannot be ignored","May be used to represent additional information that is not part of the basic definition of the element, and that modifies the understanding of the element that contains it. Usually modifier elements provide negation or qualification. In order to make the use of extensions safe and manageable, there is a strict set of governance applied to the definition and use of extensions. Though any implementer is allowed to define an extension, there is a set of requirements that SHALL be met as part of the definition of the extension. Applications processing a resource are required to check for modifier extensions.","There can be no stigma associated with the use of extensions by any application, project, or standard - regardless of the institution or jurisdiction that uses or defines the extensions.  The use of extensions is what allows the FHIR specification to retain a core level of simplicity for everyone.","","","","","","","","",,,,,"",,,,"BackboneElement.modifierExtension",0,*,"","","N/A"
"Bundle.link.relation","Bundle.link.relation","","","",1,1,"","","Y","string {[]} {[]}
","See http://www.iana.org/assignments/link-relations/link-relations.xhtml#link-relations-1","A name which details the functional use for this link - see [http://www.iana.org/assignments/link-relations/link-relations.xhtml#link-relations-1](http://www.iana.org/assignments/link-relations/link-relations.xhtml#link-relations-1).","","","","","","","","","",,,,,"",,,,"Bundle.link.relation",1,1,"",""
"Bundle.link.url","Bundle.link.url","","","",1,1,"","","Y","uri {[]} {[]}
","Reference details for the link","The reference details for the link.","","","","","","","","","",,,,,"",,,,"Bundle.link.url",1,1,"",""
"Bundle.entry","Bundle.entry","","","",3,*,"Y","","Y","BackboneElement {[]} {[]}
","Deverá existir obrigatoriamente uma entrada para cada um dos seguintes recursos, e pela ordem indicada: MessageHeader, RequestGroup.","An entry in a bundle resource - will either contain a resource, or information about a resource (transactions and history only).","","","","","","","","","",,,,,"","value:name}
","",,"open","Bundle.entry",0,*,"","ele-1:All FHIR elements must have a @value or children {hasValue() | (children().count() > id.count())}
bdl-8:fullUrl cannot be a version specific reference {fullUrl.contains('/_history/').not()}bdl-5:must be a resource unless there's a request or response {resource.exists() or request.exists() or response.exists()}"
"Bundle.entry.id","Bundle.entry.id","","","",0,1,"","","","string {[]} {[]}
","xml:id (or equivalent in JSON)","unique id for the element within a resource (for internal references). This may be any string value that does not contain spaces.","","","","","","","","","",,,,,"",,,,"Element.id",0,1,"","","n/a"
"Bundle.entry.extension","Bundle.entry.extension","","extensions
user content","",0,*,"","","","Extension {[]} {[]}
","Additional Content defined by implementations","May be used to represent additional information that is not part of the basic definition of the element. In order to make the use of extensions safe and manageable, there is a strict set of governance  applied to the definition and use of extensions. Though any implementer is allowed to define an extension, there is a set of requirements that SHALL be met as part of the definition of the extension.","There can be no stigma associated with the use of extensions by any application, project, or standard - regardless of the institution or jurisdiction that uses or defines the extensions.  The use of extensions is what allows the FHIR specification to retain a core level of simplicity for everyone.","","","","","","","","",,,,,"",,,,"Element.extension",0,*,"","","n/a"
"Bundle.entry.modifierExtension","Bundle.entry.modifierExtension","","extensions
user contentmodifiers","",0,*,"","Y","Y","Extension {[]} {[]}
","Extensions that cannot be ignored","May be used to represent additional information that is not part of the basic definition of the element, and that modifies the understanding of the element that contains it. Usually modifier elements provide negation or qualification. In order to make the use of extensions safe and manageable, there is a strict set of governance applied to the definition and use of extensions. Though any implementer is allowed to define an extension, there is a set of requirements that SHALL be met as part of the definition of the extension. Applications processing a resource are required to check for modifier extensions.","There can be no stigma associated with the use of extensions by any application, project, or standard - regardless of the institution or jurisdiction that uses or defines the extensions.  The use of extensions is what allows the FHIR specification to retain a core level of simplicity for everyone.","","","","","","","","",,,,,"",,,,"BackboneElement.modifierExtension",0,*,"","","N/A"
"Bundle.entry.link","Bundle.entry.link","","","",0,*,"","","Y","null {[]} {[]}
","Links related to this entry","A series of links that provide context to this entry.","","","","","","","","","",,,,,"",,,,"Bundle.entry.link",0,*,"",""
"Bundle.entry.fullUrl","Bundle.entry.fullUrl","","","",0,1,"","","Y","uri {[]} {[]}
","Absolute URL for resource (server address, or UUID/OID)","The Absolute URL for the resource.  The fullUrl SHALL not disagree with the id in the resource. The fullUrl is a version independent reference to the resource. The fullUrl element SHALL have a value except that: 
* fullUrl can be empty on a POST (although it does not need to when specifying a temporary id for reference in the bundle)
* Results from operations might involve resources that are not identified.","fullUrl may not be [unique in the context of a resource](http://hl7.org/fhir/STU3/bundle.html#bundle-unique). Note that since [FHIR resources do not need to be served through the FHIR API](http://hl7.org/fhir/STU3/references.html), the absolute URL may not end with the logical id of the resource (Resource.id), but if the fullUrl does look like a RESTful server URL (e.g. meets the [regex](http://hl7.org/fhir/STU3/references.html#regex), then it SHALL end with the Resource.id.","","","","","","","","",,,,,"",,,,"Bundle.entry.fullUrl",0,1,"",""
"Bundle.entry.resource","Bundle.entry.resource","","","",0,1,"","","Y","Resource {[]} {[]}
","A resource in the bundle","The Resources for the entry.","","","","","","","","","",,,,,"",,,,"Bundle.entry.resource",0,1,"",""
"Bundle.entry.search","Bundle.entry.search","","","",0,1,"","","Y","BackboneElement {[]} {[]}
","Search related information","Information about the search process that lead to the creation of this entry.","","","","","","","","","",,,,,"",,,,"Bundle.entry.search",0,1,"bdl-2
","ele-1:All FHIR elements must have a @value or children {hasValue() | (children().count() > id.count())}
"
"Bundle.entry.search.id","Bundle.entry.search.id","","","",0,1,"","","","string {[]} {[]}
","xml:id (or equivalent in JSON)","unique id for the element within a resource (for internal references). This may be any string value that does not contain spaces.","","","","","","","","","",,,,,"",,,,"Element.id",0,1,"","","n/a"
"Bundle.entry.search.extension","Bundle.entry.search.extension","","extensions
user content","",0,*,"","","","Extension {[]} {[]}
","Additional Content defined by implementations","May be used to represent additional information that is not part of the basic definition of the element. In order to make the use of extensions safe and manageable, there is a strict set of governance  applied to the definition and use of extensions. Though any implementer is allowed to define an extension, there is a set of requirements that SHALL be met as part of the definition of the extension.","There can be no stigma associated with the use of extensions by any application, project, or standard - regardless of the institution or jurisdiction that uses or defines the extensions.  The use of extensions is what allows the FHIR specification to retain a core level of simplicity for everyone.","","","","","","","","",,,,,"",,,,"Element.extension",0,*,"","","n/a"
"Bundle.entry.search.modifierExtension","Bundle.entry.search.modifierExtension","","extensions
user contentmodifiers","",0,*,"","Y","Y","Extension {[]} {[]}
","Extensions that cannot be ignored","May be used to represent additional information that is not part of the basic definition of the element, and that modifies the understanding of the element that contains it. Usually modifier elements provide negation or qualification. In order to make the use of extensions safe and manageable, there is a strict set of governance applied to the definition and use of extensions. Though any implementer is allowed to define an extension, there is a set of requirements that SHALL be met as part of the definition of the extension. Applications processing a resource are required to check for modifier extensions.","There can be no stigma associated with the use of extensions by any application, project, or standard - regardless of the institution or jurisdiction that uses or defines the extensions.  The use of extensions is what allows the FHIR specification to retain a core level of simplicity for everyone.","","","","","","","","",,,,,"",,,,"BackboneElement.modifierExtension",0,*,"","","N/A"
"Bundle.entry.search.mode","Bundle.entry.search.mode","","","",0,1,"","","Y","code {[]} {[]}
","match | include | outcome - why this is in the result set","Why this entry is in the result set - whether it's included as a match or because of an _include requirement.","There is only one mode. In some corner cases, a resource may be included because it is both a match and an include. In these circumstances, 'match' takes precedence.","","","","","","","","",,"required","Why an entry is in the result set - whether it's included as a match or because of an _include requirement.","http://hl7.org/fhir/ValueSet/search-entry-mode","",,,,"Bundle.entry.search.mode",0,1,"",""
"Bundle.entry.search.score","Bundle.entry.search.score","","","",0,1,"","","Y","decimal {[]} {[]}
","Search ranking (between 0 and 1)","When searching, the server's search ranking score for the entry.","Servers are not required to return a ranking score. 1 is most relevant, and 0 is least relevant. Often, search results are sorted by score, but the client may specify a different sort order.","","","","","","","","",,,,,"",,,,"Bundle.entry.search.score",0,1,"",""
"Bundle.entry.request","Bundle.entry.request","","","",0,1,"","","Y","BackboneElement {[]} {[]}
","Transaction Related Information","Additional information about how this entry should be processed as part of a transaction.","","","","","","","","","",,,,,"",,,,"Bundle.entry.request",0,1,"bdl-3
","ele-1:All FHIR elements must have a @value or children {hasValue() | (children().count() > id.count())}
"
"Bundle.entry.request.id","Bundle.entry.request.id","","","",0,1,"","","","string {[]} {[]}
","xml:id (or equivalent in JSON)","unique id for the element within a resource (for internal references). This may be any string value that does not contain spaces.","","","","","","","","","",,,,,"",,,,"Element.id",0,1,"","","n/a"
"Bundle.entry.request.extension","Bundle.entry.request.extension","","extensions
user content","",0,*,"","","","Extension {[]} {[]}
","Additional Content defined by implementations","May be used to represent additional information that is not part of the basic definition of the element. In order to make the use of extensions safe and manageable, there is a strict set of governance  applied to the definition and use of extensions. Though any implementer is allowed to define an extension, there is a set of requirements that SHALL be met as part of the definition of the extension.","There can be no stigma associated with the use of extensions by any application, project, or standard - regardless of the institution or jurisdiction that uses or defines the extensions.  The use of extensions is what allows the FHIR specification to retain a core level of simplicity for everyone.","","","","","","","","",,,,,"",,,,"Element.extension",0,*,"","","n/a"
"Bundle.entry.request.modifierExtension","Bundle.entry.request.modifierExtension","","extensions
user contentmodifiers","",0,*,"","Y","Y","Extension {[]} {[]}
","Extensions that cannot be ignored","May be used to represent additional information that is not part of the basic definition of the element, and that modifies the understanding of the element that contains it. Usually modifier elements provide negation or qualification. In order to make the use of extensions safe and manageable, there is a strict set of governance applied to the definition and use of extensions. Though any implementer is allowed to define an extension, there is a set of requirements that SHALL be met as part of the definition of the extension. Applications processing a resource are required to check for modifier extensions.","There can be no stigma associated with the use of extensions by any application, project, or standard - regardless of the institution or jurisdiction that uses or defines the extensions.  The use of extensions is what allows the FHIR specification to retain a core level of simplicity for everyone.","","","","","","","","",,,,,"",,,,"BackboneElement.modifierExtension",0,*,"","","N/A"
"Bundle.entry.request.method","Bundle.entry.request.method","","","",1,1,"","","Y","code {[]} {[]}
","GET | POST | PUT | DELETE","The HTTP verb for this entry in either a change history, or a transaction/ transaction response.","","","","","","","","","",,"required","HTTP verbs (in the HTTP command line).","http://hl7.org/fhir/ValueSet/http-verb","",,,,"Bundle.entry.request.method",1,1,"",""
"Bundle.entry.request.url","Bundle.entry.request.url","","","",1,1,"","","Y","uri {[]} {[]}
","URL for HTTP equivalent of this entry","The URL for this entry, relative to the root (the address to which the request is posted).","E.g. for a Patient Create, the method would be ""POST"" and the URL would be ""Patient"". For a Patient Update, the method would be PUT, and the URL would be ""Patient/[id]"".","","","","","","","","",,,,,"",,,,"Bundle.entry.request.url",1,1,"",""
"Bundle.entry.request.ifNoneMatch","Bundle.entry.request.ifNoneMatch","","","",0,1,"","","Y","string {[]} {[]}
","For managing cache currency","If the ETag values match, return a 304 Not Modified status. See the API documentation for [""Conditional Read""](http://hl7.org/fhir/STU3/http.html#cread).","","","","","","","","","",,,,,"",,,,"Bundle.entry.request.ifNoneMatch",0,1,"",""
"Bundle.entry.request.ifModifiedSince","Bundle.entry.request.ifModifiedSince","","","",0,1,"","","Y","instant {[]} {[]}
","For managing update contention","Only perform the operation if the last updated date matches. See the API documentation for [""Conditional Read""](http://hl7.org/fhir/STU3/http.html#cread).","","","","","","","","","",,,,,"",,,,"Bundle.entry.request.ifModifiedSince",0,1,"",""
"Bundle.entry.request.ifMatch","Bundle.entry.request.ifMatch","","","",0,1,"","","Y","string {[]} {[]}
","For managing update contention","Only perform the operation if the Etag value matches. For more information, see the API section [""Managing Resource Contention""](http://hl7.org/fhir/STU3/http.html#concurrency).","","","","","","","","","",,,,,"",,,,"Bundle.entry.request.ifMatch",0,1,"",""
"Bundle.entry.request.ifNoneExist","Bundle.entry.request.ifNoneExist","","","",0,1,"","","Y","string {[]} {[]}
","For conditional creates","Instruct the server not to perform the create if a specified resource already exists. For further information, see the API documentation for [""Conditional Create""](http://hl7.org/fhir/STU3/http.html#ccreate). This is just the query portion of the URL - what follows the ""?"" (not including the ""?"").","","","","","","","","","",,,,,"",,,,"Bundle.entry.request.ifNoneExist",0,1,"",""
"Bundle.entry.response","Bundle.entry.response","","","",0,1,"","","Y","BackboneElement {[]} {[]}
","Transaction Related Information","Additional information about how this entry should be processed as part of a transaction.","","","","","","","","","",,,,,"",,,,"Bundle.entry.response",0,1,"bdl-4
","ele-1:All FHIR elements must have a @value or children {hasValue() | (children().count() > id.count())}
"
"Bundle.entry.response.id","Bundle.entry.response.id","","","",0,1,"","","","string {[]} {[]}
","xml:id (or equivalent in JSON)","unique id for the element within a resource (for internal references). This may be any string value that does not contain spaces.","","","","","","","","","",,,,,"",,,,"Element.id",0,1,"","","n/a"
"Bundle.entry.response.extension","Bundle.entry.response.extension","","extensions
user content","",0,*,"","","","Extension {[]} {[]}
","Additional Content defined by implementations","May be used to represent additional information that is not part of the basic definition of the element. In order to make the use of extensions safe and manageable, there is a strict set of governance  applied to the definition and use of extensions. Though any implementer is allowed to define an extension, there is a set of requirements that SHALL be met as part of the definition of the extension.","There can be no stigma associated with the use of extensions by any application, project, or standard - regardless of the institution or jurisdiction that uses or defines the extensions.  The use of extensions is what allows the FHIR specification to retain a core level of simplicity for everyone.","","","","","","","","",,,,,"",,,,"Element.extension",0,*,"","","n/a"
"Bundle.entry.response.modifierExtension","Bundle.entry.response.modifierExtension","","extensions
user contentmodifiers","",0,*,"","Y","Y","Extension {[]} {[]}
","Extensions that cannot be ignored","May be used to represent additional information that is not part of the basic definition of the element, and that modifies the understanding of the element that contains it. Usually modifier elements provide negation or qualification. In order to make the use of extensions safe and manageable, there is a strict set of governance applied to the definition and use of extensions. Though any implementer is allowed to define an extension, there is a set of requirements that SHALL be met as part of the definition of the extension. Applications processing a resource are required to check for modifier extensions.","There can be no stigma associated with the use of extensions by any application, project, or standard - regardless of the institution or jurisdiction that uses or defines the extensions.  The use of extensions is what allows the FHIR specification to retain a core level of simplicity for everyone.","","","","","","","","",,,,,"",,,,"BackboneElement.modifierExtension",0,*,"","","N/A"
"Bundle.entry.response.status","Bundle.entry.response.status","","","",1,1,"","","Y","string {[]} {[]}
","Status response code (text optional)","The status code returned by processing this entry. The status SHALL start with a 3 digit HTTP code (e.g. 404) and may contain the standard HTTP description associated with the status code.","","","","","","","","","",,,,,"",,,,"Bundle.entry.response.status",1,1,"",""
"Bundle.entry.response.location","Bundle.entry.response.location","","","",0,1,"","","Y","uri {[]} {[]}
","The location, if the operation returns a location","The location header created by processing this operation.","","","","","","","","","",,,,,"",,,,"Bundle.entry.response.location",0,1,"",""
"Bundle.entry.response.etag","Bundle.entry.response.etag","","","",0,1,"","","Y","string {[]} {[]}
","The etag for the resource (if relevant)","The etag for the resource, it the operation for the entry produced a versioned resource (see [Resource Metadata and Versioning](http://hl7.org/fhir/STU3/http.html#versioning) and [Managing Resource Contention](http://hl7.org/fhir/STU3/http.html#concurrency)).","Etags match the Resource.meta.versionId. The ETag has to match the version id in the header if a resource is included.","","","","","","","","",,,,,"",,,,"Bundle.entry.response.etag",0,1,"",""
"Bundle.entry.response.lastModified","Bundle.entry.response.lastModified","","","",0,1,"","","Y","instant {[]} {[]}
","Server's date time modified","The date/time that the resource was modified on the server.","This has to match the same time in the meta header if a resource is included.","","","","","","","","",,,,,"",,,,"Bundle.entry.response.lastModified",0,1,"",""
"Bundle.entry.response.outcome","Bundle.entry.response.outcome","","","",0,1,"","","Y","Resource {[]} {[]}
","OperationOutcome with hints and warnings (for batch/transaction)","An OperationOutcome containing hints and warnings produced as part of processing this entry in a batch or transaction.","For a POST/PUT operation, this is the equivalent outcome that would be returned for prefer = operationoutcome - except that the resource is always returned whether or not the outcome is returned.","","","","","","","","",,,,,"",,,,"Bundle.entry.response.outcome",0,1,"",""
"Bundle.entry:messageheader","Bundle.entry","messageheader","","",1,1,"Y","","Y","BackboneElement {[]} {[]}
","Entry in the bundle - will have a resource, or information","An entry in a bundle resource - will either contain a resource, or information about a resource (transactions and history only).","","","","","","","","","",,,,,"",,,,"Bundle.entry",0,*,"","ele-1:All FHIR elements must have a @value or children {hasValue() | (children().count() > id.count())}
bdl-8:fullUrl cannot be a version specific reference {fullUrl.contains('/_history/').not()}bdl-5:must be a resource unless there's a request or response {resource.exists() or request.exists() or response.exists()}"
"Bundle.entry:messageheader.id","Bundle.entry.id","","","",0,1,"","","","string {[]} {[]}
","xml:id (or equivalent in JSON)","unique id for the element within a resource (for internal references). This may be any string value that does not contain spaces.","","","","","","","","","",,,,,"",,,,"Element.id",0,1,"","","n/a"
"Bundle.entry:messageheader.extension","Bundle.entry.extension","","extensions
user content","",0,*,"","","","Extension {[]} {[]}
","Additional Content defined by implementations","May be used to represent additional information that is not part of the basic definition of the element. In order to make the use of extensions safe and manageable, there is a strict set of governance  applied to the definition and use of extensions. Though any implementer is allowed to define an extension, there is a set of requirements that SHALL be met as part of the definition of the extension.","There can be no stigma associated with the use of extensions by any application, project, or standard - regardless of the institution or jurisdiction that uses or defines the extensions.  The use of extensions is what allows the FHIR specification to retain a core level of simplicity for everyone.","","","","","","","","",,,,,"",,,,"Element.extension",0,*,"","","n/a"
"Bundle.entry:messageheader.modifierExtension","Bundle.entry.modifierExtension","","extensions
user contentmodifiers","",0,*,"","Y","Y","Extension {[]} {[]}
","Extensions that cannot be ignored","May be used to represent additional information that is not part of the basic definition of the element, and that modifies the understanding of the element that contains it. Usually modifier elements provide negation or qualification. In order to make the use of extensions safe and manageable, there is a strict set of governance applied to the definition and use of extensions. Though any implementer is allowed to define an extension, there is a set of requirements that SHALL be met as part of the definition of the extension. Applications processing a resource are required to check for modifier extensions.","There can be no stigma associated with the use of extensions by any application, project, or standard - regardless of the institution or jurisdiction that uses or defines the extensions.  The use of extensions is what allows the FHIR specification to retain a core level of simplicity for everyone.","","","","","","","","",,,,,"",,,,"BackboneElement.modifierExtension",0,*,"","","N/A"
"Bundle.entry:messageheader.link","Bundle.entry.link","","","",0,*,"","","Y","null {[]} {[]}
","Links related to this entry","A series of links that provide context to this entry.","","","","","","","","","",,,,,"",,,,"Bundle.entry.link",0,*,"",""
"Bundle.entry:messageheader.fullUrl","Bundle.entry.fullUrl","","","",0,1,"","","Y","uri {[]} {[]}
","Absolute URL for resource (server address, or UUID/OID)","The Absolute URL for the resource.  The fullUrl SHALL not disagree with the id in the resource. The fullUrl is a version independent reference to the resource. The fullUrl element SHALL have a value except that: 
* fullUrl can be empty on a POST (although it does not need to when specifying a temporary id for reference in the bundle)
* Results from operations might involve resources that are not identified.","fullUrl may not be [unique in the context of a resource](http://hl7.org/fhir/STU3/bundle.html#bundle-unique). Note that since [FHIR resources do not need to be served through the FHIR API](http://hl7.org/fhir/STU3/references.html), the absolute URL may not end with the logical id of the resource (Resource.id), but if the fullUrl does look like a RESTful server URL (e.g. meets the [regex](http://hl7.org/fhir/STU3/references.html#regex), then it SHALL end with the Resource.id.","","","","","","","","",,,,,"",,,,"Bundle.entry.fullUrl",0,1,"",""
"Bundle.entry:messageheader.resource","Bundle.entry.resource","","","",0,1,"","","","MessageHeader {[CanonicalType[http://example.com/fhir/example/StructureDefinition/msh-profile]]} {[]}
","A resource that describes a message that is exchanged between systems","The header for a message exchange that is either requesting or responding to an action.  The reference(s) that are the subject of the action as well as other information related to the action are typically transmitted in a bundle in which the MessageHeader resource instance is the first resource in the bundle.","","","","","","","","","",,,,,"",,,,"Bundle.entry.resource",0,1,"","dom-2:If the resource is contained in another resource, it SHALL NOT contain nested Resources {contained.contained.empty()}
dom-1:If the resource is contained in another resource, it SHALL NOT contain any narrative {contained.text.empty()}dom-4:If a resource is contained in another resource, it SHALL NOT have a meta.versionId or a meta.lastUpdated {contained.meta.versionId.empty() and contained.meta.lastUpdated.empty()}dom-3:If the resource is contained in another resource, it SHALL be referred to from elsewhere in the resource {contained.where(('#'+id in %resource.descendants().reference).not()).empty()}","MSH / MSA / ERR","Entity. Role, or Act","Message","infrastructure.exchange","infrastructure.exchange"
"Bundle.entry:messageheader.search","Bundle.entry.search","","","",0,1,"","","Y","BackboneElement {[]} {[]}
","Search related information","Information about the search process that lead to the creation of this entry.","","","","","","","","","",,,,,"",,,,"Bundle.entry.search",0,1,"bdl-2
","ele-1:All FHIR elements must have a @value or children {hasValue() | (children().count() > id.count())}
"
"Bundle.entry:messageheader.search.id","Bundle.entry.search.id","","","",0,1,"","","","string {[]} {[]}
","xml:id (or equivalent in JSON)","unique id for the element within a resource (for internal references). This may be any string value that does not contain spaces.","","","","","","","","","",,,,,"",,,,"Element.id",0,1,"","","n/a"
"Bundle.entry:messageheader.search.extension","Bundle.entry.search.extension","","extensions
user content","",0,*,"","","","Extension {[]} {[]}
","Additional Content defined by implementations","May be used to represent additional information that is not part of the basic definition of the element. In order to make the use of extensions safe and manageable, there is a strict set of governance  applied to the definition and use of extensions. Though any implementer is allowed to define an extension, there is a set of requirements that SHALL be met as part of the definition of the extension.","There can be no stigma associated with the use of extensions by any application, project, or standard - regardless of the institution or jurisdiction that uses or defines the extensions.  The use of extensions is what allows the FHIR specification to retain a core level of simplicity for everyone.","","","","","","","","",,,,,"",,,,"Element.extension",0,*,"","","n/a"
"Bundle.entry:messageheader.search.modifierExtension","Bundle.entry.search.modifierExtension","","extensions
user contentmodifiers","",0,*,"","Y","Y","Extension {[]} {[]}
","Extensions that cannot be ignored","May be used to represent additional information that is not part of the basic definition of the element, and that modifies the understanding of the element that contains it. Usually modifier elements provide negation or qualification. In order to make the use of extensions safe and manageable, there is a strict set of governance applied to the definition and use of extensions. Though any implementer is allowed to define an extension, there is a set of requirements that SHALL be met as part of the definition of the extension. Applications processing a resource are required to check for modifier extensions.","There can be no stigma associated with the use of extensions by any application, project, or standard - regardless of the institution or jurisdiction that uses or defines the extensions.  The use of extensions is what allows the FHIR specification to retain a core level of simplicity for everyone.","","","","","","","","",,,,,"",,,,"BackboneElement.modifierExtension",0,*,"","","N/A"
"Bundle.entry:messageheader.search.mode","Bundle.entry.search.mode","","","",0,1,"","","Y","code {[]} {[]}
","match | include | outcome - why this is in the result set","Why this entry is in the result set - whether it's included as a match or because of an _include requirement.","There is only one mode. In some corner cases, a resource may be included because it is both a match and an include. In these circumstances, 'match' takes precedence.","","","","","","","","",,"required","Why an entry is in the result set - whether it's included as a match or because of an _include requirement.","http://hl7.org/fhir/ValueSet/search-entry-mode","",,,,"Bundle.entry.search.mode",0,1,"",""
"Bundle.entry:messageheader.search.score","Bundle.entry.search.score","","","",0,1,"","","Y","decimal {[]} {[]}
","Search ranking (between 0 and 1)","When searching, the server's search ranking score for the entry.","Servers are not required to return a ranking score. 1 is most relevant, and 0 is least relevant. Often, search results are sorted by score, but the client may specify a different sort order.","","","","","","","","",,,,,"",,,,"Bundle.entry.search.score",0,1,"",""
"Bundle.entry:messageheader.request","Bundle.entry.request","","","",0,1,"","","Y","BackboneElement {[]} {[]}
","Transaction Related Information","Additional information about how this entry should be processed as part of a transaction.","","","","","","","","","",,,,,"",,,,"Bundle.entry.request",0,1,"bdl-3
","ele-1:All FHIR elements must have a @value or children {hasValue() | (children().count() > id.count())}
"
"Bundle.entry:messageheader.request.id","Bundle.entry.request.id","","","",0,1,"","","","string {[]} {[]}
","xml:id (or equivalent in JSON)","unique id for the element within a resource (for internal references). This may be any string value that does not contain spaces.","","","","","","","","","",,,,,"",,,,"Element.id",0,1,"","","n/a"
"Bundle.entry:messageheader.request.extension","Bundle.entry.request.extension","","extensions
user content","",0,*,"","","","Extension {[]} {[]}
","Additional Content defined by implementations","May be used to represent additional information that is not part of the basic definition of the element. In order to make the use of extensions safe and manageable, there is a strict set of governance  applied to the definition and use of extensions. Though any implementer is allowed to define an extension, there is a set of requirements that SHALL be met as part of the definition of the extension.","There can be no stigma associated with the use of extensions by any application, project, or standard - regardless of the institution or jurisdiction that uses or defines the extensions.  The use of extensions is what allows the FHIR specification to retain a core level of simplicity for everyone.","","","","","","","","",,,,,"",,,,"Element.extension",0,*,"","","n/a"
"Bundle.entry:messageheader.request.modifierExtension","Bundle.entry.request.modifierExtension","","extensions
user contentmodifiers","",0,*,"","Y","Y","Extension {[]} {[]}
","Extensions that cannot be ignored","May be used to represent additional information that is not part of the basic definition of the element, and that modifies the understanding of the element that contains it. Usually modifier elements provide negation or qualification. In order to make the use of extensions safe and manageable, there is a strict set of governance applied to the definition and use of extensions. Though any implementer is allowed to define an extension, there is a set of requirements that SHALL be met as part of the definition of the extension. Applications processing a resource are required to check for modifier extensions.","There can be no stigma associated with the use of extensions by any application, project, or standard - regardless of the institution or jurisdiction that uses or defines the extensions.  The use of extensions is what allows the FHIR specification to retain a core level of simplicity for everyone.","","","","","","","","",,,,,"",,,,"BackboneElement.modifierExtension",0,*,"","","N/A"
"Bundle.entry:messageheader.request.method","Bundle.entry.request.method","","","",1,1,"","","Y","code {[]} {[]}
","GET | POST | PUT | DELETE","The HTTP verb for this entry in either a change history, or a transaction/ transaction response.","","","","","","","","","",,"required","HTTP verbs (in the HTTP command line).","http://hl7.org/fhir/ValueSet/http-verb","",,,,"Bundle.entry.request.method",1,1,"",""
"Bundle.entry:messageheader.request.url","Bundle.entry.request.url","","","",1,1,"","","Y","uri {[]} {[]}
","URL for HTTP equivalent of this entry","The URL for this entry, relative to the root (the address to which the request is posted).","E.g. for a Patient Create, the method would be ""POST"" and the URL would be ""Patient"". For a Patient Update, the method would be PUT, and the URL would be ""Patient/[id]"".","","","","","","","","",,,,,"",,,,"Bundle.entry.request.url",1,1,"",""
"Bundle.entry:messageheader.request.ifNoneMatch","Bundle.entry.request.ifNoneMatch","","","",0,1,"","","Y","string {[]} {[]}
","For managing cache currency","If the ETag values match, return a 304 Not Modified status. See the API documentation for [""Conditional Read""](http://hl7.org/fhir/STU3/http.html#cread).","","","","","","","","","",,,,,"",,,,"Bundle.entry.request.ifNoneMatch",0,1,"",""
"Bundle.entry:messageheader.request.ifModifiedSince","Bundle.entry.request.ifModifiedSince","","","",0,1,"","","Y","instant {[]} {[]}
","For managing update contention","Only perform the operation if the last updated date matches. See the API documentation for [""Conditional Read""](http://hl7.org/fhir/STU3/http.html#cread).","","","","","","","","","",,,,,"",,,,"Bundle.entry.request.ifModifiedSince",0,1,"",""
"Bundle.entry:messageheader.request.ifMatch","Bundle.entry.request.ifMatch","","","",0,1,"","","Y","string {[]} {[]}
","For managing update contention","Only perform the operation if the Etag value matches. For more information, see the API section [""Managing Resource Contention""](http://hl7.org/fhir/STU3/http.html#concurrency).","","","","","","","","","",,,,,"",,,,"Bundle.entry.request.ifMatch",0,1,"",""
"Bundle.entry:messageheader.request.ifNoneExist","Bundle.entry.request.ifNoneExist","","","",0,1,"","","Y","string {[]} {[]}
","For conditional creates","Instruct the server not to perform the create if a specified resource already exists. For further information, see the API documentation for [""Conditional Create""](http://hl7.org/fhir/STU3/http.html#ccreate). This is just the query portion of the URL - what follows the ""?"" (not including the ""?"").","","","","","","","","","",,,,,"",,,,"Bundle.entry.request.ifNoneExist",0,1,"",""
"Bundle.entry:messageheader.response","Bundle.entry.response","","","",0,1,"","","Y","BackboneElement {[]} {[]}
","Transaction Related Information","Additional information about how this entry should be processed as part of a transaction.","","","","","","","","","",,,,,"",,,,"Bundle.entry.response",0,1,"bdl-4
","ele-1:All FHIR elements must have a @value or children {hasValue() | (children().count() > id.count())}
"
"Bundle.entry:messageheader.response.id","Bundle.entry.response.id","","","",0,1,"","","","string {[]} {[]}
","xml:id (or equivalent in JSON)","unique id for the element within a resource (for internal references). This may be any string value that does not contain spaces.","","","","","","","","","",,,,,"",,,,"Element.id",0,1,"","","n/a"
"Bundle.entry:messageheader.response.extension","Bundle.entry.response.extension","","extensions
user content","",0,*,"","","","Extension {[]} {[]}
","Additional Content defined by implementations","May be used to represent additional information that is not part of the basic definition of the element. In order to make the use of extensions safe and manageable, there is a strict set of governance  applied to the definition and use of extensions. Though any implementer is allowed to define an extension, there is a set of requirements that SHALL be met as part of the definition of the extension.","There can be no stigma associated with the use of extensions by any application, project, or standard - regardless of the institution or jurisdiction that uses or defines the extensions.  The use of extensions is what allows the FHIR specification to retain a core level of simplicity for everyone.","","","","","","","","",,,,,"",,,,"Element.extension",0,*,"","","n/a"
"Bundle.entry:messageheader.response.modifierExtension","Bundle.entry.response.modifierExtension","","extensions
user contentmodifiers","",0,*,"","Y","Y","Extension {[]} {[]}
","Extensions that cannot be ignored","May be used to represent additional information that is not part of the basic definition of the element, and that modifies the understanding of the element that contains it. Usually modifier elements provide negation or qualification. In order to make the use of extensions safe and manageable, there is a strict set of governance applied to the definition and use of extensions. Though any implementer is allowed to define an extension, there is a set of requirements that SHALL be met as part of the definition of the extension. Applications processing a resource are required to check for modifier extensions.","There can be no stigma associated with the use of extensions by any application, project, or standard - regardless of the institution or jurisdiction that uses or defines the extensions.  The use of extensions is what allows the FHIR specification to retain a core level of simplicity for everyone.","","","","","","","","",,,,,"",,,,"BackboneElement.modifierExtension",0,*,"","","N/A"
"Bundle.entry:messageheader.response.status","Bundle.entry.response.status","","","",1,1,"","","Y","string {[]} {[]}
","Status response code (text optional)","The status code returned by processing this entry. The status SHALL start with a 3 digit HTTP code (e.g. 404) and may contain the standard HTTP description associated with the status code.","","","","","","","","","",,,,,"",,,,"Bundle.entry.response.status",1,1,"",""
"Bundle.entry:messageheader.response.location","Bundle.entry.response.location","","","",0,1,"","","Y","uri {[]} {[]}
","The location, if the operation returns a location","The location header created by processing this operation.","","","","","","","","","",,,,,"",,,,"Bundle.entry.response.location",0,1,"",""
"Bundle.entry:messageheader.response.etag","Bundle.entry.response.etag","","","",0,1,"","","Y","string {[]} {[]}
","The etag for the resource (if relevant)","The etag for the resource, it the operation for the entry produced a versioned resource (see [Resource Metadata and Versioning](http://hl7.org/fhir/STU3/http.html#versioning) and [Managing Resource Contention](http://hl7.org/fhir/STU3/http.html#concurrency)).","Etags match the Resource.meta.versionId. The ETag has to match the version id in the header if a resource is included.","","","","","","","","",,,,,"",,,,"Bundle.entry.response.etag",0,1,"",""
"Bundle.entry:messageheader.response.lastModified","Bundle.entry.response.lastModified","","","",0,1,"","","Y","instant {[]} {[]}
","Server's date time modified","The date/time that the resource was modified on the server.","This has to match the same time in the meta header if a resource is included.","","","","","","","","",,,,,"",,,,"Bundle.entry.response.lastModified",0,1,"",""
"Bundle.entry:messageheader.response.outcome","Bundle.entry.response.outcome","","","",0,1,"","","Y","Resource {[]} {[]}
","OperationOutcome with hints and warnings (for batch/transaction)","An OperationOutcome containing hints and warnings produced as part of processing this entry in a batch or transaction.","For a POST/PUT operation, this is the equivalent outcome that would be returned for prefer = operationoutcome - except that the resource is always returned whether or not the outcome is returned.","","","","","","","","",,,,,"",,,,"Bundle.entry.response.outcome",0,1,"",""
"Bundle.entry:request","Bundle.entry","request","","",1,1,"Y","","Y","BackboneElement {[]} {[]}
","Entry in the bundle - will have a resource, or information","An entry in a bundle resource - will either contain a resource, or information about a resource (transactions and history only).","","","","","","","","","",,,,,"",,,,"Bundle.entry",0,*,"","ele-1:All FHIR elements must have a @value or children {hasValue() | (children().count() > id.count())}
bdl-8:fullUrl cannot be a version specific reference {fullUrl.contains('/_history/').not()}bdl-5:must be a resource unless there's a request or response {resource.exists() or request.exists() or response.exists()}"
"Bundle.entry:request.id","Bundle.entry.id","","","",0,1,"","","","string {[]} {[]}
","xml:id (or equivalent in JSON)","unique id for the element within a resource (for internal references). This may be any string value that does not contain spaces.","","","","","","","","","",,,,,"",,,,"Element.id",0,1,"","","n/a"
"Bundle.entry:request.extension","Bundle.entry.extension","","extensions
user content","",0,*,"","","","Extension {[]} {[]}
","Additional Content defined by implementations","May be used to represent additional information that is not part of the basic definition of the element. In order to make the use of extensions safe and manageable, there is a strict set of governance  applied to the definition and use of extensions. Though any implementer is allowed to define an extension, there is a set of requirements that SHALL be met as part of the definition of the extension.","There can be no stigma associated with the use of extensions by any application, project, or standard - regardless of the institution or jurisdiction that uses or defines the extensions.  The use of extensions is what allows the FHIR specification to retain a core level of simplicity for everyone.","","","","","","","","",,,,,"",,,,"Element.extension",0,*,"","","n/a"
"Bundle.entry:request.modifierExtension","Bundle.entry.modifierExtension","","extensions
user contentmodifiers","",0,*,"","Y","Y","Extension {[]} {[]}
","Extensions that cannot be ignored","May be used to represent additional information that is not part of the basic definition of the element, and that modifies the understanding of the element that contains it. Usually modifier elements provide negation or qualification. In order to make the use of extensions safe and manageable, there is a strict set of governance applied to the definition and use of extensions. Though any implementer is allowed to define an extension, there is a set of requirements that SHALL be met as part of the definition of the extension. Applications processing a resource are required to check for modifier extensions.","There can be no stigma associated with the use of extensions by any application, project, or standard - regardless of the institution or jurisdiction that uses or defines the extensions.  The use of extensions is what allows the FHIR specification to retain a core level of simplicity for everyone.","","","","","","","","",,,,,"",,,,"BackboneElement.modifierExtension",0,*,"","","N/A"
"Bundle.entry:request.link","Bundle.entry.link","","","",0,*,"","","Y","null {[]} {[]}
","Links related to this entry","A series of links that provide context to this entry.","","","","","","","","","",,,,,"",,,,"Bundle.entry.link",0,*,"",""
"Bundle.entry:request.fullUrl","Bundle.entry.fullUrl","","","",0,1,"","","Y","uri {[]} {[]}
","Absolute URL for resource (server address, or UUID/OID)","The Absolute URL for the resource.  The fullUrl SHALL not disagree with the id in the resource. The fullUrl is a version independent reference to the resource. The fullUrl element SHALL have a value except that: 
* fullUrl can be empty on a POST (although it does not need to when specifying a temporary id for reference in the bundle)
* Results from operations might involve resources that are not identified.","fullUrl may not be [unique in the context of a resource](http://hl7.org/fhir/STU3/bundle.html#bundle-unique). Note that since [FHIR resources do not need to be served through the FHIR API](http://hl7.org/fhir/STU3/references.html), the absolute URL may not end with the logical id of the resource (Resource.id), but if the fullUrl does look like a RESTful server URL (e.g. meets the [regex](http://hl7.org/fhir/STU3/references.html#regex), then it SHALL end with the Resource.id.","","","","","","","","",,,,,"",,,,"Bundle.entry.fullUrl",0,1,"",""
"Bundle.entry:request.resource","Bundle.entry.resource","","","",0,1,"","","","RequestGroup {[CanonicalType[http://example.com/fhir/example/StructureDefinition/content-profile]]} {[]}
","A group of related requests","A group of related requests that can be used to capture intended activities that have inter-dependencies such as ""give this medication after that one"".","","","","","","","","","",,,,,"",,,,"Bundle.entry.resource",0,1,"","dom-2:If the resource is contained in another resource, it SHALL NOT contain nested Resources {contained.contained.empty()}
dom-1:If the resource is contained in another resource, it SHALL NOT contain any narrative {contained.text.empty()}dom-4:If a resource is contained in another resource, it SHALL NOT have a meta.versionId or a meta.lastUpdated {contained.meta.versionId.empty() and contained.meta.lastUpdated.empty()}dom-3:If the resource is contained in another resource, it SHALL be referred to from elsewhere in the resource {contained.where(('#'+id in %resource.descendants().reference).not()).empty()}","Entity. Role, or Act","clinical.general","clinical.general"
"Bundle.entry:request.search","Bundle.entry.search","","","",0,1,"","","Y","BackboneElement {[]} {[]}
","Search related information","Information about the search process that lead to the creation of this entry.","","","","","","","","","",,,,,"",,,,"Bundle.entry.search",0,1,"bdl-2
","ele-1:All FHIR elements must have a @value or children {hasValue() | (children().count() > id.count())}
"
"Bundle.entry:request.search.id","Bundle.entry.search.id","","","",0,1,"","","","string {[]} {[]}
","xml:id (or equivalent in JSON)","unique id for the element within a resource (for internal references). This may be any string value that does not contain spaces.","","","","","","","","","",,,,,"",,,,"Element.id",0,1,"","","n/a"
"Bundle.entry:request.search.extension","Bundle.entry.search.extension","","extensions
user content","",0,*,"","","","Extension {[]} {[]}
","Additional Content defined by implementations","May be used to represent additional information that is not part of the basic definition of the element. In order to make the use of extensions safe and manageable, there is a strict set of governance  applied to the definition and use of extensions. Though any implementer is allowed to define an extension, there is a set of requirements that SHALL be met as part of the definition of the extension.","There can be no stigma associated with the use of extensions by any application, project, or standard - regardless of the institution or jurisdiction that uses or defines the extensions.  The use of extensions is what allows the FHIR specification to retain a core level of simplicity for everyone.","","","","","","","","",,,,,"",,,,"Element.extension",0,*,"","","n/a"
"Bundle.entry:request.search.modifierExtension","Bundle.entry.search.modifierExtension","","extensions
user contentmodifiers","",0,*,"","Y","Y","Extension {[]} {[]}
","Extensions that cannot be ignored","May be used to represent additional information that is not part of the basic definition of the element, and that modifies the understanding of the element that contains it. Usually modifier elements provide negation or qualification. In order to make the use of extensions safe and manageable, there is a strict set of governance applied to the definition and use of extensions. Though any implementer is allowed to define an extension, there is a set of requirements that SHALL be met as part of the definition of the extension. Applications processing a resource are required to check for modifier extensions.","There can be no stigma associated with the use of extensions by any application, project, or standard - regardless of the institution or jurisdiction that uses or defines the extensions.  The use of extensions is what allows the FHIR specification to retain a core level of simplicity for everyone.","","","","","","","","",,,,,"",,,,"BackboneElement.modifierExtension",0,*,"","","N/A"
"Bundle.entry:request.search.mode","Bundle.entry.search.mode","","","",0,1,"","","Y","code {[]} {[]}
","match | include | outcome - why this is in the result set","Why this entry is in the result set - whether it's included as a match or because of an _include requirement.","There is only one mode. In some corner cases, a resource may be included because it is both a match and an include. In these circumstances, 'match' takes precedence.","","","","","","","","",,"required","Why an entry is in the result set - whether it's included as a match or because of an _include requirement.","http://hl7.org/fhir/ValueSet/search-entry-mode","",,,,"Bundle.entry.search.mode",0,1,"",""
"Bundle.entry:request.search.score","Bundle.entry.search.score","","","",0,1,"","","Y","decimal {[]} {[]}
","Search ranking (between 0 and 1)","When searching, the server's search ranking score for the entry.","Servers are not required to return a ranking score. 1 is most relevant, and 0 is least relevant. Often, search results are sorted by score, but the client may specify a different sort order.","","","","","","","","",,,,,"",,,,"Bundle.entry.search.score",0,1,"",""
"Bundle.entry:request.request","Bundle.entry.request","","","",0,1,"","","Y","BackboneElement {[]} {[]}
","Transaction Related Information","Additional information about how this entry should be processed as part of a transaction.","","","","","","","","","",,,,,"",,,,"Bundle.entry.request",0,1,"bdl-3
","ele-1:All FHIR elements must have a @value or children {hasValue() | (children().count() > id.count())}
"
"Bundle.entry:request.request.id","Bundle.entry.request.id","","","",0,1,"","","","string {[]} {[]}
","xml:id (or equivalent in JSON)","unique id for the element within a resource (for internal references). This may be any string value that does not contain spaces.","","","","","","","","","",,,,,"",,,,"Element.id",0,1,"","","n/a"
"Bundle.entry:request.request.extension","Bundle.entry.request.extension","","extensions
user content","",0,*,"","","","Extension {[]} {[]}
","Additional Content defined by implementations","May be used to represent additional information that is not part of the basic definition of the element. In order to make the use of extensions safe and manageable, there is a strict set of governance  applied to the definition and use of extensions. Though any implementer is allowed to define an extension, there is a set of requirements that SHALL be met as part of the definition of the extension.","There can be no stigma associated with the use of extensions by any application, project, or standard - regardless of the institution or jurisdiction that uses or defines the extensions.  The use of extensions is what allows the FHIR specification to retain a core level of simplicity for everyone.","","","","","","","","",,,,,"",,,,"Element.extension",0,*,"","","n/a"
"Bundle.entry:request.request.modifierExtension","Bundle.entry.request.modifierExtension","","extensions
user contentmodifiers","",0,*,"","Y","Y","Extension {[]} {[]}
","Extensions that cannot be ignored","May be used to represent additional information that is not part of the basic definition of the element, and that modifies the understanding of the element that contains it. Usually modifier elements provide negation or qualification. In order to make the use of extensions safe and manageable, there is a strict set of governance applied to the definition and use of extensions. Though any implementer is allowed to define an extension, there is a set of requirements that SHALL be met as part of the definition of the extension. Applications processing a resource are required to check for modifier extensions.","There can be no stigma associated with the use of extensions by any application, project, or standard - regardless of the institution or jurisdiction that uses or defines the extensions.  The use of extensions is what allows the FHIR specification to retain a core level of simplicity for everyone.","","","","","","","","",,,,,"",,,,"BackboneElement.modifierExtension",0,*,"","","N/A"
"Bundle.entry:request.request.method","Bundle.entry.request.method","","","",1,1,"","","Y","code {[]} {[]}
","GET | POST | PUT | DELETE","The HTTP verb for this entry in either a change history, or a transaction/ transaction response.","","","","","","","","","",,"required","HTTP verbs (in the HTTP command line).","http://hl7.org/fhir/ValueSet/http-verb","",,,,"Bundle.entry.request.method",1,1,"",""
"Bundle.entry:request.request.url","Bundle.entry.request.url","","","",1,1,"","","Y","uri {[]} {[]}
","URL for HTTP equivalent of this entry","The URL for this entry, relative to the root (the address to which the request is posted).","E.g. for a Patient Create, the method would be ""POST"" and the URL would be ""Patient"". For a Patient Update, the method would be PUT, and the URL would be ""Patient/[id]"".","","","","","","","","",,,,,"",,,,"Bundle.entry.request.url",1,1,"",""
"Bundle.entry:request.request.ifNoneMatch","Bundle.entry.request.ifNoneMatch","","","",0,1,"","","Y","string {[]} {[]}
","For managing cache currency","If the ETag values match, return a 304 Not Modified status. See the API documentation for [""Conditional Read""](http://hl7.org/fhir/STU3/http.html#cread).","","","","","","","","","",,,,,"",,,,"Bundle.entry.request.ifNoneMatch",0,1,"",""
"Bundle.entry:request.request.ifModifiedSince","Bundle.entry.request.ifModifiedSince","","","",0,1,"","","Y","instant {[]} {[]}
","For managing update contention","Only perform the operation if the last updated date matches. See the API documentation for [""Conditional Read""](http://hl7.org/fhir/STU3/http.html#cread).","","","","","","","","","",,,,,"",,,,"Bundle.entry.request.ifModifiedSince",0,1,"",""
"Bundle.entry:request.request.ifMatch","Bundle.entry.request.ifMatch","","","",0,1,"","","Y","string {[]} {[]}
","For managing update contention","Only perform the operation if the Etag value matches. For more information, see the API section [""Managing Resource Contention""](http://hl7.org/fhir/STU3/http.html#concurrency).","","","","","","","","","",,,,,"",,,,"Bundle.entry.request.ifMatch",0,1,"",""
"Bundle.entry:request.request.ifNoneExist","Bundle.entry.request.ifNoneExist","","","",0,1,"","","Y","string {[]} {[]}
","For conditional creates","Instruct the server not to perform the create if a specified resource already exists. For further information, see the API documentation for [""Conditional Create""](http://hl7.org/fhir/STU3/http.html#ccreate). This is just the query portion of the URL - what follows the ""?"" (not including the ""?"").","","","","","","","","","",,,,,"",,,,"Bundle.entry.request.ifNoneExist",0,1,"",""
"Bundle.entry:request.response","Bundle.entry.response","","","",0,1,"","","Y","BackboneElement {[]} {[]}
","Transaction Related Information","Additional information about how this entry should be processed as part of a transaction.","","","","","","","","","",,,,,"",,,,"Bundle.entry.response",0,1,"bdl-4
","ele-1:All FHIR elements must have a @value or children {hasValue() | (children().count() > id.count())}
"
"Bundle.entry:request.response.id","Bundle.entry.response.id","","","",0,1,"","","","string {[]} {[]}
","xml:id (or equivalent in JSON)","unique id for the element within a resource (for internal references). This may be any string value that does not contain spaces.","","","","","","","","","",,,,,"",,,,"Element.id",0,1,"","","n/a"
"Bundle.entry:request.response.extension","Bundle.entry.response.extension","","extensions
user content","",0,*,"","","","Extension {[]} {[]}
","Additional Content defined by implementations","May be used to represent additional information that is not part of the basic definition of the element. In order to make the use of extensions safe and manageable, there is a strict set of governance  applied to the definition and use of extensions. Though any implementer is allowed to define an extension, there is a set of requirements that SHALL be met as part of the definition of the extension.","There can be no stigma associated with the use of extensions by any application, project, or standard - regardless of the institution or jurisdiction that uses or defines the extensions.  The use of extensions is what allows the FHIR specification to retain a core level of simplicity for everyone.","","","","","","","","",,,,,"",,,,"Element.extension",0,*,"","","n/a"
"Bundle.entry:request.response.modifierExtension","Bundle.entry.response.modifierExtension","","extensions
user contentmodifiers","",0,*,"","Y","Y","Extension {[]} {[]}
","Extensions that cannot be ignored","May be used to represent additional information that is not part of the basic definition of the element, and that modifies the understanding of the element that contains it. Usually modifier elements provide negation or qualification. In order to make the use of extensions safe and manageable, there is a strict set of governance applied to the definition and use of extensions. Though any implementer is allowed to define an extension, there is a set of requirements that SHALL be met as part of the definition of the extension. Applications processing a resource are required to check for modifier extensions.","There can be no stigma associated with the use of extensions by any application, project, or standard - regardless of the institution or jurisdiction that uses or defines the extensions.  The use of extensions is what allows the FHIR specification to retain a core level of simplicity for everyone.","","","","","","","","",,,,,"",,,,"BackboneElement.modifierExtension",0,*,"","","N/A"
"Bundle.entry:request.response.status","Bundle.entry.response.status","","","",1,1,"","","Y","string {[]} {[]}
","Status response code (text optional)","The status code returned by processing this entry. The status SHALL start with a 3 digit HTTP code (e.g. 404) and may contain the standard HTTP description associated with the status code.","","","","","","","","","",,,,,"",,,,"Bundle.entry.response.status",1,1,"",""
"Bundle.entry:request.response.location","Bundle.entry.response.location","","","",0,1,"","","Y","uri {[]} {[]}
","The location, if the operation returns a location","The location header created by processing this operation.","","","","","","","","","",,,,,"",,,,"Bundle.entry.response.location",0,1,"",""
"Bundle.entry:request.response.etag","Bundle.entry.response.etag","","","",0,1,"","","Y","string {[]} {[]}
","The etag for the resource (if relevant)","The etag for the resource, it the operation for the entry produced a versioned resource (see [Resource Metadata and Versioning](http://hl7.org/fhir/STU3/http.html#versioning) and [Managing Resource Contention](http://hl7.org/fhir/STU3/http.html#concurrency)).","Etags match the Resource.meta.versionId. The ETag has to match the version id in the header if a resource is included.","","","","","","","","",,,,,"",,,,"Bundle.entry.response.etag",0,1,"",""
"Bundle.entry:request.response.lastModified","Bundle.entry.response.lastModified","","","",0,1,"","","Y","instant {[]} {[]}
","Server's date time modified","The date/time that the resource was modified on the server.","This has to match the same time in the meta header if a resource is included.","","","","","","","","",,,,,"",,,,"Bundle.entry.response.lastModified",0,1,"",""
"Bundle.entry:request.response.outcome","Bundle.entry.response.outcome","","","",0,1,"","","Y","Resource {[]} {[]}
","OperationOutcome with hints and warnings (for batch/transaction)","An OperationOutcome containing hints and warnings produced as part of processing this entry in a batch or transaction.","For a POST/PUT operation, this is the equivalent outcome that would be returned for prefer = operationoutcome - except that the resource is always returned whether or not the outcome is returned.","","","","","","","","",,,,,"",,,,"Bundle.entry.response.outcome",0,1,"",""
"Bundle.signature","Bundle.signature","","","",1,1,"Y","","Y","Signature {[]} {[]}
","Assinatura da receita","Digital Signature - base64 encoded. XML-DSIg or a JWT.","The signature could be created by the ""author"" of the bundle or by the originating device.   Requirements around inclusion of a signature, verification of signatures and treatment of signed/non-signed bundles is implementation-environment specific.","This element allows capturing signatures on documents. It also allows signatures on messages, transactions or even query responses. It may support content-authentication, non-repudiation or other business cases. This is primarily relevant where the bundle may travel through multiple hops or via other mechanisms where HTTPS non-repudiation is insufficient.","","","","","","","",,,,,"",,,,"Bundle.signature",0,1,"",""
"Bundle.signature.id","Bundle.signature.id","","","",0,1,"","","","string {[]} {[]}
","xml:id (or equivalent in JSON)","unique id for the element within a resource (for internal references). This may be any string value that does not contain spaces.","","","","","","","","","",,,,,"",,,,"Element.id",0,1,"","","n/a"
"Bundle.signature.extension","Bundle.signature.extension","","extensions
user content","",0,*,"","","","Extension {[]} {[]}
","Additional Content defined by implementations","May be used to represent additional information that is not part of the basic definition of the element. In order to make the use of extensions safe and manageable, there is a strict set of governance  applied to the definition and use of extensions. Though any implementer is allowed to define an extension, there is a set of requirements that SHALL be met as part of the definition of the extension.","There can be no stigma associated with the use of extensions by any application, project, or standard - regardless of the institution or jurisdiction that uses or defines the extensions.  The use of extensions is what allows the FHIR specification to retain a core level of simplicity for everyone.","","","","","","","","",,,,,"","value:url}
","Extensions are always sliced by (at least) url",,"open","Element.extension",0,*,"","","n/a"
"Bundle.signature.type","Bundle.signature.type","","","",1,*,"Y","","Y","Coding {[]} {[]}
","Indication of the reason the entity signed the object(s)","An indication of the reason that the entity signed this document. This may be explicitly included as part of the signature information and can be used when determining accountability for various actions concerning the document.","Examples include attesting to: authorship, correct transcription, and witness of specific event. Also known as a &quot;Commitment Type Indication&quot;.","","","","","","","","",,"preferred","An indication of the reason that an entity signed the object","http://hl7.org/fhir/ValueSet/signature-type","",,,,"Signature.type",1,*,"",""
"Bundle.signature.when","Bundle.signature.when","","","",1,1,"Y","","Y","instant {[]} {[]}
","When the signature was created","When the digital signature was signed.","This should agree with the information in the signature.","","","","","","","","",,,,,"",,,,"Signature.when",1,1,"",""
"Bundle.signature.who[x]","Bundle.signature.who[x]","","","",1,1,"","","Y","Reference {[]} {[]}
","Who signed","A reference to an application-usable description of the identity that signed  (e.g. the signature used their private key).","This should agree with the information in the signature.","","","","","","","","",,,,,"","type:$this}
","",,"closed","Signature.who[x]",1,1,"",""
"Bundle.signature.who[x]:whoReference","Bundle.signature.who[x]","whoReference","","",1,1,"","","Y","Reference {[]} {[CanonicalType[http://hl7.org/fhir/StructureDefinition/Practitioner]]}
","Who signed","A reference to an application-usable description of the identity that signed  (e.g. the signature used their private key).","This should agree with the information in the signature.","","","","","","","","",,,,,"",,,,"Signature.who[x]",1,1,"",""
"Bundle.signature.onBehalfOf[x]","Bundle.signature.onBehalfOf[x]","","","",0,1,"","","Y","uri {[]} {[]}
Reference {[]} {[CanonicalType[http://hl7.org/fhir/StructureDefinition/Practitioner], CanonicalType[http://hl7.org/fhir/StructureDefinition/RelatedPerson], CanonicalType[http://hl7.org/fhir/StructureDefinition/Patient], CanonicalType[http://hl7.org/fhir/StructureDefinition/Device], CanonicalType[http://hl7.org/fhir/StructureDefinition/Organization]]}","The party represented","A reference to an application-usable description of the identity that is represented by the signature.","The party that can't sign. For example a child.","used when the signature is on behalf of a non-signer.","","","","","","","",,,,,"",,,,"Signature.onBehalfOf[x]",0,1,"",""
"Bundle.signature.contentType","Bundle.signature.contentType","","","",0,1,"","","Y","code {[]} {[]}
","The technical format of the signature","A mime type that indicates the technical format of the signature. Important mime types are application/signature+xml for X ML DigSig, application/jwt for JWT, and image/* for a graphical image of a signature, etc.","","","","","","","","","",,"required","The mime type of an attachment. Any valid mime type is allowed.","http://hl7.org/fhir/ValueSet/mimetypes","",,,,"Signature.contentType",0,1,"",""
"Bundle.signature.blob","Bundle.signature.blob","","","",0,1,"","","","base64Binary {[]} {[]}
","The actual signature content (XML DigSig. JWT, picture, etc.)","The base64 encoding of the Signature content. When signature is not recorded electronically this element would be empty.","Where the signature type is an XML DigSig, the signed content is a FHIR Resource(s), the signature is of the XML form of the Resource(s) using  XML-Signature (XMLDIG) ""Detached Signature"" form.","","","","","","","","",,,,,"",,,,"Signature.blob",0,1,"",""
