"Id","Path","Slice Name","Alias(s)","Label","Min","Max","Must Support?","Is Modifier?","Is Summary?","Type(s)","Short","Definition","Comments","Requirements","Default Value","Meaning When Missing","Fixed Value","Pattern","Example","Minimum Value","Maximum Value","Maximum Length","Binding Strength","Binding Description","Binding Value Set","Code","Slicing Discriminator","Slicing Description","Slicing Ordered","Slicing Rules","Base Path","Base Min","Base Max","Condition(s)","Constraint(s)","Mapping: Workflow Pattern","Mapping: Mapping to NCPDP SCRIPT 10.6","Mapping: RIM Mapping","Mapping: FiveWs Pattern Mapping","Mapping: HL7 v2 Mapping","Mapping: W5 Mapping"
"MedicationRequest","MedicationRequest","","Prescription
Order","",0,*,"","","","null {[]} {[]}
","Ordering of medication for patient or group","An order or request for both supply of the medication and the instructions for administration of the medication to a patient. The resource is called ""MedicationRequest"" rather than ""MedicationPrescription"" or ""MedicationOrder"" to generalize the use across inpatient and outpatient settings, including care plans, etc., and to harmonize with workflow patterns.","","","","","","","","","",,,,,"",,,,"MedicationRequest",0,*,"","","..Request","Message/Body/NewRx","Entity. Role, or Act","CombinedMedicationRequest","clinical.medication","clinical.medication"
"MedicationRequest.id","MedicationRequest.id","","","",1,1,"Y","","Y","id {[]} {[]}
","Logical id of this artifact","The logical id of the resource, as used in the URL for the resource. Once assigned, this value never changes.","The only time that a resource does not have an id is when it is being submitted to the server using a create operation.","","","","","","","","",,,,,"",,,,"Resource.id",0,1,"",""
"MedicationRequest.meta","MedicationRequest.meta","","","",0,1,"","","Y","Meta {[]} {[]}
","Metadata about the resource","The metadata about the resource. This is content that is maintained by the infrastructure. Changes to the content may not always be associated with version changes to the resource.","","","","","","","","","",,,,,"",,,,"Resource.meta",0,1,"",""
"MedicationRequest.meta.id","MedicationRequest.meta.id","","","",0,1,"","","","string {[]} {[]}
","xml:id (or equivalent in JSON)","unique id for the element within a resource (for internal references). This may be any string value that does not contain spaces.","","","","","","","","","",,,,,"",,,,"Element.id",0,1,"","","n/a"
"MedicationRequest.meta.extension","MedicationRequest.meta.extension","","extensions
user content","",0,*,"","","","Extension {[]} {[]}
","Additional Content defined by implementations","May be used to represent additional information that is not part of the basic definition of the element. In order to make the use of extensions safe and manageable, there is a strict set of governance  applied to the definition and use of extensions. Though any implementer is allowed to define an extension, there is a set of requirements that SHALL be met as part of the definition of the extension.","There can be no stigma associated with the use of extensions by any application, project, or standard - regardless of the institution or jurisdiction that uses or defines the extensions.  The use of extensions is what allows the FHIR specification to retain a core level of simplicity for everyone.","","","","","","","","",,,,,"","value:url}
","Extensions are always sliced by (at least) url",,"open","Element.extension",0,*,"","","n/a"
"MedicationRequest.meta.versionId","MedicationRequest.meta.versionId","","","",0,1,"","","Y","id {[]} {[]}
","Version specific identifier","The version specific identifier, as it appears in the version portion of the URL. This values changes when the resource is created, updated, or deleted.","The server assigns this value, and ignores what the client specifies, except in the case that the server is imposing version integrity on updates/deletes.","","","","","","","","",,,,,"",,,,"Meta.versionId",0,1,"",""
"MedicationRequest.meta.lastUpdated","MedicationRequest.meta.lastUpdated","","","",0,1,"","","Y","instant {[]} {[]}
","Indica a data da úlltima alteração desse recurso. Refere-se também à data de anulação da receita.","When the resource last changed - e.g. when the version changed.","This value is always populated except when the resource is first being created. The server / resource manager sets this value; what a client provides is irrelevant.","","","","","","","","",,,,,"",,,,"Meta.lastUpdated",0,1,"",""
"MedicationRequest.meta.profile","MedicationRequest.meta.profile","","","",0,*,"","","Y","uri {[]} {[]}
","Profiles this resource claims to conform to","A list of profiles (references to [StructureDefinition](http://hl7.org/fhir/STU3/structuredefinition.html#) resources) that this resource claims to conform to. The URL is a reference to [StructureDefinition.url]().","It is up to the server and/or other infrastructure of policy to determine whether/how these claims are verified and/or updated over time.  The list of profile URLs is a set.","","","","","","","","",,,,,"",,,,"Meta.profile",0,*,"",""
"MedicationRequest.meta.security","MedicationRequest.meta.security","","","",0,*,"","","Y","Coding {[]} {[]}
","Security Labels applied to this resource","Security labels applied to this resource. These tags connect specific resources to the overall security policy and infrastructure.","The security labels can be updated without changing the stated version of the resource  The list of security labels is a set. Uniqueness is based the system/code, and version and display are ignored.","","","","","","","","",,"extensible","Security Labels from the Healthcare Privacy and Security Classification System.","http://hl7.org/fhir/ValueSet/security-labels","",,,,"Meta.security",0,*,"",""
"MedicationRequest.meta.tag","MedicationRequest.meta.tag","","","",0,*,"","","Y","Coding {[]} {[]}
","Tags applied to this resource","Tags applied to this resource. Tags are intended to be used to identify and relate resources to process and workflow, and applications are not required to consider the tags when interpreting the meaning of a resource.","The tags can be updated without changing the stated version of the resource.  The list of tags is a set. Uniqueness is based the system/code, and version and display are ignored.","","","","","","","","",,"example","Codes that represent various types of tags, commonly workflow-related; e.g. ""Needs review by Dr. Jones""","http://hl7.org/fhir/ValueSet/common-tags","",,,,"Meta.tag",0,*,"",""
"MedicationRequest.implicitRules","MedicationRequest.implicitRules","","","",0,1,"","Y","Y","uri {[]} {[]}
","A set of rules under which this content was created","A reference to a set of rules that were followed when the resource was constructed, and which must be understood when processing the content.","Asserting this rule set restricts the content to be only understood by a limited set of trading partners. This inherently limits the usefulness of the data in the long term. However, the existing health eco-system is highly fractured, and not yet ready to define, collect, and exchange data in a generally computable sense. Wherever possible, implementers and/or specification writers should avoid using this element. 

This element is labelled as a modifier because the implicit rules may provide additional knowledge about the resource that modifies it's meaning or interpretation.","","","","","","","","",,,,,"",,,,"Resource.implicitRules",0,1,"",""
"MedicationRequest.language","MedicationRequest.language","","","",0,1,"","","","code {[]} {[]}
","Language of the resource content","The base language in which the resource is written.","Language is provided to support indexing and accessibility (typically, services such as text to speech use the language tag). The html language tag in the narrative applies  to the narrative. The language tag on the resource may be used to specify the language of other presentations generated from the data in the resource  Not all the content has to be in the base language. The Resource.language should not be assumed to apply to the narrative automatically. If a language is specified, it should it also be specified on the div element in the html (see rules in HTML5 for information about the relationship between xml:lang and the html lang attribute).","","","","","","","","",,"extensible","A human language.","http://hl7.org/fhir/ValueSet/languages","",,,,"Resource.language",0,1,"",""
"MedicationRequest.text","MedicationRequest.text","","narrative
htmlxhtmldisplay","",0,1,"","","","Narrative {[]} {[]}
","Text summary of the resource, for human interpretation","A human-readable narrative that contains a summary of the resource, and may be used to represent the content of the resource to a human. The narrative need not encode all the structured data, but is required to contain sufficient detail to make it ""clinically safe"" for a human to just read the narrative. Resource definitions may define what content should be represented in the narrative to ensure clinical safety.","Contained resources do not have narrative. Resources that are not contained SHOULD have a narrative. In some cases, a resource may only have text with little or no additional discrete data (as long as all minOccurs=1 elements are satisfied).  This may be necessary for data from legacy systems where information is captured as a ""text blob"" or where text is additionally entered raw or narrated and encoded in formation is added later.","","","","","","","","",,,,,"",,,,"DomainResource.text",0,1,"dom-1
","","Act.text?"
"MedicationRequest.contained","MedicationRequest.contained","","inline resources
anonymous resourcescontained resources","",0,*,"","","","Resource {[]} {[]}
","Contained, inline Resources","These resources do not have an independent existence apart from the resource that contains them - they cannot be identified independently, and nor can they have their own independent transaction scope.","This should never be done when the content can be identified properly, as once identification is lost, it is extremely difficult (and context dependent) to restore it again.","","","","","","","","",,,,,"",,,,"DomainResource.contained",0,*,"","","N/A"
"MedicationRequest.extension","MedicationRequest.extension","","extensions
user content","",0,*,"","","","Extension {[]} {[]}
","Additional Content defined by implementations","May be used to represent additional information that is not part of the basic definition of the resource. In order to make the use of extensions safe and manageable, there is a strict set of governance  applied to the definition and use of extensions. Though any implementer is allowed to define an extension, there is a set of requirements that SHALL be met as part of the definition of the extension.","There can be no stigma associated with the use of extensions by any application, project, or standard - regardless of the institution or jurisdiction that uses or defines the extensions.  The use of extensions is what allows the FHIR specification to retain a core level of simplicity for everyone.","","","","","","","","",,,,,"",,,,"DomainResource.extension",0,*,"","","N/A"
"MedicationRequest.modifierExtension","MedicationRequest.modifierExtension","","extensions
user content","",0,*,"","Y","","Extension {[]} {[]}
","Extensions that cannot be ignored","May be used to represent additional information that is not part of the basic definition of the resource, and that modifies the understanding of the element that contains it. Usually modifier elements provide negation or qualification. In order to make the use of extensions safe and manageable, there is a strict set of governance applied to the definition and use of extensions. Though any implementer is allowed to define an extension, there is a set of requirements that SHALL be met as part of the definition of the extension. Applications processing a resource are required to check for modifier extensions.","There can be no stigma associated with the use of extensions by any application, project, or standard - regardless of the institution or jurisdiction that uses or defines the extensions.  The use of extensions is what allows the FHIR specification to retain a core level of simplicity for everyone.","","","","","","","","",,,,,"",,,,"DomainResource.modifierExtension",0,*,"","","N/A"
"MedicationRequest.identifier","MedicationRequest.identifier","","","",0,*,"","","","Identifier {[]} {[]}
","External ids for this request","This records identifiers associated with this medication request that are defined by business processes and/or used to refer to it when a direct URL reference to the resource itself is not appropriate. For example a re-imbursement system might issue its own id for each prescription that is created.  This is particularly important where FHIR only provides part of an entire workflow process where records must be tracked through an entire system.","","","","","","","","","",,,,,"",,,,"MedicationRequest.identifier",0,*,"","","…identifer","Message/Header/PrescriberOrderNumber",".id","id","ORC-2-Placer Order Number / ORC-3-Filler Order Number","id"
"MedicationRequest.definition","MedicationRequest.definition","","","",0,*,"","","Y","Reference {[]} {[CanonicalType[http://hl7.org/fhir/StructureDefinition/ActivityDefinition], CanonicalType[http://hl7.org/fhir/StructureDefinition/PlanDefinition]]}
","Protocol or definition","Protocol or definition followed by this request.","","","","","","","","","",,,,,"",,,,"MedicationRequest.definition",0,*,"","","…definition",".outboundRelationship[typeCode=DEFN].target[classCode=unspecified]"
"MedicationRequest.basedOn","MedicationRequest.basedOn","","","",0,*,"","","Y","Reference {[]} {[CanonicalType[http://hl7.org/fhir/StructureDefinition/CarePlan], CanonicalType[http://hl7.org/fhir/StructureDefinition/MedicationRequest], CanonicalType[http://hl7.org/fhir/StructureDefinition/ProcedureRequest], CanonicalType[http://hl7.org/fhir/StructureDefinition/ReferralRequest]]}
","What request fulfills","A plan or request that is fulfilled in whole or in part by this medication request.","","","","","","","","","",,,,,"",,,,"MedicationRequest.basedOn",0,*,"","","…basedOn",".outboundRelationship[typeCode=FLFS].target[classCode=SBADM or PROC or PCPR or OBS, moodCode=RQO orPLAN or PRP]"
"MedicationRequest.groupIdentifier","MedicationRequest.groupIdentifier","","","",0,1,"","","Y","Identifier {[]} {[]}
","Identificador local da prescrição","A shared identifier common to all requests that were authorized more or less simultaneously by a single author, representing the identifier of the requisition or prescription.","","Requests are linked either by a ""basedOn"" relationship (i.e. one request is fulfilling another) or by having a common requisition. Requests that are part of the same requisition are generally treated independently from the perspective of changing their state or maintaining them after initial creation.","","","","","","","",,,,,"",,,,"MedicationRequest.groupIdentifier",0,1,"","","…groupIdentifier",".outboundRelationship(typeCode=COMP].target[classCode=SBADM, moodCode=INT].id"
"MedicationRequest.status","MedicationRequest.status","","","",0,1,"","Y","Y","code {[]} {[]}
","A prescrição é criada com status active. Status para a anulação / cancelamento da prescrição: cancelled.","A code specifying the current state of the order.  Generally this will be active or completed state.","This element is labeled as a modifier because the status contains codes that mark the resource as not currently valid.","","","","","","","","",,"required","A coded concept specifying the state of the prescribing event. Describes the lifecycle of the prescription","http://hl7.org/fhir/ValueSet/medication-request-status","",,,,"MedicationRequest.status",0,1,"","","…status","no mapping",".statusCode","status","status"
"MedicationRequest.intent","MedicationRequest.intent","","","",1,1,"","Y","Y","code {[]} {[]}
","proposal | plan | order | instance-order","Whether the request is a proposal, plan, or an original order.","It is expected that the type of requester will be restricted for different stages of a MedicationRequest.  For example, Proposals can be created by a patient, relatedPerson, Practitioner or Device.  Plans can be created by Practitioners, Patients, RelatedPersons and Devices.  Original orders can be created by a Practitioner only.An instance-order is an instantiation of a request or order and may be used to populate Medication Administration Record.

This element is labeled as a modifier because the intent alters when and how the resource is actually applicable.","","","","","<valueCode xmlns=""http://hl7.org/fhir"" value=""order""/>","","","",,"required","The kind of medication order","http://hl7.org/fhir/ValueSet/medication-request-intent","",,,,"MedicationRequest.intent",1,1,"","","…intent",".moodCode (nuances beyond PRP/PLAN/RQO would need to be elsewhere)","class","class"
"MedicationRequest.category","MedicationRequest.category","","","",0,1,"","","","CodeableConcept {[]} {[]}
","Type of medication usage","Indicates the type of medication order and where the medication is expected to be consumed or administered.","","","","","","","","","",,"preferred","A coded concept identifying where the medication ordered is expected to be consumed or administered","http://hl7.org/fhir/ValueSet/medication-request-category","",,,,"MedicationRequest.category",0,1,"","","Message/Body/NewRx/MedicationPrescribed/Directionsor Message/Body/NewRx/MedicationPrescribed/StructuredSIG",".inboundRelationship[typeCode=COMP].source[classCode=OBS, moodCode=EVN, code=""type of medication usage""].value","class","class"
"MedicationRequest.priority","MedicationRequest.priority","","","",0,1,"","","Y","code {[]} {[]}
","routine | urgent | stat | asap","Indicates how quickly the Medication Request should be addressed with respect to other requests.","","","","","","","","","",,"required","Identifies the level of importance to be assigned to actioning the request","http://hl7.org/fhir/ValueSet/medication-request-priority","",,,,"MedicationRequest.priority",0,1,"","","…priority",".priorityCode","grade","grade"
"MedicationRequest.medication[x]","MedicationRequest.medication[x]","","","",1,1,"","","Y","Reference {[]} {[CanonicalType[http://example.com/fhir/example/StructureDefinition/med-pemh-profile]]}
","Referência para o resource que contém informações do fármaco","Identifies the medication being requested. This is a link to a resource that represents the medication which may be the details of the medication or simply an attribute carrying a code that identifies the medication from a known list of medications.","If only a code is specified, then it needs to be a code for a specific product. If more information is required, then the use of the medication resource is recommended.  For example, if you require form or lot number or if the medication is compounded or extemporaneously prepared, then you must reference the Medication resource. .","","","","","","","","",,,,,"",,,,"MedicationRequest.medication[x]",1,1,"","","…code","Message/Body/NewRx/MedicationPrescribedMedication.code.coding.code = Message/Body/NewRx/MedicationPrescribed/DrugCoded/ProductCodeMedication.code.coding.system = Message/Body/NewRx/MedicationPrescribed/DrugCoded/ProductCodeQualifierMedication.code.coding.display = Message/Body/NewRx/MedicationPrescribed/DrugDescription","consumable.administrableMedication","what","RXE-2-Give Code / RXO-1-Requested Give Code / RXC-2-Component Code","what"
"MedicationRequest.subject","MedicationRequest.subject","","","",1,1,"Y","","Y","Reference {[]} {[CanonicalType[http://example.com/fhir/example/StructureDefinition/patient-pemh-profile]]}
","Referência para um resource que contém informações so utente a quem diz respeito a medicação","A link to a resource representing the person or set of individuals to whom the medication will be given.","The subject on a medication request is mandatory.  For the secondary use case where the actual subject is not provided, there still must be an anonymized subject specified.","","","","","","","","",,,,,"",,,,"MedicationRequest.subject",1,1,"","","…subject","Message/Body/NewRx/Patient(need detail to link to specific patient … Patient.Identification in SCRIPT)",".participation[typeCode=AUT].role","who.focus","PID-3-Patient ID List","who.focus"
"MedicationRequest.context","MedicationRequest.context","","","",0,1,"","","","Reference {[]} {[CanonicalType[http://hl7.org/fhir/StructureDefinition/Encounter], CanonicalType[http://hl7.org/fhir/StructureDefinition/EpisodeOfCare]]}
","Created during encounter/admission/stay","A link to an encounter, or episode of care, that identifies the particular occurrence or set occurrences of contact between patient and health care provider.","SubstanceAdministration->component->EncounterEvent.","","","","","","","","",,,,,"",,,,"MedicationRequest.context",0,1,"","","…context","no mapping",".inboundRelationship[typeCode=COMP].source[classCode=ENC, moodCode=EVN, code=""type of encounter or episode""]","context","PV1-19-Visit Number","context"
"MedicationRequest.supportingInformation","MedicationRequest.supportingInformation","","","",0,*,"","","","Reference {[]} {[CanonicalType[http://hl7.org/fhir/StructureDefinition/Resource]]}
","Information to support ordering of the medication","Include additional information (for example, patient height and weight) that supports the ordering of the medication.","","","","","","","","","",,,,,"",,,,"MedicationRequest.supportingInformation",0,*,"","",".outboundRelationship[typeCode=PERT].target[A_SupportingClinicalStatement CMET minimal with many different choices of classCodes(ORG, ENC, PROC, SPLY, SBADM, OBS) and each of the act class codes draws from one or more of the following moodCodes (EVN, DEF, INT PRMS, RQO, PRP, APT, ARQ, GOL)]","context","context"
"MedicationRequest.authoredOn","MedicationRequest.authoredOn","","","",1,1,"","","Y","dateTime {[]} {[]}
","Data e hora em que a prescrição foi emitida. Apenas preenchido no primeiro momento em que é feita a prescrição, i.e., se status = ACTIVE e não deve ser mais alterada em toda a vida do recurso.","The date (and perhaps time) when the prescription was initially written or authored on.","","","","","","","","","",,,,,"",,,,"MedicationRequest.authoredOn",0,1,"","","…authoredOn","Message/Body/NewRx/MedicationPrescribed/WrittenDate","author.time","when.recorded","RXE-32-Original Order Date/Time / ORC-9-Date/Time of Transaction","when.recorded"
"MedicationRequest.requester","MedicationRequest.requester","","","",0,1,"","","Y","BackboneElement {[]} {[]}
","Who/What requested the Request","The individual, organization or device that initiated the request and has responsibility for its activation.","","","","","","","","","",,,,,"",,,,"MedicationRequest.requester",0,1,"","ele-1:All FHIR elements must have a @value or children {hasValue() | (children().count() > id.count())}
mps-1:onBehalfOf can only be specified if agent is practitioner or device {(agent.resolve().empty()) or (agent.resolve() is Device) or (agent.resolve() is Practitioner) or onBehalfOf.exists().not()}","…requester",".participation[typeCode=AUT].role","who.author","who.author"
"MedicationRequest.requester.id","MedicationRequest.requester.id","","","",0,1,"","","","string {[]} {[]}
","xml:id (or equivalent in JSON)","unique id for the element within a resource (for internal references). This may be any string value that does not contain spaces.","","","","","","","","","",,,,,"",,,,"Element.id",0,1,"","","n/a"
"MedicationRequest.requester.extension","MedicationRequest.requester.extension","","extensions
user content","",0,*,"","","","Extension {[]} {[]}
","Additional Content defined by implementations","May be used to represent additional information that is not part of the basic definition of the element. In order to make the use of extensions safe and manageable, there is a strict set of governance  applied to the definition and use of extensions. Though any implementer is allowed to define an extension, there is a set of requirements that SHALL be met as part of the definition of the extension.","There can be no stigma associated with the use of extensions by any application, project, or standard - regardless of the institution or jurisdiction that uses or defines the extensions.  The use of extensions is what allows the FHIR specification to retain a core level of simplicity for everyone.","","","","","","","","",,,,,"",,,,"Element.extension",0,*,"","","n/a"
"MedicationRequest.requester.modifierExtension","MedicationRequest.requester.modifierExtension","","extensions
user contentmodifiers","",0,*,"","Y","Y","Extension {[]} {[]}
","Extensions that cannot be ignored","May be used to represent additional information that is not part of the basic definition of the element, and that modifies the understanding of the element that contains it. Usually modifier elements provide negation or qualification. In order to make the use of extensions safe and manageable, there is a strict set of governance applied to the definition and use of extensions. Though any implementer is allowed to define an extension, there is a set of requirements that SHALL be met as part of the definition of the extension. Applications processing a resource are required to check for modifier extensions.","There can be no stigma associated with the use of extensions by any application, project, or standard - regardless of the institution or jurisdiction that uses or defines the extensions.  The use of extensions is what allows the FHIR specification to retain a core level of simplicity for everyone.","","","","","","","","",,,,,"",,,,"BackboneElement.modifierExtension",0,*,"","","N/A"
"MedicationRequest.requester.agent","MedicationRequest.requester.agent","","","",1,1,"","","Y","Reference {[]} {[CanonicalType[http://hl7.org/fhir/StructureDefinition/Practitioner], CanonicalType[http://hl7.org/fhir/StructureDefinition/Organization], CanonicalType[http://hl7.org/fhir/StructureDefinition/Patient], CanonicalType[http://hl7.org/fhir/StructureDefinition/RelatedPerson], CanonicalType[http://hl7.org/fhir/StructureDefinition/Device]]}
","Who ordered the initial medication(s)","The healthcare professional responsible for authorizing the initial prescription.","It is expected that the type of requester will be restricted for different stages of a MedicationRequest.  For example, Proposals can be created by a patient, relatedPerson, Practitioner or Device.  Plans can be created by Practitioners, Patients, RelatedPersons and Devices.  Original orders can be created by a Practitioner only.","","","","","","","","",,,,,"",,,,"MedicationRequest.requester.agent",1,1,"","","….agent","Message/Body/NewRx/Prescriber(need detail to link to specific prescriber … Prescriber.Identification in SCRIPT)",".player","RXE-13-Ordering Provider's DEA Number / RXO-14-Ordering Provider's DEA Number / RXE-14-Pharmacist/Treatment Supplier's Verifier ID / RXO-15-Pharmacist/Treatment Supplier's Verifier ID / ORC-12-Ordering Provider / PRT-5-Participation Person: PRT-4-Participation='OP' (all but last deprecated)"
"MedicationRequest.requester.onBehalfOf","MedicationRequest.requester.onBehalfOf","","","",0,1,"","","Y","Reference {[]} {[CanonicalType[http://hl7.org/fhir/StructureDefinition/Organization]]}
","Organization agent is acting for","The organization the device or practitioner was acting on behalf of.","","Practitioners and Devices can be associated with multiple organizations. This element indicates which organization they were acting on behalf of when authoring the request.","","","","","","","",,,,,"",,,,"MedicationRequest.requester.onBehalfOf",0,1,"mps-1
","","….onBehalfOf",".scoper"
"MedicationRequest.recorder","MedicationRequest.recorder","","","",0,1,"","","","Reference {[]} {[CanonicalType[http://hl7.org/fhir/StructureDefinition/Practitioner]]}
","Person who entered the request","The person who entered the order on behalf of another individual for example in the case of a verbal or a telephone order.","","","","","","","","","",,,,,"",,,,"MedicationRequest.recorder",0,1,"","",".participation[typeCode=TRANS].role[classCode=ASSIGNED].code (HealthcareProviderType)","who","who"
"MedicationRequest.reasonCode","MedicationRequest.reasonCode","","","",0,*,"","","","CodeableConcept {[]} {[]}
","Reason or indication for writing the prescription","The reason or the indication for ordering the medication.","This could be a diagnosis code. If a full condition record exists or additional detail is needed, use reasonReference.","","","","","","","","",,"example","A coded concept indicating why the medication was ordered.","http://hl7.org/fhir/ValueSet/condition-code","",,,,"MedicationRequest.reasonCode",0,*,"","","…reasonCode","Message/Body/NewRx/MedicationPrescribed/Diagnosis/Primary/Value","reason.observation.reasonCode","why","ORC-16-Order Control Code Reason /RXE-27-Give Indication/RXO-20-Indication / RXD-21-Indication / RXG-22-Indication / RXA-19-Indication","why"
"MedicationRequest.reasonReference","MedicationRequest.reasonReference","","","",0,*,"","","","Reference {[]} {[CanonicalType[http://hl7.org/fhir/StructureDefinition/Condition], CanonicalType[http://hl7.org/fhir/StructureDefinition/Observation]]}
","Condition or Observation that supports why the prescription is being written","Condition or observation that supports why the medication was ordered.","This is a reference to a condition or observation that is the reason for the medication order.  If only a code exists, use reasonCode.","","","","","","","","",,,,,"",,,,"MedicationRequest.reasonReference",0,*,"","","…reasonReference","no mapping","reason.observation[code=ASSERTION].value","why","why"
"MedicationRequest.note","MedicationRequest.note","","","",0,*,"","","","Annotation {[]} {[]}
","Informação adicionais sobre a prescrição [OBSERVAÇÕES GERAIS]","Extra information about the prescription that could not be conveyed by the other attributes.","","","","","","","","","",,,,,"",,,,"MedicationRequest.note",0,*,"","","…note","Message/Body/NewRx/MedicationPrescribed/Note",".inboundRelationship[typeCode=SUBJ]/source[classCode=OBS,moodCode=EVN,code=""annotation""].value"
"MedicationRequest.dosageInstruction","MedicationRequest.dosageInstruction","","","",0,*,"","","","Dosage {[]} {[]}
","Posologia","Indicates how the medication is to be used by the patient.","There are examples where a medication request may include the option of an oral dose or an Intravenous or Intramuscular dose.  For example, ""Ondansetron 8mg orally or IV twice a day as needed for nausea"" or ""Compazine® (prochlorperazine) 5-10mg PO or 25mg PR bid prn nausea or vomiting"".  In these cases, two medication requests would be created that could be grouped together.  The decision on which dose and route of administration to use is based on the patient's condition at the time the dose is needed.","","","","","","","","",,,,,"",,,,"MedicationRequest.dosageInstruction",0,*,"","","…occurrence[x]","see dosageInstruction mapping"
"MedicationRequest.dosageInstruction.id","MedicationRequest.dosageInstruction.id","","","",0,1,"","","","string {[]} {[]}
","xml:id (or equivalent in JSON)","unique id for the element within a resource (for internal references). This may be any string value that does not contain spaces.","","","","","","","","","",,,,,"",,,,"Element.id",0,1,"","","n/a"
"MedicationRequest.dosageInstruction.extension","MedicationRequest.dosageInstruction.extension","","extensions
user content","",0,*,"","","","Extension {[]} {[]}
","Additional Content defined by implementations","May be used to represent additional information that is not part of the basic definition of the element. In order to make the use of extensions safe and manageable, there is a strict set of governance  applied to the definition and use of extensions. Though any implementer is allowed to define an extension, there is a set of requirements that SHALL be met as part of the definition of the extension.","There can be no stigma associated with the use of extensions by any application, project, or standard - regardless of the institution or jurisdiction that uses or defines the extensions.  The use of extensions is what allows the FHIR specification to retain a core level of simplicity for everyone.","","","","","","","","",,,,,"","value:url}
","Extensions are always sliced by (at least) url",,"open","Element.extension",0,*,"","","n/a"
"MedicationRequest.dosageInstruction.sequence","MedicationRequest.dosageInstruction.sequence","","","",0,1,"","","Y","integer {[]} {[]}
","The order of the dosage instructions","Indicates the order in which the dosage instructions should be applied or interpreted.","","If the sequence number of multiple Dosages is the same, then it is implied that the instructions are to be treated as concurrent.  If the sequence number is different, then the Dosages are intended to be sequential.","","","","","","","",,,,,"",,,,"Dosage.sequence",0,1,"","",".text"
"MedicationRequest.dosageInstruction.text","MedicationRequest.dosageInstruction.text","","","",0,1,"","","Y","string {[]} {[]}
","Conversão em texto da posologia estruturada definida na lista de posologias","Free text dosage instructions e.g. SIG.","","Free text dosage instructions can be used for cases where the instructions are too complex to code.  The content of this attribute does not include the name or description of the medication. When coded instructions are present, the free text instructions may still be present for display to humans taking or administering the medication. It is expected that the text instructions will always be populated.  If the dosage.timing attribute is also populated, then the dosage.text should reflect the same information as the timing.","","","","","","","",,,,,"",,,,"Dosage.text",0,1,"","",".text"
"MedicationRequest.dosageInstruction.additionalInstruction","MedicationRequest.dosageInstruction.additionalInstruction","","","",0,*,"","","Y","CodeableConcept {[]} {[]}
","Supplemental instruction - e.g. ""with meals""","Supplemental instruction - e.g. ""with meals"".","","Additional instruction such as ""Swallow with plenty of water"" which may or may not be coded.","","","","","","","",,"example","A coded concept identifying additional instructions such as ""take with water"" or ""avoid operating heavy machinery"".","http://hl7.org/fhir/ValueSet/additional-instruction-codes","",,,,"Dosage.additionalInstruction",0,*,"","",".text"
"MedicationRequest.dosageInstruction.patientInstruction","MedicationRequest.dosageInstruction.patientInstruction","","","",0,1,"","","Y","string {[]} {[]}
","Patient or consumer oriented instructions","Instructions in terms that are understood by the patient or consumer.","","","","","","","","","",,,,,"",,,,"Dosage.patientInstruction",0,1,"","",".text"
"MedicationRequest.dosageInstruction.timing","MedicationRequest.dosageInstruction.timing","","","",0,1,"","","Y","Timing {[]} {[]}
","O elemento timing foi normalizado pela IOP com base no dataType timing do HL7 FHIR.
Recomenda-se utilizar sempre que possível os elementos que compoem o timing para representar a posologia como forma de fazer uso dos elementos fornecidos pelo standard HL7 FHIR.
Entretanto, para atender os requisitos de negócio e as normas da Prescrição da Medicação, no qual indicam para utilizar catálogos disponibilizados pelo CTC, utilizar a extension ""med-prescription-dosage-line"" para descrever a posologia.
Isso justifica-se pois os elementos do standard HL7 FHIR f azem uso de catálogos pré-definidos e required.","When medication should be administered.","This attribute may not always be populated while the Dosage.text is expected to be populated.  If both are populated, then the Dosage.text should reflect the content of the Dosage.timing.","The timing schedule for giving the medication to the patient. The Schedule data type allows many different expressions. For example: ""Every 8 hours""; ""Three times a day""; ""1/2 an hour before breakfast for 10 days from 23-Dec 2011:""; ""15 Oct 2013, 17 Oct 2013 and 1 Nov 2013"".  Sometimes, a rate can imply duration when expressed as total volume / duration (e.g.  500mL/2 hours implies a duration of 2 hours).  However, when rate doesn't imply duration (e.g. 250mL/hour), then the timing.repeat.duration is needed to convey the infuse over time period.","","","","","","","",,,,,"",,,,"Dosage.timing",0,1,"","",".effectiveTime"
"MedicationRequest.dosageInstruction.timing.id","MedicationRequest.dosageInstruction.timing.id","","","",0,1,"","","","string {[]} {[]}
","xml:id (or equivalent in JSON)","unique id for the element within a resource (for internal references). This may be any string value that does not contain spaces.","","","","","","","","","",,,,,"",,,,"Element.id",0,1,"","","n/a"
"MedicationRequest.dosageInstruction.timing.extension","MedicationRequest.dosageInstruction.timing.extension","","extensions
user content","",0,*,"","","","Extension {[]} {[]}
","Additional Content defined by implementations","May be used to represent additional information that is not part of the basic definition of the element. In order to make the use of extensions safe and manageable, there is a strict set of governance  applied to the definition and use of extensions. Though any implementer is allowed to define an extension, there is a set of requirements that SHALL be met as part of the definition of the extension.","There can be no stigma associated with the use of extensions by any application, project, or standard - regardless of the institution or jurisdiction that uses or defines the extensions.  The use of extensions is what allows the FHIR specification to retain a core level of simplicity for everyone.","","","","","","","","",,,,,"","value:url}
","Extensions are always sliced by (at least) url",,"open","Element.extension",0,*,"","","n/a"
"MedicationRequest.dosageInstruction.timing.event","MedicationRequest.dosageInstruction.timing.event","","","",0,*,"","","Y","dateTime {[]} {[]}
","When the event occurs","Identifies specific times when the event occurs.","","In an MAR, for instance, you need to take a general specification, and turn it into a precise specification.","","","","","","","",,,,,"",,,,"Timing.event",0,*,"","","QLIST<TS>"
"MedicationRequest.dosageInstruction.timing.repeat","MedicationRequest.dosageInstruction.timing.repeat","","","",0,1,"","","Y","Element {[]} {[]}
","When the event is to occur","A set of rules that describe when the event is scheduled.","","Many timing schedules are determined by regular repetitions.","","","","","","","",,,,,"",,,,"Timing.repeat",0,1,"","ele-1:All FHIR elements must have a @value or children {hasValue() | (children().count() > id.count())}
tim-9:If there's an offset, there must be a when (and not C, CM, CD, CV) {offset.empty() or (when.exists() and ((when in ('C' | 'CM' | 'CD' | 'CV')).not()))}tim-5:period SHALL be a non-negative value {period.exists() implies period >= 0}tim-6:If there's a periodMax, there must be a period {periodMax.empty() or period.exists()}tim-7:If there's a durationMax, there must be a duration {durationMax.empty() or duration.exists()}tim-8:If there's a countMax, there must be a count {countMax.empty() or count.exists()}tim-1:if there's a duration, there needs to be duration units {duration.empty() or durationUnit.exists()}tim-10:If there's a timeOfDay, there cannot be be a when, or vice versa {timeOfDay.empty() or when.empty()}tim-2:if there's a period, there needs to be period units {period.empty() or periodUnit.exists()}tim-4:duration SHALL be a non-negative value {duration.exists() implies duration >= 0}","Implies PIVL or EIVL"
"MedicationRequest.dosageInstruction.timing.repeat.id","MedicationRequest.dosageInstruction.timing.repeat.id","","","",0,1,"","","","string {[]} {[]}
","xml:id (or equivalent in JSON)","unique id for the element within a resource (for internal references). This may be any string value that does not contain spaces.","","","","","","","","","",,,,,"",,,,"Element.id",0,1,"","","n/a"
"MedicationRequest.dosageInstruction.timing.repeat.extension","MedicationRequest.dosageInstruction.timing.repeat.extension","","extensions
user content","",0,*,"","","","Extension {[]} {[]}
","Additional Content defined by implementations","May be used to represent additional information that is not part of the basic definition of the element. In order to make the use of extensions safe and manageable, there is a strict set of governance  applied to the definition and use of extensions. Though any implementer is allowed to define an extension, there is a set of requirements that SHALL be met as part of the definition of the extension.","There can be no stigma associated with the use of extensions by any application, project, or standard - regardless of the institution or jurisdiction that uses or defines the extensions.  The use of extensions is what allows the FHIR specification to retain a core level of simplicity for everyone.","","","","","","","","",,,,,"","value:url}
","Extensions are always sliced by (at least) url",,"open","Element.extension",0,*,"","","n/a"
"MedicationRequest.dosageInstruction.timing.repeat.bounds[x]","MedicationRequest.dosageInstruction.timing.repeat.bounds[x]","","","",0,1,"","","Y","Period {[]} {[]}
","Length/Range of lengths, or (Start and/or end) limits","Either a duration for the length of the timing schedule, a range of possible length, or outer bounds for start and/or end limits of the timing schedule.","","","","","","","","","",,,,,"","type:$this}
","",,"closed","Timing.repeat.bounds[x]",0,1,"","","IVL(TS) used in a QSI"
"MedicationRequest.dosageInstruction.timing.repeat.bounds[x]:boundsPeriod","MedicationRequest.dosageInstruction.timing.repeat.bounds[x]","boundsPeriod","","",0,1,"","","Y","Period {[]} {[]}
","Length/Range of lengths, or (Start and/or end) limits","Either a duration for the length of the timing schedule, a range of possible length, or outer bounds for start and/or end limits of the timing schedule.","","","","","","","","","",,,,,"",,,,"Timing.repeat.bounds[x]",0,1,"","","IVL(TS) used in a QSI"
"MedicationRequest.dosageInstruction.timing.repeat.bounds[x]:boundsPeriod.id","MedicationRequest.dosageInstruction.timing.repeat.bounds[x].id","","","",0,1,"","","","string {[]} {[]}
","xml:id (or equivalent in JSON)","unique id for the element within a resource (for internal references). This may be any string value that does not contain spaces.","","","","","","","","","",,,,,"",,,,"Element.id",0,1,"","","n/a"
"MedicationRequest.dosageInstruction.timing.repeat.bounds[x]:boundsPeriod.extension","MedicationRequest.dosageInstruction.timing.repeat.bounds[x].extension","","extensions
user content","",0,*,"","","","Extension {[]} {[]}
","Additional Content defined by implementations","May be used to represent additional information that is not part of the basic definition of the element. In order to make the use of extensions safe and manageable, there is a strict set of governance  applied to the definition and use of extensions. Though any implementer is allowed to define an extension, there is a set of requirements that SHALL be met as part of the definition of the extension.","There can be no stigma associated with the use of extensions by any application, project, or standard - regardless of the institution or jurisdiction that uses or defines the extensions.  The use of extensions is what allows the FHIR specification to retain a core level of simplicity for everyone.","","","","","","","","",,,,,"","value:url}
","Extensions are always sliced by (at least) url",,"open","Element.extension",0,*,"","","n/a"
"MedicationRequest.dosageInstruction.timing.repeat.bounds[x]:boundsPeriod.start","MedicationRequest.dosageInstruction.timing.repeat.bounds[x].start","","","",0,1,"","","Y","dateTime {[]} {[]}
","Data de início para a toma","The start of the period. The boundary is inclusive.","If the low element is missing, the meaning is that the low boundary is not known.","","","","","","","","",,,,,"",,,,"Period.start",0,1,"per-1
","","./low","DR.1"
"MedicationRequest.dosageInstruction.timing.repeat.bounds[x]:boundsPeriod.end","MedicationRequest.dosageInstruction.timing.repeat.bounds[x].end","","","",0,1,"","","Y","dateTime {[]} {[]}
","Data de termo para a toma","The end of the period. If the end of the period is missing, it means that the period is ongoing. The start may be in the past, and the end date in the future, which means that period is expected/planned to end at that time.","The high value includes any matching date/time. i.e. 2012-02-03T10:00:00 is in a period that has a end value of 2012-02-03.","","","If the end of the period is missing, it means that the period is ongoing","","","","","",,,,,"",,,,"Period.end",0,1,"per-1
","","./high","DR.2"
"MedicationRequest.dosageInstruction.timing.repeat.count","MedicationRequest.dosageInstruction.timing.repeat.count","","","",0,1,"","","Y","integer {[]} {[]}
","Number of times to repeat","A total count of the desired number of repetitions.","If you have both bounds and count, then this should be understood as within the bounds period, until count times happens.","Repetitions may be limited by end time or total occurrences.","","","","","","","",,,,,"",,,,"Timing.repeat.count",0,1,"","","PIVL.count"
"MedicationRequest.dosageInstruction.timing.repeat.countMax","MedicationRequest.dosageInstruction.timing.repeat.countMax","","","",0,1,"","","Y","integer {[]} {[]}
","Maximum number of times to repeat","A maximum value for the count of the desired repetitions (e.g. do something 6-8 times).","","","","","","","","","",,,,,"",,,,"Timing.repeat.countMax",0,1,"","","PIVL.count"
"MedicationRequest.dosageInstruction.timing.repeat.duration","MedicationRequest.dosageInstruction.timing.repeat.duration","","","",0,1,"","","Y","decimal {[]} {[]}
","How long when it happens","How long this thing happens for when it happens.","For some events the duration is part of the definition of the event (e.g. IV infusions, where the duration is implicit in the specified quantity and rate). For others, it's part of the timing specification (e.g. exercise).","Some activities are not instantaneous and need to be maintained for a period of time.","","","","","","","",,,,,"",,,,"Timing.repeat.duration",0,1,"","","PIVL.phase"
"MedicationRequest.dosageInstruction.timing.repeat.durationMax","MedicationRequest.dosageInstruction.timing.repeat.durationMax","","","",0,1,"","","Y","decimal {[]} {[]}
","How long when it happens (Max)","The upper limit of how long this thing happens for when it happens.","For some events the duration is part of the definition of the event (e.g. IV infusions, where the duration is implicit in the specified quantity and rate). For others, it's part of the timing specification (e.g. exercise).","Some activities are not instantaneous and need to be maintained for a period of time.","","","","","","","",,,,,"",,,,"Timing.repeat.durationMax",0,1,"","","PIVL.phase"
"MedicationRequest.dosageInstruction.timing.repeat.durationUnit","MedicationRequest.dosageInstruction.timing.repeat.durationUnit","","","",0,1,"","","Y","code {[]} {[]}
","Unidade da duração do Tratamento/Tempo
s | min | h | d | wk | mo | a - unit of time (UCUM) UnitsOfTime(Required)
e.g.: 'wk'","The units of time for the duration, in UCUM units.","","","","","","","","","",,"required","A unit of time (units from UCUM).","http://hl7.org/fhir/ValueSet/units-of-time","",,,,"Timing.repeat.durationUnit",0,1,"","","PIVL.phase.unit"
"MedicationRequest.dosageInstruction.timing.repeat.frequency","MedicationRequest.dosageInstruction.timing.repeat.frequency","","","",0,1,"","","Y","integer {[]} {[]}
","Event occurs frequency times per period","The number of times to repeat the action within the specified period / period range (i.e. both period and periodMax provided).","","","<valueInteger xmlns=""http://hl7.org/fhir"" value=""1""/>","","","","","","",,,,,"",,,,"Timing.repeat.frequency",0,1,"","","PIVL.phase"
"MedicationRequest.dosageInstruction.timing.repeat.frequencyMax","MedicationRequest.dosageInstruction.timing.repeat.frequencyMax","","","",0,1,"","","Y","integer {[]} {[]}
","Event occurs up to frequencyMax times per period","If present, indicates that the frequency is a range - so to repeat between [frequency] and [frequencyMax] times within the period or period range.","","","","","","","","","",,,,,"",,,,"Timing.repeat.frequencyMax",0,1,"","","PIVL.phase"
"MedicationRequest.dosageInstruction.timing.repeat.period","MedicationRequest.dosageInstruction.timing.repeat.period","","","",0,1,"","","Y","decimal {[]} {[]}
","Indica a duração do tempo durante o qual as repetições devem ocorrer; por exemplo, para expressar ""3 vezes por dia"", 3 seria a frequência e ""1 dia"" seria o período.","Indicates the duration of time over which repetitions are to occur; e.g. to express ""3 times per day"", 3 would be the frequency and ""1 day"" would be the period.","","","","","","","","","",,,,,"",,,,"Timing.repeat.period",0,1,"","","PIVL.phase"
"MedicationRequest.dosageInstruction.timing.repeat.periodMax","MedicationRequest.dosageInstruction.timing.repeat.periodMax","","","",0,1,"","","Y","decimal {[]} {[]}
","Upper limit of period (3-4 hours)","If present, indicates that the period is a range from [period] to [periodMax], allowing expressing concepts such as ""do this once every 3-5 days.","","","","","","","","","",,,,,"",,,,"Timing.repeat.periodMax",0,1,"","","PIVL.phase"
"MedicationRequest.dosageInstruction.timing.repeat.periodUnit","MedicationRequest.dosageInstruction.timing.repeat.periodUnit","","","",0,1,"","","Y","code {[]} {[]}
","Unidades de tempo do período.","The units of time for the period in UCUM units.","","","","","","","","","",,"required","A unit of time (units from UCUM).","http://hl7.org/fhir/ValueSet/units-of-time","",,,,"Timing.repeat.periodUnit",0,1,"","","PIVL.phase.unit"
"MedicationRequest.dosageInstruction.timing.repeat.dayOfWeek","MedicationRequest.dosageInstruction.timing.repeat.dayOfWeek","","","",0,*,"","","Y","code {[]} {[]}
","mon | tue | wed | thu | fri | sat | sun","If one or more days of week is provided, then the action happens only on the specified day(s).","If no days are specified, the action is assumed to happen every day as otherwise specified. The elements frequency and period cannot be used as well as dayOfWeek.","","","","","","","","",,"required","","http://hl7.org/fhir/ValueSet/days-of-week","",,,,"Timing.repeat.dayOfWeek",0,*,"","","n/a"
"MedicationRequest.dosageInstruction.timing.repeat.timeOfDay","MedicationRequest.dosageInstruction.timing.repeat.timeOfDay","","","",0,*,"","","Y","time {[]} {[]}
","Time of day for action","Specified time of day for action to take place.","When time of day is specified, it is inferred that the action happens every day (as filtered by dayofWeek) on the specified times. The elements when, frequency and period cannot be used as well as timeOfDay.","","","","","","","","",,,,,"",,,,"Timing.repeat.timeOfDay",0,*,"","","n/a"
"MedicationRequest.dosageInstruction.timing.repeat.when","MedicationRequest.dosageInstruction.timing.repeat.when","","","",0,*,"","","Y","code {[]} {[]}
","Regular life events the event is tied to","Real world events that the occurrence of the event should be tied to.","When more than one event is listed, the event is tied to the union of the specified events.","Timings are frequently determined by occurrences such as waking, eating and sleep.","","","","","","","",,"required","Real world event relating to the schedule.","http://hl7.org/fhir/ValueSet/event-timing","",,,,"Timing.repeat.when",0,*,"","","EIVL.event"
"MedicationRequest.dosageInstruction.timing.repeat.offset","MedicationRequest.dosageInstruction.timing.repeat.offset","","","",0,1,"","","Y","unsignedInt {[]} {[]}
","Minutes from event (before or after)","The number of minutes from the event. If the event code does not indicate whether the minutes is before or after the event, then the offset is assumed to be after the event.","","","","","","","","","",,,,,"",,,,"Timing.repeat.offset",0,1,"","","EIVL.offset"
"MedicationRequest.dosageInstruction.timing.code","MedicationRequest.dosageInstruction.timing.code","","","",0,1,"","","Y","CodeableConcept {[]} {[]}
","BID | TID | QID | AM | PM | QD | QOD | Q4H | Q6H +","A code for the timing schedule. Some codes such as BID are ubiquitous, but many institutions define their own additional codes. If a code is provided, the code is understood to be a complete statement of whatever is specified in the structured timing data, and either the code or the data may be used to interpret the Timing, with the exception that .repeat.bounds still applies over the code (and is not contained in the code).","BID etc are defined as 'at institutionally specified times'. For example, an institution may choose that BID is ""always at 7am and 6pm"".  If it is inappropriate for this choice to be made, the code BID should not be used. Instead, a distinct organization-specific code should be used in place of the HL7-defined BID code and/or the a structured representation should be used (in this case, specifying the two event times).","","","","","","","","",,"preferred","Code for a known / defined timing pattern.","http://hl7.org/fhir/ValueSet/timing-abbreviation","",,,,"Timing.code",0,1,"","","QSC.code"
"MedicationRequest.dosageInstruction.asNeeded[x]","MedicationRequest.dosageInstruction.asNeeded[x]","","","",0,1,"","","Y","boolean {[]} {[]}
CodeableConcept {[]} {[]}","Take ""as needed"" (for x)","Indicates whether the Medication is only taken when needed within a specific dosing schedule (Boolean option), or it indicates the precondition for taking the Medication (CodeableConcept).","Can express ""as needed"" without a reason by setting the Boolean = True.  In this case the CodeableConcept is not populated.  Or you can express ""as needed"" with a reason by including the CodeableConcept.  In this case the Boolean is assumed to be True.  If you set the Boolean to False, then the dose is given according to the schedule and is not ""prn"" or ""as needed"".","","","","","","","","",,"example","A coded concept identifying the precondition that should be met or evaluated prior to consuming or administering a medication dose.  For example ""pain"", ""30 minutes prior to sexual intercourse"", ""on flare-up"" etc.","http://hl7.org/fhir/ValueSet/medication-as-needed-reason","",,,,"Dosage.asNeeded[x]",0,1,"","",".outboundRelationship[typeCode=PRCN].target[classCode=OBS, moodCode=EVN, code=""as needed""].value=boolean or codable concept"
"MedicationRequest.dosageInstruction.site","MedicationRequest.dosageInstruction.site","","","",0,1,"","","Y","CodeableConcept {[]} {[]}
","Body site to administer to","Body site to administer to.","If the use case requires attributes from the BodySite resource (e.g. to identify and track separately) then use the standard extension [body-site-instance](http://hl7.org/fhir/STU3/extension-body-site-instance.html).  May be a summary code, or a reference to a very precise definition of the location, or both.","A coded specification of the anatomic site where the medication first enters the body.","","","","","","","",,"example","A coded concept describing the site location the medicine enters into or onto the body.","http://hl7.org/fhir/ValueSet/approach-site-codes","",,,,"Dosage.site",0,1,"","",".approachSiteCode"
"MedicationRequest.dosageInstruction.route","MedicationRequest.dosageInstruction.route","","","",0,1,"","","Y","CodeableConcept {[]} {[]}
","How drug should enter body","How drug should enter body.","","A code specifying the route or physiological path of administration of a therapeutic agent into or onto a patient's body.","","","","","","","",,"example","A coded concept describing the route or physiological path of administration of a therapeutic agent into or onto the body of a subject.","http://hl7.org/fhir/ValueSet/route-codes","",,,,"Dosage.route",0,1,"","",".routeCode"
"MedicationRequest.dosageInstruction.method","MedicationRequest.dosageInstruction.method","","","",0,1,"","","Y","CodeableConcept {[]} {[]}
","Technique for administering medication","Technique for administering medication.","Terminologies used often pre-coordinate this term with the route and or form of administration.","A coded value indicating the method by which the medication is introduced into or onto the body. Most commonly used for injections.  For examples, Slow Push; Deep IV.","","","","","","","",,"example","A coded concept describing the technique by which the medicine is administered.","http://hl7.org/fhir/ValueSet/administration-method-codes","",,,,"Dosage.method",0,1,"","",".doseQuantity"
"MedicationRequest.dosageInstruction.dose[x]","MedicationRequest.dosageInstruction.dose[x]","","","",0,1,"","","Y","Range {[]} {[]}
Quantity {[CanonicalType[http://hl7.org/fhir/StructureDefinition/SimpleQuantity]]} {[]}","Amount of medication per dose","Amount of medication per dose.","Note that this specifies the quantity of the specified medication, not the quantity for each active ingredient(s). Each ingredient amount can be communicated in the Medication resource. For example, if one wants to communicate that a tablet was 375 mg, where the dose was one tablet, you can use the Medication resource to document that the tablet was comprised of 375 mg of drug XYZ. Alternatively if the dose was 375 mg, then you may only need to use the Medication resource to indicate this was a tablet. If the example were an IV such as dopamine and you wanted to communicate that 400mg of dopamine was mixed in 500 ml of some IV solution, then this would all be communicated in the Medication resource. If the administration is not intended to be instantaneous (rate is present or timing has a duration), this can be specified to convey the total amount to be administered over the period of time as indicated by the schedule e.g. 500 ml in dose, with timing used to convey that this should be done over 4 hours.","The amount of therapeutic or other substance given at one administration event.","","","","","","","",,,,,"",,,,"Dosage.dose[x]",0,1,"","",".doseQuantity"
"MedicationRequest.dosageInstruction.maxDosePerPeriod","MedicationRequest.dosageInstruction.maxDosePerPeriod","","","",0,1,"","","Y","Ratio {[]} {[]}
","Upper limit on medication per unit of time","Upper limit on medication per unit of time.","This is intended for use as an adjunct to the dosage when there is an upper cap.  For example ""2 tablets every 4 hours to a maximum of 8/day"".","The maximum total quantity of a therapeutic substance that may be administered to a subject over the period of time.  For example, 1000mg in 24 hours.","","","","","","","",,,,,"",,,,"Dosage.maxDosePerPeriod",0,1,"","",".maxDoseQuantity"
"MedicationRequest.dosageInstruction.maxDosePerAdministration","MedicationRequest.dosageInstruction.maxDosePerAdministration","","","",0,1,"","","Y","Quantity {[CanonicalType[http://hl7.org/fhir/StructureDefinition/SimpleQuantity]]} {[]}
","Upper limit on medication per administration","Upper limit on medication per administration.","This is intended for use as an adjunct to the dosage when there is an upper cap.  For example, a body surface area related dose with a maximum amount, such as 1.5 mg/m2 (maximum 2 mg) IV over 5 – 10 minutes would have doseQuantity of 1.5 mg/m2 and maxDosePerAdministration of 2 mg.","The maximum total quantity of a therapeutic substance that may be administered to a subject per administration.","","","","","","","",,,,,"",,,,"Dosage.maxDosePerAdministration",0,1,"","","not supported"
"MedicationRequest.dosageInstruction.maxDosePerLifetime","MedicationRequest.dosageInstruction.maxDosePerLifetime","","","",0,1,"","","Y","Quantity {[CanonicalType[http://hl7.org/fhir/StructureDefinition/SimpleQuantity]]} {[]}
","Upper limit on medication per lifetime of the patient","Upper limit on medication per lifetime of the patient.","","The maximum total quantity of a therapeutic substance that may be administered per lifetime of the subject.","","","","","","","",,,,,"",,,,"Dosage.maxDosePerLifetime",0,1,"","","not supported"
"MedicationRequest.dosageInstruction.rate[x]","MedicationRequest.dosageInstruction.rate[x]","","","",0,1,"","","Y","Ratio {[]} {[]}
Range {[]} {[]}Quantity {[CanonicalType[http://hl7.org/fhir/StructureDefinition/SimpleQuantity]]} {[]}","Amount of medication per unit of time","Amount of medication per unit of time.","It is possible to supply both a rate and a doseQuantity to provide full details about how the medication is to be administered and supplied. If the rate is intended to change over time, depending on local rules/regulations, each change should be captured as a new version of the MedicationRequest with an updated rate, or captured with a new MedicationRequest with the new rate.","Identifies the speed with which the medication was or will be introduced into the patient. Typically the rate for an infusion e.g. 100 ml per 1 hour or 100 ml/hr.  May also be expressed as a rate per unit of time e.g. 500 ml per 2 hours.   Other examples: 200 mcg/min or 200 mcg/1 minute; 1 liter/8 hours.  Sometimes, a rate can imply duration when expressed as total volume / duration (e.g.  500mL/2 hours implies a duration of 2 hours).  However, when rate doesn't imply duration (e.g. 250mL/hour), then the timing.repeat.duration is needed to convey the infuse over time period.","","","","","","","",,,,,"",,,,"Dosage.rate[x]",0,1,"","",".rateQuantity"
"MedicationRequest.dispenseRequest","MedicationRequest.dispenseRequest","","","",0,1,"","","","BackboneElement {[]} {[]}
","Medication supply authorization","Indicates the specific details for the dispense or medication supply part of a medication request (also known as a Medication Prescription or Medication Order).  Note that this information is not always sent with the order.  There may be in some settings (e.g. hospitals) institutional or system support for completing the dispense details in the pharmacy department.","","","","","","","","","",,,,,"",,,,"MedicationRequest.dispenseRequest",0,1,"","ele-1:All FHIR elements must have a @value or children {hasValue() | (children().count() > id.count())}
","Message/Body/NewRx/MedicationPrescribed/ExpirationDate","component.supplyEvent"
"MedicationRequest.dispenseRequest.id","MedicationRequest.dispenseRequest.id","","","",0,1,"","","","string {[]} {[]}
","xml:id (or equivalent in JSON)","unique id for the element within a resource (for internal references). This may be any string value that does not contain spaces.","","","","","","","","","",,,,,"",,,,"Element.id",0,1,"","","n/a"
"MedicationRequest.dispenseRequest.extension","MedicationRequest.dispenseRequest.extension","","extensions
user content","",0,*,"","","","Extension {[]} {[]}
","Additional Content defined by implementations","May be used to represent additional information that is not part of the basic definition of the element. In order to make the use of extensions safe and manageable, there is a strict set of governance  applied to the definition and use of extensions. Though any implementer is allowed to define an extension, there is a set of requirements that SHALL be met as part of the definition of the extension.","There can be no stigma associated with the use of extensions by any application, project, or standard - regardless of the institution or jurisdiction that uses or defines the extensions.  The use of extensions is what allows the FHIR specification to retain a core level of simplicity for everyone.","","","","","","","","",,,,,"",,,,"Element.extension",0,*,"","","n/a"
"MedicationRequest.dispenseRequest.modifierExtension","MedicationRequest.dispenseRequest.modifierExtension","","extensions
user contentmodifiers","",0,*,"","Y","Y","Extension {[]} {[]}
","Extensions that cannot be ignored","May be used to represent additional information that is not part of the basic definition of the element, and that modifies the understanding of the element that contains it. Usually modifier elements provide negation or qualification. In order to make the use of extensions safe and manageable, there is a strict set of governance applied to the definition and use of extensions. Though any implementer is allowed to define an extension, there is a set of requirements that SHALL be met as part of the definition of the extension. Applications processing a resource are required to check for modifier extensions.","There can be no stigma associated with the use of extensions by any application, project, or standard - regardless of the institution or jurisdiction that uses or defines the extensions.  The use of extensions is what allows the FHIR specification to retain a core level of simplicity for everyone.","","","","","","","","",,,,,"",,,,"BackboneElement.modifierExtension",0,*,"","","N/A"
"MedicationRequest.dispenseRequest.validityPeriod","MedicationRequest.dispenseRequest.validityPeriod","","","",0,1,"","","","Period {[]} {[]}
","Time period supply is authorized for","This indicates the validity period of a prescription (stale dating the Prescription).","It reflects the prescribers' perspective for the validity of the prescription. Dispenses must not be made against the prescription outside of this period. The lower-bound of the Dispensing Window signifies the earliest date that the prescription can be filled for the first time. If an upper-bound is not specified then the Prescription is open-ended or will default to a stale-date based on regulations.","Indicates when the Prescription becomes valid, and when it ceases to be a dispensable Prescription.","","","","","","","",,,,,"",,,,"MedicationRequest.dispenseRequest.validityPeriod",0,1,"","","Message/Body/NewRx/MedicationPrescribed/Refills","effectiveTime"
"MedicationRequest.dispenseRequest.numberOfRepeatsAllowed","MedicationRequest.dispenseRequest.numberOfRepeatsAllowed","","","",0,1,"","","","positiveInt {[]} {[]}
","Number of refills authorized","An integer indicating the number of times, in addition to the original dispense, (aka refills or repeats) that the patient can receive the prescribed medication. Usage Notes: This integer does not include the original order dispense. This means that if an order indicates dispense 30 tablets plus ""3 repeats"", then the order can be dispensed a total of 4 times and the patient can receive a total of 120 tablets.","If displaying ""number of authorized fills"", add 1 to this number.","","","","","","","","",,,,,"",,,,"MedicationRequest.dispenseRequest.numberOfRepeatsAllowed",0,1,"","","Message/Body/NewRx/MedicationPrescribed/Quantity","repeatNumber","RXE-12-Number of Refills"
"MedicationRequest.dispenseRequest.quantity","MedicationRequest.dispenseRequest.quantity","","","",0,1,"","","","Quantity {[CanonicalType[http://hl7.org/fhir/StructureDefinition/SimpleQuantity]]} {[]}
","Amount of medication to supply per dispense","The amount that is to be dispensed for one fill.","","","","","","","","","",,,,,"",,,,"MedicationRequest.dispenseRequest.quantity",0,1,"","","Message/Body/NewRx/MedicationPrescribed/DaysSupply","quantity","RXD-4-Actual Dispense Amount / RXD-5.1-Actual Dispense Units.code / RXD-5.3-Actual Dispense Units.name of coding system"
"MedicationRequest.dispenseRequest.expectedSupplyDuration","MedicationRequest.dispenseRequest.expectedSupplyDuration","","","",0,1,"","","","Duration {[]} {[]}
","Number of days supply per dispense","Identifies the period time over which the supplied product is expected to be used, or the length of time the dispense is expected to last.","In some situations, this attribute may be used instead of quantity to identify the amount supplied by how long it is expected to last, rather than the physical quantity issued, e.g. 90 days supply of medication (based on an ordered dosage) When possible, it is always better to specify quantity, as this tends to be more precise. expectedSupplyDuration will always be an estimate that can be influenced by external factors.","","","","","","","","",,,,,"",,,,"MedicationRequest.dispenseRequest.expectedSupplyDuration",0,1,"","","Message/Body/NewRx/MedicationPrescribed/Substitutions","expectedUseTime"
"MedicationRequest.dispenseRequest.performer","MedicationRequest.dispenseRequest.performer","","","",0,1,"","","","Reference {[]} {[CanonicalType[http://hl7.org/fhir/StructureDefinition/Organization]]}
","Intended dispenser","Indicates the intended dispensing Organization specified by the prescriber.","","","","","","","","","",,,,,"",,,,"MedicationRequest.dispenseRequest.performer",0,1,"","",".outboundRelationship[typeCode=COMP].target[classCode=SPLY, moodCode=RQO] .participation[typeCode=PRF].role[scoper.determinerCode=INSTANCE]","who","who"
"MedicationRequest.substitution","MedicationRequest.substitution","","","",0,1,"","","","BackboneElement {[]} {[]}
","Any restrictions on medication substitution","Indicates whether or not substitution can or should be part of the dispense. In some cases substitution must happen, in other cases substitution must not happen. This block explains the prescriber's intent. If nothing is specified substitution may be done.","","","","","","","","","",,,,,"",,,,"MedicationRequest.substitution",0,1,"","ele-1:All FHIR elements must have a @value or children {hasValue() | (children().count() > id.count())}
","specific values within Message/Body/NewRx/MedicationPrescribed/Substitutions","subjectOf.substitutionPersmission"
"MedicationRequest.substitution.id","MedicationRequest.substitution.id","","","",0,1,"","","","string {[]} {[]}
","xml:id (or equivalent in JSON)","unique id for the element within a resource (for internal references). This may be any string value that does not contain spaces.","","","","","","","","","",,,,,"",,,,"Element.id",0,1,"","","n/a"
"MedicationRequest.substitution.extension","MedicationRequest.substitution.extension","","extensions
user content","",0,*,"","","","Extension {[]} {[]}
","Additional Content defined by implementations","May be used to represent additional information that is not part of the basic definition of the element. In order to make the use of extensions safe and manageable, there is a strict set of governance  applied to the definition and use of extensions. Though any implementer is allowed to define an extension, there is a set of requirements that SHALL be met as part of the definition of the extension.","There can be no stigma associated with the use of extensions by any application, project, or standard - regardless of the institution or jurisdiction that uses or defines the extensions.  The use of extensions is what allows the FHIR specification to retain a core level of simplicity for everyone.","","","","","","","","",,,,,"",,,,"Element.extension",0,*,"","","n/a"
"MedicationRequest.substitution.modifierExtension","MedicationRequest.substitution.modifierExtension","","extensions
user contentmodifiers","",0,*,"","Y","Y","Extension {[]} {[]}
","Extensions that cannot be ignored","May be used to represent additional information that is not part of the basic definition of the element, and that modifies the understanding of the element that contains it. Usually modifier elements provide negation or qualification. In order to make the use of extensions safe and manageable, there is a strict set of governance applied to the definition and use of extensions. Though any implementer is allowed to define an extension, there is a set of requirements that SHALL be met as part of the definition of the extension. Applications processing a resource are required to check for modifier extensions.","There can be no stigma associated with the use of extensions by any application, project, or standard - regardless of the institution or jurisdiction that uses or defines the extensions.  The use of extensions is what allows the FHIR specification to retain a core level of simplicity for everyone.","","","","","","","","",,,,,"",,,,"BackboneElement.modifierExtension",0,*,"","","N/A"
"MedicationRequest.substitution.allowed","MedicationRequest.substitution.allowed","","","",1,1,"","Y","","boolean {[]} {[]}
","Whether substitution is allowed or not","True if the prescriber allows a different drug to be dispensed from what was prescribed.","This element is labeled as a modifer because whether substitution is allow or not cannot be ignored.","","","","","","","","",,,,,"",,,,"MedicationRequest.substitution.allowed",1,1,"","","specific values within Message/Body/NewRx/MedicationPrescribed/Substitutions","code","RXO-9-Allow Substitutions / RXE-9-Substitution Status"
"MedicationRequest.substitution.reason","MedicationRequest.substitution.reason","","","",0,1,"","","","CodeableConcept {[]} {[]}
","Why should (not) substitution be made","Indicates the reason for the substitution, or why substitution must or must not be performed.","","","","","","","","","",,"example","A coded concept describing the reason that a different medication should (or should not) be substituted from what was prescribed.","http://hl7.org/fhir/ValueSet/v3-SubstanceAdminSubstitutionReason","",,,,"MedicationRequest.substitution.reason",0,1,"","","not mapped","reasonCode","RXE-9 Substition status"
"MedicationRequest.priorPrescription","MedicationRequest.priorPrescription","","","",0,1,"","","","Reference {[]} {[CanonicalType[http://hl7.org/fhir/StructureDefinition/MedicationRequest]]}
","An order/prescription that is being replaced","A link to a resource representing an earlier order related order or prescription.","","","","","","","","","",,,,,"",,,,"MedicationRequest.priorPrescription",0,1,"","","…replaces","not mapped",".outboundRelationship[typeCode=?RPLC or ?SUCC]/target[classCode=SBADM,moodCode=RQO]"
"MedicationRequest.detectedIssue","MedicationRequest.detectedIssue","","Contraindication
Drug Utilization Review (DUR)Alert","",0,*,"","","","Reference {[]} {[CanonicalType[http://hl7.org/fhir/StructureDefinition/DetectedIssue]]}
","Clinical Issue with action","Indicates an actual or potential clinical issue with or between one or more active or proposed clinical actions for a patient; e.g. Drug-drug interaction, duplicate therapy, dosage alert etc.","","","","","","","","","",,,,,"",,,,"MedicationRequest.detectedIssue",0,*,"","",".inboundRelationship[typeCode=SUBJ]/source[classCode=ALRT,moodCode=EVN].value"
"MedicationRequest.eventHistory","MedicationRequest.eventHistory","","","",0,*,"","","","Reference {[]} {[CanonicalType[http://hl7.org/fhir/StructureDefinition/Provenance]]}
","A list of events of interest in the lifecycle","Links to Provenance records for past versions of this resource or fulfilling request or event resources that identify key state transitions or updates that are likely to be relevant to a user looking at the current version of the resource.","This may not include provenances for all versions of the request – only those deemed “relevant” or important. This SHALL NOT include the Provenance associated with this current version of the resource. (If that provenance is deemed to be a “relevant” change, it will need to be added as part of a later update. Until then, it can be queried directly as the Provenance that points to this version using _revinclude All Provenances should have some historical version of this Request as their subject.).","","","","","","","","",,,,,"",,,,"MedicationRequest.eventHistory",0,*,"","","…relevantHistory",".inboundRelationship(typeCode=SUBJ].source[classCode=CACT, moodCode=EVN]"
