<?xml version="1.0" encoding="UTF-8"?>

<Bundle xmlns="http://hl7.org/fhir">
  <id value="0ca85310-2a35-4995-8a74-8ecc2f90f55a"/>
  <meta>
    <lastUpdated value="2022-07-14T10:13:19.640+00:00"/>
  </meta>
  <type value="collection"/>
  <entry>
    <fullUrl value="http://example.com/fhir/example/ValueSet/EventCodeVS"/>
    <resource>
      <ValueSet>
        <id value="EventCodeVS"/>
        <text>
          <status value="generated"/>
          <div xmlns="http://www.w3.org/1999/xhtml">
            <p>This value set contains 0 concepts</p>
            <table class="codes">
              <tr>
                <td style="white-space:nowrap">
                  <b>Code</b>
                </td>
                <td>
                  <b>System</b>
                </td>
                <td>
                  <b>Display</b>
                </td>
              </tr>
            </table>
          </div>
        </text>
        <url value="http://example.com/fhir/example/ValueSet/EventCodeVS"/>
        <version value="1.0.0"/>
        <name value="EventCodeVS"/>
        <status value="active"/>
        <date value="2022-07-14T10:13:19+00:00"/>
        <publisher value="HL7 Portugal"/>
        <contact>
          <name value="HL7 Portugal"/>
          <telecom>
            <system value="url"/>
            <value value="http://hl7.pt"/>
          </telecom>
          <telecom>
            <system value="email"/>
            <value value="info@hl7.pt"/>
          </telecom>
        </contact>
        <contact>
          <name value="Bob Smith"/>
          <telecom>
            <system value="email"/>
            <value value="bobsmith@example.com"/>
            <use value="work"/>
          </telecom>
        </contact>
        <jurisdiction>
          <coding>
            <system value="http://unstats.un.org/unsd/methods/m49/m49.htm"/>
            <code value="001"/>
            <display value="World"/>
          </coding>
        </jurisdiction>
        <expansion>
          <identifier value="urn:uuid:a3e5cc1b-79f2-4af5-8922-28d1d32adc7f"/>
          <timestamp value="2022-07-14T10:13:43+00:00"/>
          <parameter>
            <name value="excludeNested"/>
            <valueBoolean value="false"/>
          </parameter>
        </expansion>
      </ValueSet>
    </resource>
  </entry>
  <entry>
    <fullUrl value="http://example.com/fhir/example/ValueSet/EventagsVS"/>
    <resource>
      <ValueSet>
        <id value="EventagsVS"/>
        <text>
          <status value="generated"/>
          <div xmlns="http://www.w3.org/1999/xhtml">
            <p>This value set contains 0 concepts</p>
            <table class="codes">
              <tr>
                <td style="white-space:nowrap">
                  <b>Code</b>
                </td>
                <td>
                  <b>System</b>
                </td>
                <td>
                  <b>Display</b>
                </td>
              </tr>
            </table>
          </div>
        </text>
        <url value="http://example.com/fhir/example/ValueSet/EventagsVS"/>
        <version value="1.0.0"/>
        <name value="EventagsVS"/>
        <status value="active"/>
        <date value="2022-07-14T10:13:19+00:00"/>
        <publisher value="HL7 Portugal"/>
        <contact>
          <name value="HL7 Portugal"/>
          <telecom>
            <system value="url"/>
            <value value="http://hl7.pt"/>
          </telecom>
          <telecom>
            <system value="email"/>
            <value value="info@hl7.pt"/>
          </telecom>
        </contact>
        <contact>
          <name value="Bob Smith"/>
          <telecom>
            <system value="email"/>
            <value value="bobsmith@example.com"/>
            <use value="work"/>
          </telecom>
        </contact>
        <jurisdiction>
          <coding>
            <system value="http://unstats.un.org/unsd/methods/m49/m49.htm"/>
            <code value="001"/>
            <display value="World"/>
          </coding>
        </jurisdiction>
        <expansion>
          <identifier value="urn:uuid:563e1722-b0fc-43af-9038-3db0c4754c0a"/>
          <timestamp value="2022-07-14T10:13:43+00:00"/>
          <parameter>
            <name value="excludeNested"/>
            <valueBoolean value="false"/>
          </parameter>
        </expansion>
      </ValueSet>
    </resource>
  </entry>
  <entry>
    <fullUrl value="http://example.com/fhir/example/ValueSet/MeaningOrderVS"/>
    <resource>
      <ValueSet>
        <id value="MeaningOrderVS"/>
        <text>
          <status value="generated"/>
          <div xmlns="http://www.w3.org/1999/xhtml">
            <p>This value set contains 0 concepts</p>
            <table class="codes">
              <tr>
                <td style="white-space:nowrap">
                  <b>Code</b>
                </td>
                <td>
                  <b>System</b>
                </td>
                <td>
                  <b>Display</b>
                </td>
              </tr>
            </table>
          </div>
        </text>
        <url value="http://example.com/fhir/example/ValueSet/MeaningOrderVS"/>
        <version value="1.0.0"/>
        <name value="MeaningOrderVS"/>
        <status value="active"/>
        <date value="2022-07-14T10:13:19+00:00"/>
        <publisher value="HL7 Portugal"/>
        <contact>
          <name value="HL7 Portugal"/>
          <telecom>
            <system value="url"/>
            <value value="http://hl7.pt"/>
          </telecom>
          <telecom>
            <system value="email"/>
            <value value="info@hl7.pt"/>
          </telecom>
        </contact>
        <contact>
          <name value="Bob Smith"/>
          <telecom>
            <system value="email"/>
            <value value="bobsmith@example.com"/>
            <use value="work"/>
          </telecom>
        </contact>
        <jurisdiction>
          <coding>
            <system value="http://unstats.un.org/unsd/methods/m49/m49.htm"/>
            <code value="001"/>
            <display value="World"/>
          </coding>
        </jurisdiction>
        <expansion>
          <identifier value="urn:uuid:bb98442a-468b-4af3-95ea-62abebe448a9"/>
          <timestamp value="2022-07-14T10:13:43+00:00"/>
          <parameter>
            <name value="excludeNested"/>
            <valueBoolean value="false"/>
          </parameter>
        </expansion>
      </ValueSet>
    </resource>
  </entry>
</Bundle>