{
  "resourceType" : "Bundle",
  "id" : "0f435844-183d-404b-bfec-d65c1e1ca456",
  "meta" : {
    "lastUpdated" : "2022-07-14T09:51:10.041+00:00"
  },
  "type" : "collection",
  "entry" : [{
    "fullUrl" : "http://example.com/fhir/example/ValueSet/EventCodeVS",
    "resource" : {
      "resourceType" : "ValueSet",
      "id" : "EventCodeVS",
      "text" : {
        "status" : "generated",
        "div" : "<div xmlns=\"http://www.w3.org/1999/xhtml\"><p>This value set contains 0 concepts</p><table class=\"codes\"><tr><td style=\"white-space:nowrap\"><b>Code</b></td><td><b>System</b></td><td><b>Display</b></td></tr></table></div>"
      },
      "url" : "http://example.com/fhir/example/ValueSet/EventCodeVS",
      "version" : "1.0.0",
      "name" : "EventCodeVS",
      "status" : "active",
      "date" : "2022-07-14T09:51:10+00:00",
      "publisher" : "HL7 Portugal",
      "contact" : [{
        "name" : "HL7 Portugal",
        "telecom" : [{
          "system" : "url",
          "value" : "http://hl7.pt"
        },
        {
          "system" : "email",
          "value" : "info@hl7.pt"
        }]
      },
      {
        "name" : "Bob Smith",
        "telecom" : [{
          "system" : "email",
          "value" : "bobsmith@example.com",
          "use" : "work"
        }]
      }],
      "jurisdiction" : [{
        "coding" : [{
          "system" : "http://unstats.un.org/unsd/methods/m49/m49.htm",
          "code" : "001",
          "display" : "World"
        }]
      }],
      "expansion" : {
        "identifier" : "urn:uuid:83312a86-5c9b-4a6f-9a5f-415557912f21",
        "timestamp" : "2022-07-14T09:51:30+00:00",
        "parameter" : [{
          "name" : "excludeNested",
          "valueBoolean" : false
        }]
      }
    }
  },
  {
    "fullUrl" : "http://example.com/fhir/example/ValueSet/EventagsVS",
    "resource" : {
      "resourceType" : "ValueSet",
      "id" : "EventagsVS",
      "text" : {
        "status" : "generated",
        "div" : "<div xmlns=\"http://www.w3.org/1999/xhtml\"><p>This value set contains 0 concepts</p><table class=\"codes\"><tr><td style=\"white-space:nowrap\"><b>Code</b></td><td><b>System</b></td><td><b>Display</b></td></tr></table></div>"
      },
      "url" : "http://example.com/fhir/example/ValueSet/EventagsVS",
      "version" : "1.0.0",
      "name" : "EventagsVS",
      "status" : "active",
      "date" : "2022-07-14T09:51:10+00:00",
      "publisher" : "HL7 Portugal",
      "contact" : [{
        "name" : "HL7 Portugal",
        "telecom" : [{
          "system" : "url",
          "value" : "http://hl7.pt"
        },
        {
          "system" : "email",
          "value" : "info@hl7.pt"
        }]
      },
      {
        "name" : "Bob Smith",
        "telecom" : [{
          "system" : "email",
          "value" : "bobsmith@example.com",
          "use" : "work"
        }]
      }],
      "jurisdiction" : [{
        "coding" : [{
          "system" : "http://unstats.un.org/unsd/methods/m49/m49.htm",
          "code" : "001",
          "display" : "World"
        }]
      }],
      "expansion" : {
        "identifier" : "urn:uuid:c7fddbbf-d964-4aea-a334-a47ed2a9e384",
        "timestamp" : "2022-07-14T09:51:30+00:00",
        "parameter" : [{
          "name" : "excludeNested",
          "valueBoolean" : false
        }]
      }
    }
  },
  {
    "fullUrl" : "http://example.com/fhir/example/ValueSet/MeaningOrderVS",
    "resource" : {
      "resourceType" : "ValueSet",
      "id" : "MeaningOrderVS",
      "text" : {
        "status" : "generated",
        "div" : "<div xmlns=\"http://www.w3.org/1999/xhtml\"><p>This value set contains 0 concepts</p><table class=\"codes\"><tr><td style=\"white-space:nowrap\"><b>Code</b></td><td><b>System</b></td><td><b>Display</b></td></tr></table></div>"
      },
      "url" : "http://example.com/fhir/example/ValueSet/MeaningOrderVS",
      "version" : "1.0.0",
      "name" : "MeaningOrderVS",
      "status" : "active",
      "date" : "2022-07-14T09:51:10+00:00",
      "publisher" : "HL7 Portugal",
      "contact" : [{
        "name" : "HL7 Portugal",
        "telecom" : [{
          "system" : "url",
          "value" : "http://hl7.pt"
        },
        {
          "system" : "email",
          "value" : "info@hl7.pt"
        }]
      },
      {
        "name" : "Bob Smith",
        "telecom" : [{
          "system" : "email",
          "value" : "bobsmith@example.com",
          "use" : "work"
        }]
      }],
      "jurisdiction" : [{
        "coding" : [{
          "system" : "http://unstats.un.org/unsd/methods/m49/m49.htm",
          "code" : "001",
          "display" : "World"
        }]
      }],
      "expansion" : {
        "identifier" : "urn:uuid:fcdc388e-8ea7-45af-8237-189a70fad71f",
        "timestamp" : "2022-07-14T09:51:30+00:00",
        "parameter" : [{
          "name" : "excludeNested",
          "valueBoolean" : false
        }]
      }
    }
  }]
}