{
  "resourceType": "Bundle",
  "id": "7898e419-6983-4afc-8163-a19274a12290",
  "meta": {
    "lastUpdated": "2019-10-10T23:10:23+00:00",
    "profile": [
      "http://spms.min-saude.pt/fhir/iop/profiles/med-prescription-synchronization/v1-0-3"
    ]
  },
  "type": "message",
  "entry": [
    {
      "fullUrl": "http://spms.min-saude.pt/fhir/MessageHeader/db6428bf-1e58-48d4-9102-b85d6c716bb1",
      "resource": {
        "resourceType": "MessageHeader",
        "id": "db6428bf-1e58-48d4-9102-b85d6c716bb1",
        "meta": {
          "lastUpdated": "2019-10-10T23:10:23+00:00",
          "profile": [
            "http://spms.min-saude.pt/fhir/iop/profiles/med-prescription-synchronization-msh/v1-0-3"
          ],
          "tag": [
            {
              "system": "http://spms.min-saude.pt/iop/event-meta-tags",
              "code": "10911",
              "display": "MED PRESCRIPTION NEW"
            }
          ]
        },
        "text": {
          "status": "generated",
          "div": "<div xmlns=\"http://www.w3.org/1999/xhtml\"><p><b>Generated Narrative</b></p><div style=\"display: inline-block; background-color: #d9e0e7; padding: 6px; margin: 4px; border: 1px solid #8da1b4; border-radius: 5px; line-height: 60%\"><p style=\"margin-bottom: 0px\">Resource \"db6428bf-1e58-48d4-9102-b85d6c716bb1\" Updated \"2019-10-10 11:10:23+0000\" </p><p style=\"margin-bottom: 0px\">Profile: <code>http://spms.min-saude.pt/fhir/iop/profiles/med-prescription-synchronization-msh/v1-0-3</code></p><p style=\"margin-bottom: 0px\">Tag: <span title=\"{http://spms.min-saude.pt/iop/event-meta-tags http://spms.min-saude.pt/iop/event-meta-tags}\">http://spms.min-saude.pt/iop/event-meta-tags</span></p></div><h3>Destinations</h3><table class=\"grid\"><tr><td>-</td><td><b>Name</b></td><td><b>Endpoint</b></td><td><b>Receiver</b></td></tr><tr><td>*</td><td>PEMH</td><td><code>SPMS/PEMH</code></td><td><a href=\"Organization/dec4d0d7-b8dd-4c6f-9c7e-71ca0ee53ace\">Organization/dec4d0d7-b8dd-4c6f-9c7e-71ca0ee53ace: Organização Origem</a></td></tr></table><p><b>sender</b>: <a href=\"Organization/dec4d0d7-b8dd-4c6f-9c7e-71ca0ee53ace\">Organization/dec4d0d7-b8dd-4c6f-9c7e-71ca0ee53ace: Organização Origem</a></p><h3>Sources</h3><table class=\"grid\"><tr><td>-</td><td><b>Name</b></td><td><b>Endpoint</b></td></tr><tr><td>*</td><td>Aplicação Origem</td><td><code>Endpont_Aplicação_Origem</code></td></tr></table><p><b>focus</b>: <a href=\"RequestGroup/25f1ea48-e0ef-405e86fc-498ae907f6df\">RequestGroup/25f1ea48-e0ef-405e86fc-498ae907f6df</a></p></div>"
        },
        "destination": [
          {
            "name": "PEMH",
            "endpoint": "SPMS/PEMH",
            "receiver": {
              "reference": "Organization/dec4d0d7-b8dd-4c6f-9c7e-71ca0ee53ace",
              "display": "Organização Origem"
            }
          }
        ],
        "sender": {
          "reference": "Organization/dec4d0d7-b8dd-4c6f-9c7e-71ca0ee53ace",
          "display": "Organização Origem"
        },
        "source": {
          "name": "Aplicação Origem",
          "endpoint": "Endpont_Aplicação_Origem"
        },
        "focus": [
          {
            "reference": "RequestGroup/25f1ea48-e0ef-405e86fc-498ae907f6df"
          }
        ]
      }
    },
    {
      "fullUrl": "http://spms.min-saude.pt/fhir/RequestGroup/25f1ea48-e0ef-405e-86fc-498ae907f6df",
      "resource": {
        "resourceType": "RequestGroup",
        "id": "25f1ea48-e0ef-405e-86fc-498ae907f6df",
        "meta": {
          "lastUpdated": "2019-10-10T23:10:23+00:00",
          "profile": [
            "http://example.com/fhir/example/StructureDefinition/content-profile"
          ]
        },
        "text": {
          "status": "extensions",
          "div": "<div xmlns=\"http://www.w3.org/1999/xhtml\"><p><b>Generated Narrative</b></p><div style=\"display: inline-block; background-color: #d9e0e7; padding: 6px; margin: 4px; border: 1px solid #8da1b4; border-radius: 5px; line-height: 60%\"><p style=\"margin-bottom: 0px\">Resource \"25f1ea48-e0ef-405e-86fc-498ae907f6df\" Updated \"2019-10-10 11:10:23+0000\" </p><p style=\"margin-bottom: 0px\">Profile: <a href=\"StructureDefinition-content-profile.html\">Perfil Conteudo Receita</a></p></div><p><b>Condition related to the current resource</b>: 1</p><p><b>Condition related to the current resource</b>: Receita sem Papel <span style=\"background: LightGoldenRodYellow; margin: 4px; border: 1px solid khaki\"> ([not stated]#RSP)</span></p><p><b>groupIdentifier</b>: id: 6789342</p><p><b>status</b>: active</p><p><b>intent</b>: order</p><h3>Actions</h3><table class=\"grid\"><tr><td>-</td><td><b>Timing[x]</b></td></tr><tr><td>*</td><td>?? --&gt; 2019-01-27</td></tr></table></div>"
        },
        "extension": [
          {
            "url": "http://example.com/fhir/example/StructureDefinition/duplicate-order",
            "valuePositiveInt": 1
          },
          {
            "url": "http://example.com/fhir/example/StructureDefinition/meaning-order",
            "valueCodeableConcept": {
              "coding": [
                {
                  "code": "RSP",
                  "display": "Receita sem Papel"
                }
              ]
            }
          }
        ],
        "groupIdentifier": {
          "system": "http://spms.min-saude.pt/his/<id-rnu-entidade>/identifiers/local-prescription-id",
          "value": "6789342"
        },
        "status": "active",
        "intent": "order",
        "action": [
          {
            "timingPeriod": {
              "end": "2019-01-27"
            }
          }
        ]
      }
    },
    {
      "fullUrl": "http://spms.min-saude.pt/fhir/MedicationRequest/e22942f3-a461-40b9-8449-30f7a7e9d0d5",
      "resource": {
        "resourceType": "MedicationRequest",
        "id": "e22942f3-a461-40b9-8449-30f7a7e9d0d5",
        "meta": {
          "lastUpdated": "2019-10-10T23:10:23+00:00"
        },
        "text": {
          "status": "generated",
          "div": "<div xmlns=\"http://www.w3.org/1999/xhtml\"><p><b>Generated Narrative</b></p><div style=\"display: inline-block; background-color: #d9e0e7; padding: 6px; margin: 4px; border: 1px solid #8da1b4; border-radius: 5px; line-height: 60%\"><p style=\"margin-bottom: 0px\">Resource \"e22942f3-a461-40b9-8449-30f7a7e9d0d5\" Updated \"2019-10-10 11:10:23+0000\" </p></div><p><b>status</b>: active</p><p><b>intent</b>: order</p><p><b>medication</b>: <a href=\"Medication/a87cddf3-01de-4241-b9b27209f5f2bcab\">Medication/a87cddf3-01de-4241-b9b27209f5f2bcab</a></p><p><b>subject</b>: <a href=\"Patient/3616b380-01be-465a-aa29906337c6e7a4\">Patient/3616b380-01be-465a-aa29906337c6e7a4</a></p><p><b>authoredOn</b>: 2019-07-14 11:10:23+0000</p><p><b>groupIdentifier</b>: id: 6789342</p><p><b>note</b>: Informação sobre a prescrição</p><h3>DispenseRequests</h3><table class=\"grid\"><tr><td>-</td><td><b>Quantity</b></td></tr><tr><td>*</td><td>30 TAB<span style=\"background: LightGoldenRodYellow\"> (Details: https://www.infarmed.pt code TAB = 'TAB')</span></td></tr></table></div>"
        },
        "status": "active",
        "intent": "order",
        "medicationReference": {
          "reference": "Medication/a87cddf3-01de-4241-b9b27209f5f2bcab"
        },
        "subject": {
          "reference": "Patient/3616b380-01be-465a-aa29906337c6e7a4"
        },
        "authoredOn": "2019-07-14T23:10:23+00:00",
        "groupIdentifier": {
          "system": "http://spms.min-saude.pt/his/<id-rnuentidade>/identifiers/local-prescription-id",
          "value": "6789342"
        },
        "note": [
          {
            "text": "Informação sobre a prescrição"
          }
        ],
        "dosageInstruction": [
          {
            "text": "500 mg daily for 5 days",
            "timing": {
              "repeat": {
                "boundsPeriod": {
                  "start": "2019-07-16",
                  "end": "2019-07-30"
                },
                "timeOfDay": [
                  "09:00:00"
                ]
              }
            },
            "route": {
              "coding": [
                {
                  "system": "http://www.infarmed.pt",
                  "code": "255560000",
                  "display": "Intravenous"
                }
              ]
            },
            "doseAndRate": [
              {
                "doseQuantity": {
                  "value": 400,
                  "unit": "mg",
                  "system": "https://www.infarmed.pt",
                  "code": "mg"
                }
              }
            ]
          }
        ],
        "dispenseRequest": {
          "quantity": {
            "value": 30,
            "unit": "TAB",
            "system": "https://www.infarmed.pt",
            "code": "TAB"
          }
        }
      }
    },
    {
      "fullUrl": "http://spms.min-saude.pt/fhir/Medication/a87cddf3-01de-4241-b9b2-7209f5f2bcab",
      "resource": {
        "resourceType": "Medication",
        "id": "a87cddf3-01de-4241-b9b2-7209f5f2bcab",
        "text": {
          "status": "generated",
          "div": "<div xmlns=\"http://www.w3.org/1999/xhtml\"><p><b>Generated Narrative</b></p><div style=\"display: inline-block; background-color: #d9e0e7; padding: 6px; margin: 4px; border: 1px solid #8da1b4; border-radius: 5px; line-height: 60%\"><p style=\"margin-bottom: 0px\">Resource \"a87cddf3-01de-4241-b9b2-7209f5f2bcab\" </p></div><p><b>code</b>: Ibuprofeno 600 mg Comp <span style=\"background: LightGoldenRodYellow; margin: 4px; border: 1px solid khaki\"> (infarmed.pt#10007274)</span></p><p><b>form</b>: Comprimido <span style=\"background: LightGoldenRodYellow; margin: 4px; border: 1px solid khaki\"> (www.infarmed.pt#10219000)</span></p></div>"
        },
        "code": {
          "coding": [
            {
              "system": "http://infarmed.pt",
              "code": "10007274",
              "display": "Ibuprofeno 600 mg Comp"
            }
          ]
        },
        "form": {
          "coding": [
            {
              "system": "http://www.infarmed.pt",
              "code": "10219000",
              "display": "Comprimido"
            }
          ]
        }
      }
    },
    {
      "fullUrl": "http://spms.min-saude.pt/fhir/Patient/3616b380-01be-465a-aa29-906337c6e7a4",
      "resource": {
        "resourceType": "Patient",
        "id": "3616b380-01be-465a-aa29-906337c6e7a4",
        "meta": {
          "lastUpdated": "2019-01-14T23:10:23+00:00"
        },
        "text": {
          "status": "generated",
          "div": "<div xmlns=\"http://www.w3.org/1999/xhtml\"><p><b>Generated Narrative</b></p><div style=\"display: inline-block; background-color: #d9e0e7; padding: 6px; margin: 4px; border: 1px solid #8da1b4; border-radius: 5px; line-height: 60%\"><p style=\"margin-bottom: 0px\">Resource \"3616b380-01be-465a-aa29-906337c6e7a4\" Updated \"2019-01-14 11:10:23+0000\" </p></div><p><b>identifier</b>: NNU: 11920641576</p><p><b>name</b>: Pedro Alvares Cabral</p><p><b>telecom</b>: <a href=\"mailto:PedroAlvaresCabral@dominio.pt\">PedroAlvaresCabral@dominio.pt</a></p><p><b>gender</b>: male</p><p><b>birthDate</b>: 1979-11-19</p></div>"
        },
        "identifier": [
          {
            "type": {
              "coding": [
                {
                  "system": "http://h17.org/fhir/v2/0203",
                  "code": "HC",
                  "display": "Health Card Number"
                }
              ],
              "text": "NNU"
            },
            "system": "http://spms.min-saude.pt/rnu/identifiers/patient-id",
            "value": "11920641576"
          }
        ],
        "name": [
          {
            "text": "Pedro Alvares Cabral",
            "family": "Cabral",
            "given": [
              "Pedro"
            ]
          }
        ],
        "telecom": [
          {
            "system": "email",
            "value": "PedroAlvaresCabral@dominio.pt"
          }
        ],
        "gender": "male",
        "birthDate": "1979-11-19"
      }
    }
  ]
}