{
  "resourceType": "RequestGroup",
  "id": "25f1ea48-e0ef-405e-86fc-498ae907f6df",
  "meta": {
    "lastUpdated": "2019-10-10T23:10:23+00:00",
    "profile": [
      "http://example.com/fhir/example/StructureDefinition/content-profile"
    ]
  },
  "text": {
    "status": "extensions",
    "div": "<div xmlns=\"http://www.w3.org/1999/xhtml\"><p><b>Generated Narrative</b></p><div style=\"display: inline-block; background-color: #d9e0e7; padding: 6px; margin: 4px; border: 1px solid #8da1b4; border-radius: 5px; line-height: 60%\"><p style=\"margin-bottom: 0px\">Resource \"25f1ea48-e0ef-405e-86fc-498ae907f6df\" Updated \"2019-10-10 11:10:23+0000\" </p><p style=\"margin-bottom: 0px\">Profile: <a href=\"StructureDefinition-content-profile.html\">Perfil Conteudo Receita</a></p></div><p><b>Condition related to the current resource</b>: 1</p><p><b>Condition related to the current resource</b>: Receita sem Papel <span style=\"background: LightGoldenRodYellow; margin: 4px; border: 1px solid khaki\"> (med-request-modality#RSP)</span></p><p><b>groupIdentifier</b>: id: 6789342</p><p><b>status</b>: active</p><p><b>intent</b>: order</p><h3>Actions</h3><table class=\"grid\"><tr><td>-</td><td><b>Timing[x]</b></td></tr><tr><td>*</td><td>?? --&gt; 2019-01-27</td></tr></table></div>"
  },
  "extension": [
    {
      "url": "http://spms.min-saude.pt/iop/extensions/prescription-duplicate",
      "valuePositiveInt": 1
    },
    {
      "url": "http://spms.min-saude/pe/top/extensions/med-request-modality",
      "valueCodeableConcept": {
        "coding": [
          {
            "system": "http://spms.min-saude.pt/bdnp/codesystem/med-request-modality",
            "code": "RSP",
            "display": "Receita sem Papel"
          }
        ]
      }
    }
  ],
  "groupIdentifier": {
    "system": "http://spms.min-saude.pt/his/<id-rnu-entidade>/identifiers/local-prescription-id",
    "value": "6789342"
  },
  "status": "active",
  "intent": "order",
  "action": [
    {
      "timingPeriod": {
        "end": "2019-01-27"
      }
    }
  ]
}