<?xml version="1.0" encoding="UTF-8"?><StructureDefinition xmlns="http://hl7.org/fhir"><id value="presc-type"/><text><status value="extensions"/><div xmlns="http://www.w3.org/1999/xhtml"><table border="0" cellpadding="0" cellspacing="0" style="border: 0px #F0F0F0 solid; font-size: 11px; font-family: verdana; vertical-align: top;"><tr style="border: 1px #F0F0F0 solid; font-size: 11px; font-family: verdana; vertical-align: top"><th style="vertical-align: top; text-align : left; background-color: white; border: 0px #F0F0F0 solid; padding:0px 4px 0px 4px" class="hierarchy"><a href="https://build.fhir.org/ig/FHIR/ig-guidance/readingIgs.html#table-views" title="The logical name of the element">Name</a></th><th style="vertical-align: top; text-align : left; background-color: white; border: 0px #F0F0F0 solid; padding:0px 4px 0px 4px" class="hierarchy"><a href="https://build.fhir.org/ig/FHIR/ig-guidance/readingIgs.html#table-views" title="Information about the use of the element">Flags</a></th><th style="vertical-align: top; text-align : left; background-color: white; border: 0px #F0F0F0 solid; padding:0px 4px 0px 4px" class="hierarchy"><a href="https://build.fhir.org/ig/FHIR/ig-guidance/readingIgs.html#table-views" title="Minimum and Maximum # of times the the element can appear in the instance">Card.</a></th><th style="width: 100px" class="hierarchy"><a href="https://build.fhir.org/ig/FHIR/ig-guidance/readingIgs.html#table-views" title="Reference to the type of the element">Type</a></th><th style="vertical-align: top; text-align : left; background-color: white; border: 0px #F0F0F0 solid; padding:0px 4px 0px 4px" class="hierarchy"><a href="https://build.fhir.org/ig/FHIR/ig-guidance/readingIgs.html#table-views" title="Additional information about the element">Description &amp; Constraints</a><span style="float: right"><a href="https://build.fhir.org/ig/FHIR/ig-guidance/readingIgs.html#table-views" title="Legend for this format"><img src="http://hl7.org/fhir/STU3/help16.png" alt="doco" style="background-color: inherit"/></a></span></th></tr><tr style="border: 0px #F0F0F0 solid; padding:0px; vertical-align: top; background-color: white"><td style="vertical-align: top; text-align : left; background-color: white; border: 0px #F0F0F0 solid; padding:0px 4px 0px 4px; white-space: nowrap; background-image: url(tbl_bck1.png)" class="hierarchy"><img src="tbl_spacer.png" alt="." style="background-color: inherit" class="hierarchy"/><img src="icon_element.gif" alt="." style="background-color: white; background-color: inherit" title="Element" class="hierarchy"/> <a href="StructureDefinition-presc-type-definitions.html#Extension" title="Tipo de prescrição: e.g.: FH, RE, BIO ou OUT.">Extension</a><a name="Extension"> </a></td><td style="vertical-align: top; text-align : left; background-color: white; border: 0px #F0F0F0 solid; padding:0px 4px 0px 4px" class="hierarchy"/><td style="vertical-align: top; text-align : left; background-color: white; border: 0px #F0F0F0 solid; padding:0px 4px 0px 4px" class="hierarchy"><span style="opacity: 0.5">0</span><span style="opacity: 0.5">..</span><span style="opacity: 0.5">*</span></td><td style="vertical-align: top; text-align : left; background-color: white; border: 0px #F0F0F0 solid; padding:0px 4px 0px 4px" class="hierarchy"><a href="http://hl7.org/fhir/STU3/extensibility.html#Extension">Extension</a></td><td style="vertical-align: top; text-align : left; background-color: white; border: 0px #F0F0F0 solid; padding:0px 4px 0px 4px" class="hierarchy">TIPO DE RECEITA</td></tr>
<tr style="border: 0px #F0F0F0 solid; padding:0px; vertical-align: top; background-color: #F7F7F7"><td style="vertical-align: top; text-align : left; background-color: #F7F7F7; border: 0px #F0F0F0 solid; padding:0px 4px 0px 4px; white-space: nowrap; background-image: url(tbl_bck10.png)" class="hierarchy"><img src="tbl_spacer.png" alt="." style="background-color: inherit" class="hierarchy"/><img src="tbl_vjoin.png" alt="." style="background-color: inherit" class="hierarchy"/><img src="icon_extension_simple.png" alt="." style="background-color: #F7F7F7; background-color: inherit" title="Simple Extension" class="hierarchy"/> <span style="text-decoration:line-through">extension</span><a name="Extension.extension"> </a></td><td style="vertical-align: top; text-align : left; background-color: #F7F7F7; border: 0px #F0F0F0 solid; padding:0px 4px 0px 4px" class="hierarchy"/><td style="vertical-align: top; text-align : left; background-color: #F7F7F7; border: 0px #F0F0F0 solid; padding:0px 4px 0px 4px" class="hierarchy"><span style="text-decoration:line-through"/><span style="text-decoration:line-through">0</span><span style="text-decoration:line-through">..</span><span style="text-decoration:line-through">0</span></td><td style="vertical-align: top; text-align : left; background-color: #F7F7F7; border: 0px #F0F0F0 solid; padding:0px 4px 0px 4px" class="hierarchy"/><td style="vertical-align: top; text-align : left; background-color: #F7F7F7; border: 0px #F0F0F0 solid; padding:0px 4px 0px 4px" class="hierarchy"/></tr>
<tr style="border: 0px #F0F0F0 solid; padding:0px; vertical-align: top; background-color: white"><td style="vertical-align: top; text-align : left; background-color: white; border: 0px #F0F0F0 solid; padding:0px 4px 0px 4px; white-space: nowrap; background-image: url(tbl_bck10.png)" class="hierarchy"><img src="tbl_spacer.png" alt="." style="background-color: inherit" class="hierarchy"/><img src="tbl_vjoin.png" alt="." style="background-color: inherit" class="hierarchy"/><img src="icon_element.gif" alt="." style="background-color: white; background-color: inherit" title="Element" class="hierarchy"/> <a href="StructureDefinition-presc-type-definitions.html#Extension.url">url</a><a name="Extension.url"> </a></td><td style="vertical-align: top; text-align : left; background-color: white; border: 0px #F0F0F0 solid; padding:0px 4px 0px 4px" class="hierarchy"/><td style="vertical-align: top; text-align : left; background-color: white; border: 0px #F0F0F0 solid; padding:0px 4px 0px 4px" class="hierarchy"><span style="opacity: 0.5">1</span><span style="opacity: 0.5">..</span><span style="opacity: 0.5">1</span></td><td style="vertical-align: top; text-align : left; background-color: white; border: 0px #F0F0F0 solid; padding:0px 4px 0px 4px" class="hierarchy"><a style="opacity: 0.5" href="http://hl7.org/fhir/STU3/datatypes.html#uri">uri</a></td><td style="vertical-align: top; text-align : left; background-color: white; border: 0px #F0F0F0 solid; padding:0px 4px 0px 4px" class="hierarchy"><span style="color: darkgreen">&quot;http://spms.min-saude.pt/iop/extensions/med-request-type&quot;</span></td></tr>
<tr style="border: 0px #F0F0F0 solid; padding:0px; vertical-align: top; background-color: #F7F7F7"><td style="vertical-align: top; text-align : left; background-color: #F7F7F7; border: 0px #F0F0F0 solid; padding:0px 4px 0px 4px; white-space: nowrap; background-image: url(tbl_bck00.png)" class="hierarchy"><img src="tbl_spacer.png" alt="." style="background-color: inherit" class="hierarchy"/><img src="tbl_vjoin_end.png" alt="." style="background-color: inherit" class="hierarchy"/><img src="icon_datatype.gif" alt="." style="background-color: #F7F7F7; background-color: inherit" title="Data Type" class="hierarchy"/> <a href="StructureDefinition-presc-type-definitions.html#Extension.value[x]">value[x]</a><a name="Extension.value_x_"> </a></td><td style="vertical-align: top; text-align : left; background-color: #F7F7F7; border: 0px #F0F0F0 solid; padding:0px 4px 0px 4px" class="hierarchy"/><td style="vertical-align: top; text-align : left; background-color: #F7F7F7; border: 0px #F0F0F0 solid; padding:0px 4px 0px 4px" class="hierarchy"><span style="opacity: 0.5">0</span><span style="opacity: 0.5">..</span><span style="opacity: 0.5">1</span></td><td style="vertical-align: top; text-align : left; background-color: #F7F7F7; border: 0px #F0F0F0 solid; padding:0px 4px 0px 4px" class="hierarchy"><a href="http://hl7.org/fhir/STU3/datatypes.html#CodeableConcept">CodeableConcept</a></td><td style="vertical-align: top; text-align : left; background-color: #F7F7F7; border: 0px #F0F0F0 solid; padding:0px 4px 0px 4px" class="hierarchy"><span style="opacity: 0.5">Value of extension</span><br/><span style="font-weight:bold">Binding: </span><a href="http://hl7.org/fhir/STU3/terminologies.html#unbound">(unbound)</a> (<a href="http://hl7.org/fhir/STU3/terminologies.html#required" title="To be conformant, the concept in this element SHALL be from the specified value set.">required</a>)</td></tr>
<tr><td colspan="5" class="hierarchy"><br/><a href="https://build.fhir.org/ig/FHIR/ig-guidance/readingIgs.html#table-views" title="Legend for this format"><img src="http://hl7.org/fhir/STU3/help16.png" alt="doco" style="background-color: inherit"/> Documentation for this format</a></td></tr></table></div></text><url value="http://spms.min-saude.pt/iop/extensions/med-request-type"/><version value="0.1.0-test"/><name value="presc-type"/><title value="TIPO DE RECEITA"/><status value="active"/><date value="2023-02-16T20:28:10+00:00"/><publisher value="HL7 TC"/><contact><telecom><system value="url"/><value value="xxxhttp://hl7.org/Special/committees/[something]"/></telecom></contact><description value="Tipo de prescrição: e.g.: FH, RE, BIO ou OUT."/><jurisdiction><coding><system value="http://unstats.un.org/unsd/methods/m49/m49.htm"/><code value="001"/></coding></jurisdiction><fhirVersion value="3.0.2"/><mapping><identity value="rim"/><uri value="http://hl7.org/v3"/><name value="RIM Mapping"/></mapping><kind value="complex-type"/><abstract value="false"/><contextType value="resource"/><context value="DataElement"/><type value="Extension"/><baseDefinition value="http://hl7.org/fhir/StructureDefinition/Extension"/><derivation value="constraint"/><snapshot><element id="Extension"><path value="Extension"/><short value="TIPO DE RECEITA"/><definition value="Tipo de prescrição: e.g.: FH, RE, BIO ou OUT."/><min value="0"/><max value="*"/><base><path value="Extension"/><min value="0"/><max value="*"/></base><condition value="ele-1"/></element><element id="Extension.id"><path value="Extension.id"/><representation value="xmlAttr"/><short value="xml:id (or equivalent in JSON)"/><definition value="unique id for the element within a resource (for internal references). This may be any string value that does not contain spaces."/><min value="0"/><max value="1"/><base><path value="Element.id"/><min value="0"/><max value="1"/></base><type><code value="string"/></type><mapping><identity value="rim"/><map value="n/a"/></mapping></element><element id="Extension.extension"><path value="Extension.extension"/><slicing><discriminator><type value="value"/><path value="url"/></discriminator><description value="Extensions are always sliced by (at least) url"/><rules value="open"/></slicing><short value="Extension"/><definition value="An Extension"/><min value="0"/><max value="0"/><base><path value="Element.extension"/><min value="0"/><max value="*"/></base><type><code value="Extension"/></type></element><element id="Extension.url"><path value="Extension.url"/><representation value="xmlAttr"/><short value="identifies the meaning of the extension"/><definition value="Source of the definition for the extension code - a logical name or a URL."/><comment value="The definition may point directly to a computable or human-readable definition of the extensibility codes, or it may be a logical URI as declared in some other specification. The definition SHALL be a URI for the Structure Definition defining the extension."/><min value="1"/><max value="1"/><base><path value="Extension.url"/><min value="1"/><max value="1"/></base><type><code value="uri"/></type><fixedUri value="http://spms.min-saude.pt/iop/extensions/med-request-type"/><mapping><identity value="rim"/><map value="N/A"/></mapping></element><element id="Extension.value[x]"><path value="Extension.value[x]"/><short value="Value of extension"/><definition value="Value of extension - may be a resource or one of a constrained set of the data types (see Extensibility in the spec for list)."/><min value="0"/><max value="1"/><base><path value="Extension.value[x]"/><min value="0"/><max value="1"/></base><type><code value="CodeableConcept"/></type><binding><strength value="required"/></binding><mapping><identity value="rim"/><map value="N/A"/></mapping></element></snapshot><differential><element id="Extension"><path value="Extension"/><short value="TIPO DE RECEITA"/><definition value="Tipo de prescrição: e.g.: FH, RE, BIO ou OUT."/></element><element id="Extension.extension"><path value="Extension.extension"/><max value="0"/></element><element id="Extension.url"><path value="Extension.url"/><fixedUri value="http://spms.min-saude.pt/iop/extensions/med-request-type"/></element><element id="Extension.value[x]"><path value="Extension.value[x]"/><type><code value="CodeableConcept"/></type><binding><strength value="required"/></binding></element></differential></StructureDefinition>