<?xml version="1.0" encoding="UTF-8"?><ImplementationGuide xmlns="http://hl7.org/fhir"><id value="xxxexample.fhir.uv.myig"/><text><status value="extensions"/><div xmlns="http://www.w3.org/1999/xhtml"><h2>hl7-pt-pem-h</h2><p>The official URL for this implementation guide is: </p><pre>xxxhttp://somewhere.org/fhir/uv/myig/ImplementationGuide/example.fhir.uv.myig</pre><div><p>xxxA brief description of what this IG is about</p>
</div></div></text><url value="xxxhttp://somewhere.org/fhir/uv/myig/ImplementationGuide/example.fhir.uv.myig"/><version value="0.1.0-test"/><name value="hl7-pt-pem-h"/><status value="draft"/><experimental value="false"/><date value="2023-02-09T14:33:47+00:00"/><publisher value="HL7 TC"/><contact><telecom><system value="url"/><value value="xxxhttp://hl7.org/Special/committees/[something]"/></telecom></contact><description value="xxxA brief description of what this IG is about "/><jurisdiction><coding><system value="http://unstats.un.org/unsd/methods/m49/m49.htm"/><code value="001"/></coding></jurisdiction><fhirVersion value="3.0.2"/><dependency id="hl7tx"><extension url="http://hl7.org/fhir/tools/StructureDefinition/implementationguide-dependency-comment"><valueMarkdown value="Automatically added as a dependency - all IGs depend on HL7 Terminology"/></extension><extension url="http://hl7.org/fhir/4.0/StructureDefinition/extension-ImplementationGuide.dependsOn.packageId"><valueId value="hl7.terminology.r3"/></extension><extension url="http://hl7.org/fhir/4.0/StructureDefinition/extension-ImplementationGuide.dependsOn.version"><valueString value="5.0.0"/></extension><type value="reference"/><uri value="http://terminology.hl7.org/ImplementationGuide/hl7.terminology"/></dependency><package id="-str-profile"><name value="Structures: Resource Profiles"/><description value="These define constraints on FHIR resources for systems conforming to this implementation guide."/><resource><extension url="http://hl7.org/fhir/StructureDefinition/implementationguide-page"><valueUri value="StructureDefinition-patient-pemh-profile.html"/></extension><example value="false"/><name value="Perfil Paciente"/><description value="Utente a quem diz respeito a prescrição de medicação."/><sourceReference><reference value="StructureDefinition/patient-pemh-profile"/></sourceReference></resource><resource><extension url="http://hl7.org/fhir/StructureDefinition/implementationguide-page"><valueUri value="StructureDefinition-med-request-profile.html"/></extension><example value="false"/><name value="Perfil informação de receita"/><description value="Este recurso contém informações da linha da receita."/><sourceReference><reference value="StructureDefinition/med-request-profile"/></sourceReference></resource><resource><extension url="http://hl7.org/fhir/StructureDefinition/implementationguide-page"><valueUri value="StructureDefinition-content-profile.html"/></extension><example value="false"/><name value="Perfil Conteudo Receita"/><description value="Este recurso representa a receita (Número da receita, local e central, número da linha e a data de validade )."/><sourceReference><reference value="StructureDefinition/content-profile"/></sourceReference></resource><resource><extension url="http://hl7.org/fhir/StructureDefinition/implementationguide-page"><valueUri value="StructureDefinition-msh-profile.html"/></extension><example value="false"/><name value="Perfil MessageHeader"/><description value="Este recurso deve ser a primeira entrada no Bundle e deve referenciar (focus) o recurso MedicationRequest."/><sourceReference><reference value="StructureDefinition/msh-profile"/></sourceReference></resource><resource><extension url="http://hl7.org/fhir/StructureDefinition/implementationguide-page"><valueUri value="StructureDefinition-coverage-pemh-profile.html"/></extension><example value="false"/><name value="Perfil Coverage"/><description value="Recurso utilizado para representar a relação entre beneficiário (utente) e a entidade responsável. Este recurso é referenciado no recurso Patient numa extensão própria."/><sourceReference><reference value="StructureDefinition/coverage-pemh-profile"/></sourceReference></resource><resource><extension url="http://hl7.org/fhir/StructureDefinition/implementationguide-page"><valueUri value="StructureDefinition-location-pemh-profile.html"/></extension><example value="false"/><name value="Perfil Location"/><description value="Recurso utilizado para representar informação sobre o local de prescrição da medicação."/><sourceReference><reference value="StructureDefinition/location-pemh-profile"/></sourceReference></resource><resource><extension url="http://hl7.org/fhir/StructureDefinition/implementationguide-page"><valueUri value="StructureDefinition-encounter-pemh-profile.html"/></extension><example value="false"/><name value="Perfil Episódio"/><description value="Recurso que caracteriza o episódio a partir do qual a prescrição de medicação está a ser solicitada."/><sourceReference><reference value="StructureDefinition/encounter-pemh-profile"/></sourceReference></resource><resource><extension url="http://hl7.org/fhir/StructureDefinition/implementationguide-page"><valueUri value="StructureDefinition-bundle-response-profile.html"/></extension><example value="false"/><name value="Perfil Bundle de mensagem de resposta"/><description value="O fluxo de prescrição de medicação é um fluxo síncronopara a aplicação emissora."/><sourceReference><reference value="StructureDefinition/bundle-response-profile"/></sourceReference></resource><resource><extension url="http://hl7.org/fhir/StructureDefinition/implementationguide-page"><valueUri value="StructureDefinition-example-patient-profile.html"/></extension><example value="false"/><name value="Perfil Bundle de mensagem"/><description value="O Bundle da mensagem deve ser do tipo 'message', deve ter como primeira entrada o recurso MessageHeader, e como segunda o recurso."/><sourceReference><reference value="StructureDefinition/example-patient-profile"/></sourceReference></resource><resource><extension url="http://hl7.org/fhir/StructureDefinition/implementationguide-page"><valueUri value="StructureDefinition-med-pemh-profile.html"/></extension><example value="false"/><name value="Perfil Medicação"/><description value="Este recurso representa o medicamento que é referenciado pelo recurso MedicationRequest."/><sourceReference><reference value="StructureDefinition/med-pemh-profile"/></sourceReference></resource></package><page><source value="toc.html"/><title value="ìndice"/><kind value="page"/><page><source value="index.html"/><title value="Home Page"/><kind value="page"/></page><page><source value="downloads.html"/><title value="Downloads"/><kind value="page"/></page><page><source value="changes.html"/><title value="IG Change History"/><kind value="page"/></page><page><source value="artifacts.html"/><title value="Artifacts Summary"/><kind value="page"/><page><source value="StructureDefinition-patient-pemh-profile.html"/><title value="Perfil Paciente"/><kind value="resource"/></page><page><source value="StructureDefinition-med-request-profile.html"/><title value="Perfil informação de receita"/><kind value="resource"/></page><page><source value="StructureDefinition-content-profile.html"/><title value="Perfil Conteudo Receita"/><kind value="resource"/></page><page><source value="StructureDefinition-msh-profile.html"/><title value="Perfil MessageHeader"/><kind value="resource"/></page><page><source value="StructureDefinition-coverage-pemh-profile.html"/><title value="Perfil Coverage"/><kind value="resource"/></page><page><source value="StructureDefinition-location-pemh-profile.html"/><title value="Perfil Location"/><kind value="resource"/></page><page><source value="StructureDefinition-encounter-pemh-profile.html"/><title value="Perfil Episódio"/><kind value="resource"/></page><page><source value="StructureDefinition-bundle-response-profile.html"/><title value="Perfil Bundle de mensagem de resposta"/><kind value="resource"/></page><page><source value="StructureDefinition-example-patient-profile.html"/><title value="Perfil Bundle de mensagem"/><kind value="resource"/></page><page><source value="StructureDefinition-med-pemh-profile.html"/><title value="Perfil Medicação"/><kind value="resource"/></page></page></page></ImplementationGuide>