<?xml version="1.0" encoding="UTF-8"?><ImplementationGuide xmlns="http://hl7.org/fhir"><id value="xxxexample.fhir.uv.myig"/><text><status value="extensions"/><div xmlns="http://www.w3.org/1999/xhtml"><h2>hl7-pt-pem-h</h2><p>The official URL for this implementation guide is: </p><pre>xxxhttp://somewhere.org/fhir/uv/myig/ImplementationGuide/example.fhir.uv.myig</pre><div><p>xxxA brief description of what this IG is about</p>
</div></div></text><url value="xxxhttp://somewhere.org/fhir/uv/myig/ImplementationGuide/example.fhir.uv.myig"/><version value="0.1.0-test"/><name value="hl7-pt-pem-h"/><status value="draft"/><experimental value="false"/><date value="2023-02-16T21:17:23+00:00"/><publisher value="HL7 TC"/><contact><telecom><system value="url"/><value value="xxxhttp://hl7.org/Special/committees/[something]"/></telecom></contact><description value="xxxA brief description of what this IG is about "/><jurisdiction><coding><system value="http://unstats.un.org/unsd/methods/m49/m49.htm"/><code value="001"/></coding></jurisdiction><fhirVersion value="3.0.2"/><dependency id="hl7tx"><extension url="http://hl7.org/fhir/tools/StructureDefinition/implementationguide-dependency-comment"><valueMarkdown value="Automatically added as a dependency - all IGs depend on HL7 Terminology"/></extension><extension url="http://hl7.org/fhir/4.0/StructureDefinition/extension-ImplementationGuide.dependsOn.packageId"><valueId value="hl7.terminology.r3"/></extension><extension url="http://hl7.org/fhir/4.0/StructureDefinition/extension-ImplementationGuide.dependsOn.version"><valueString value="5.0.0"/></extension><type value="reference"/><uri value="http://terminology.hl7.org/ImplementationGuide/hl7.terminology"/></dependency><package id="-str-profile"><name value="Structures: Resource Profiles"/><description value="These define constraints on FHIR resources for systems conforming to this implementation guide."/><resource><extension url="http://hl7.org/fhir/StructureDefinition/implementationguide-page"><valueUri value="StructureDefinition-msh-response-profile.html"/></extension><example value="false"/><name value="Perfil Bundle de mensagem de resposta"/><description value="Este recurso deve ser a primeira entrada no Bundledas mensagens resposta de ACK de transporte e aplicacional, e deve trazer informação sobre o resultado da recepção ou processamento da mensagem pelo cliente destino."/><sourceReference><reference value="StructureDefinition/msh-response-profile"/></sourceReference></resource><resource><extension url="http://hl7.org/fhir/StructureDefinition/implementationguide-page"><valueUri value="StructureDefinition-bundle-response-profile.html"/></extension><example value="false"/><name value="Perfil Bundle de mensagem de resposta"/><description value="O fluxo de prescrição de medicação é um fluxo síncronopara a aplicação emissora."/><sourceReference><reference value="StructureDefinition/bundle-response-profile"/></sourceReference></resource><resource><extension url="http://hl7.org/fhir/StructureDefinition/implementationguide-page"><valueUri value="StructureDefinition-content-profile.html"/></extension><example value="false"/><name value="Perfil Conteudo Receita"/><description value="Este recurso representa a receita (Número da receita, local e central, número da linha e a data de validade )."/><sourceReference><reference value="StructureDefinition/content-profile"/></sourceReference></resource><resource><extension url="http://hl7.org/fhir/StructureDefinition/implementationguide-page"><valueUri value="StructureDefinition-med-pemh-profile.html"/></extension><example value="false"/><name value="Perfil Medicação"/><description value="Este recurso representa o medicamento que é referenciado pelo recurso MedicationRequest."/><sourceReference><reference value="StructureDefinition/med-pemh-profile"/></sourceReference></resource><resource><extension url="http://hl7.org/fhir/StructureDefinition/implementationguide-page"><valueUri value="StructureDefinition-patient-pemh-profile.html"/></extension><example value="false"/><name value="Perfil Paciente"/><description value="Utente a quem diz respeito a prescrição de medicação."/><sourceReference><reference value="StructureDefinition/patient-pemh-profile"/></sourceReference></resource><resource><extension url="http://hl7.org/fhir/StructureDefinition/implementationguide-page"><valueUri value="StructureDefinition-msh-profile.html"/></extension><example value="false"/><name value="Perfil MessageHeader"/><description value="Este recurso deve ser a primeira entrada no Bundle e deve referenciar (focus) o recurso MedicationRequest."/><sourceReference><reference value="StructureDefinition/msh-profile"/></sourceReference></resource><resource><extension url="http://hl7.org/fhir/StructureDefinition/implementationguide-page"><valueUri value="StructureDefinition-med-request-profile.html"/></extension><example value="false"/><name value="Perfil informação de receita"/><description value="Este recurso contém informações da linha da receita."/><sourceReference><reference value="StructureDefinition/med-request-profile"/></sourceReference></resource><resource><extension url="http://hl7.org/fhir/StructureDefinition/implementationguide-page"><valueUri value="StructureDefinition-encounter-pemh-profile.html"/></extension><example value="false"/><name value="Perfil Episódio"/><description value="Recurso que caracteriza o episódio a partir do qual a prescrição de medicação está a ser solicitada."/><sourceReference><reference value="StructureDefinition/encounter-pemh-profile"/></sourceReference></resource><resource><extension url="http://hl7.org/fhir/StructureDefinition/implementationguide-page"><valueUri value="StructureDefinition-PEMHbundleRquest.html"/></extension><example value="false"/><name value="Perfil Bundle de mensagem"/><description value="O Bundle da mensagem deve ser do tipo 'message', deve ter como primeira entrada o recurso MessageHeader, e como segunda o recurso."/><sourceReference><reference value="StructureDefinition/PEMHbundleRquest"/></sourceReference></resource><resource><extension url="http://hl7.org/fhir/StructureDefinition/implementationguide-page"><valueUri value="StructureDefinition-coverage-pemh-profile.html"/></extension><example value="false"/><name value="Perfil Coverage"/><description value="Recurso utilizado para representar a relação entre beneficiário (utente) e a entidade responsável. Este recurso é referenciado no recurso Patient numa extensão própria."/><sourceReference><reference value="StructureDefinition/coverage-pemh-profile"/></sourceReference></resource><resource><extension url="http://hl7.org/fhir/StructureDefinition/implementationguide-page"><valueUri value="StructureDefinition-location-pemh-profile.html"/></extension><example value="false"/><name value="Perfil Location"/><description value="Recurso utilizado para representar informação sobre o local de prescrição da medicação."/><sourceReference><reference value="StructureDefinition/location-pemh-profile"/></sourceReference></resource><resource><extension url="http://hl7.org/fhir/StructureDefinition/implementationguide-page"><valueUri value="StructureDefinition-content-response-profile.html"/></extension><example value="false"/><name value="Perfil Conteudo Receita"/><description value="Este recurso representa o retorno da receita quando ocorre o sucesso na recepção/processamento da mensagem. Para além disso, esse recurso contêm elementos que compõem a receita gerados somente no retorno da receita, como o &quot;Número Central da&#xA;Receita&quot; e o &quot;Pin da Receita&quot;."/><sourceReference><reference value="StructureDefinition/content-response-profile"/></sourceReference></resource></package><package id="-str-extension"><name value="Structures: Extension Definitions"/><description value="These define constraints on FHIR data types for systems conforming to this implementation guide."/><resource><extension url="http://hl7.org/fhir/StructureDefinition/implementationguide-page"><valueUri value="StructureDefinition-nextAppointmentDate.html"/></extension><example value="false"/><name value="DATA PROXIMA CONSULTA"/><description value="Extensão para indicar a data e hora da próxima consulta da mesma especialidade no mesmo âmbito da emissão da prescrição"/><sourceReference><reference value="StructureDefinition/nextAppointmentDate"/></sourceReference></resource><resource><extension url="http://hl7.org/fhir/StructureDefinition/implementationguide-page"><valueUri value="StructureDefinition-med-prescription-cancel-reason.html"/></extension><example value="false"/><name value="MOTIVO ANULAÇÃO"/><description value="Motivo de anulação da receita."/><sourceReference><reference value="StructureDefinition/med-prescription-cancel-reason"/></sourceReference></resource><resource><extension url="http://hl7.org/fhir/StructureDefinition/implementationguide-page"><valueUri value="StructureDefinition-med-prescription-dosage-instruction.html"/></extension><example value="false"/><name value="FREQ+HORÁRIO"/><description value="Extensões referentes a frequência e horário de toma do medicamento e a duração de tratamento da posologia em valor e unidade."/><sourceReference><reference value="StructureDefinition/med-prescription-dosage-instruction"/></sourceReference></resource><resource><extension url="http://hl7.org/fhir/StructureDefinition/implementationguide-page"><valueUri value="StructureDefinition-med-prescription-framing-dispense.html"/></extension><example value="false"/><name value="Tipo enquadramento"/><description value="Extensões referentes ao enquadramento da dispensa"/><sourceReference><reference value="StructureDefinition/med-prescription-framing-dispense"/></sourceReference></resource><resource><extension url="http://hl7.org/fhir/StructureDefinition/implementationguide-page"><valueUri value="StructureDefinition-presc-transcription.html"/></extension><example value="false"/><name value="RECEITA MANUSCRITA"/><description value="Indicar se trata-se de uma transcrição de uma receita manuscrita."/><sourceReference><reference value="StructureDefinition/presc-transcription"/></sourceReference></resource><resource><extension url="http://hl7.org/fhir/StructureDefinition/implementationguide-page"><valueUri value="StructureDefinition-contactObservations.html"/></extension><example value="false"/><name value="Observações relacionadas com o bloco dos contactos do Utente"/><description value="Extensão para Observações relacionadas com o bloco dos contactos do Utente"/><sourceReference><reference value="StructureDefinition/contactObservations"/></sourceReference></resource><resource><extension url="http://hl7.org/fhir/StructureDefinition/implementationguide-page"><valueUri value="StructureDefinition-presc-local.html"/></extension><example value="false"/><name value="LOCAL"/><description value="Referência para um resource que contém informações do local de prescrição"/><sourceReference><reference value="StructureDefinition/presc-local"/></sourceReference></resource><resource><extension url="http://hl7.org/fhir/StructureDefinition/implementationguide-page"><valueUri value="StructureDefinition-ptFilliation.html"/></extension><example value="false"/><name value="Filiação do utente"/><description value="Extensão Filiação do utente"/><sourceReference><reference value="StructureDefinition/ptFilliation"/></sourceReference></resource><resource><extension url="http://hl7.org/fhir/StructureDefinition/implementationguide-page"><valueUri value="StructureDefinition-CardInfo.html"/></extension><example value="false"/><name value="Informações sobre o cartão do beneficiário relativo a entidade"/><description value="Extensão para indicar a data e hora da próxima consulta da mesma especialidade no mesmo âmbito da emissão da prescrição"/><sourceReference><reference value="StructureDefinition/CardInfo"/></sourceReference></resource><resource><extension url="http://hl7.org/fhir/StructureDefinition/implementationguide-page"><valueUri value="StructureDefinition-meaning-order.html"/></extension><example value="false"/><name value="MODALIDADE DE PRESCRIÇÃO"/><description value="Receita com papel (RCP) ou receita sem papel (RSP)."/><sourceReference><reference value="StructureDefinition/meaning-order"/></sourceReference></resource><resource><extension url="http://hl7.org/fhir/StructureDefinition/implementationguide-page"><valueUri value="StructureDefinition-presc-type.html"/></extension><example value="false"/><name value="TIPO DE RECEITA"/><description value="Tipo de prescrição: e.g.: FH, RE, BIO ou OUT."/><sourceReference><reference value="StructureDefinition/presc-type"/></sourceReference></resource><resource><extension url="http://hl7.org/fhir/StructureDefinition/implementationguide-page"><valueUri value="StructureDefinition-ptPatientOtherInfo.html"/></extension><example value="false"/><name value="OUTRA INDICAÇÃO"/><description value="Extensão referente a informações sobre o utente"/><sourceReference><reference value="StructureDefinition/ptPatientOtherInfo"/></sourceReference></resource><resource><extension url="http://hl7.org/fhir/StructureDefinition/implementationguide-page"><valueUri value="StructureDefinition-ptAddress.html"/></extension><example value="false"/><name value="Endereço"/><description value="Extensão referente ao endereço"/><sourceReference><reference value="StructureDefinition/ptAddress"/></sourceReference></resource><resource><extension url="http://hl7.org/fhir/StructureDefinition/implementationguide-page"><valueUri value="StructureDefinition-presc-administration.html"/></extension><example value="false"/><name value="ADMINISTRAÇÃO"/><description value="Indicar se a prescrição é para administração interna ou SFH; true: administração interna; false: SFH"/><sourceReference><reference value="StructureDefinition/presc-administration"/></sourceReference></resource><resource><extension url="http://hl7.org/fhir/StructureDefinition/implementationguide-page"><valueUri value="StructureDefinition-presc-print.html"/></extension><example value="false"/><name value="IMPRESSÃO"/><description value="Indicar se a receita foi impressa"/><sourceReference><reference value="StructureDefinition/presc-print"/></sourceReference></resource><resource><extension url="http://hl7.org/fhir/StructureDefinition/implementationguide-page"><valueUri value="StructureDefinition-ptOccupation.html"/></extension><example value="false"/><name value="Profissão do utente"/><description value="Extensão para a profissão do utente"/><sourceReference><reference value="StructureDefinition/ptOccupation"/></sourceReference></resource><resource><extension url="http://hl7.org/fhir/StructureDefinition/implementationguide-page"><valueUri value="StructureDefinition-med-cost.html"/></extension><example value="false"/><name value="Custo"/><description value="Extensão referente ao valor e a moeda da terapêutica"/><sourceReference><reference value="StructureDefinition/med-cost"/></sourceReference></resource><resource><extension url="http://hl7.org/fhir/StructureDefinition/implementationguide-page"><valueUri value="StructureDefinition-contactPreference.html"/></extension><example value="false"/><name value="Contacto preferencial"/><description value="Extensão para informar se o contacto atual é o preferencial"/><sourceReference><reference value="StructureDefinition/contactPreference"/></sourceReference></resource><resource><extension url="http://hl7.org/fhir/StructureDefinition/implementationguide-page"><valueUri value="StructureDefinition-prescription-duplicate.html"/></extension><example value="false"/><name value="NÚMERO DE VIAS"/><description value="Via da receita no caso de ser renovável (1, 2, 3, ...)."/><sourceReference><reference value="StructureDefinition/prescription-duplicate"/></sourceReference></resource><resource><extension url="http://hl7.org/fhir/StructureDefinition/implementationguide-page"><valueUri value="StructureDefinition-episodeServiceSpecialty.html"/></extension><example value="false"/><name value="CÓDIGO ESPECIALIDADE CONSULTA"/><description value="Extensão para indicar o código e a descrição da especialidade médica da consulta ou da prestação"/><sourceReference><reference value="StructureDefinition/episodeServiceSpecialty"/></sourceReference></resource><resource><extension url="http://hl7.org/fhir/StructureDefinition/implementationguide-page"><valueUri value="StructureDefinition-med-prescription-dosage-line.html"/></extension><example value="false"/><name value="NÚMERO DE VIAS"/><description value="Via da receita no caso de ser renovável (1, 2, 3, ...)."/><sourceReference><reference value="StructureDefinition/med-prescription-dosage-line"/></sourceReference></resource></package><package id="-other"><name value="Other"/><description value="These are resources that are used within this implementation guide that do not fit into one of the other categories."/><resource><extension url="http://hl7.org/fhir/StructureDefinition/implementationguide-page"><valueUri value="Organization-fab4d0d7-b8dd-4c6f-9c7e-71ca0ee53ace.html"/></extension><example value="false"/><sourceReference><reference value="Organization/fab4d0d7-b8dd-4c6f-9c7e-71ca0ee53ace"/></sourceReference></resource><resource><extension url="http://hl7.org/fhir/StructureDefinition/implementationguide-page"><valueUri value="Medication-a87cddf3-01de-4241-b9b2-7209f5f2bcab.html"/></extension><example value="false"/><sourceReference><reference value="Medication/a87cddf3-01de-4241-b9b2-7209f5f2bcab"/></sourceReference></resource><resource><extension url="http://hl7.org/fhir/StructureDefinition/implementationguide-page"><valueUri value="Organization-dec4d0d7-b8dd-4c6f-9c7e-71ca0ee53ace.html"/></extension><example value="false"/><sourceReference><reference value="Organization/dec4d0d7-b8dd-4c6f-9c7e-71ca0ee53ace"/></sourceReference></resource><resource><extension url="http://hl7.org/fhir/StructureDefinition/implementationguide-page"><valueUri value="Encounter-2d3f8e19-205e-40c6-aeec7b17cbef8045.html"/></extension><example value="false"/><sourceReference><reference value="Encounter/2d3f8e19-205e-40c6-aeec7b17cbef8045"/></sourceReference></resource><resource><extension url="http://hl7.org/fhir/StructureDefinition/implementationguide-page"><valueUri value="MessageHeader-db6428bf-1e58-48d4-9102-b85d6c716bb1.html"/></extension><example value="false"/><sourceReference><reference value="MessageHeader/db6428bf-1e58-48d4-9102-b85d6c716bb1"/></sourceReference></resource><resource><extension url="http://hl7.org/fhir/StructureDefinition/implementationguide-page"><valueUri value="RequestGroup-25f1ea48-e0ef-405e-86fc-498ae907f6df.html"/></extension><example value="false"/><sourceReference><reference value="RequestGroup/25f1ea48-e0ef-405e-86fc-498ae907f6df"/></sourceReference></resource><resource><extension url="http://hl7.org/fhir/StructureDefinition/implementationguide-page"><valueUri value="Coverage-219eb473-8ee3-4e3d-b785-b204b71de77f.html"/></extension><example value="false"/><sourceReference><reference value="Coverage/219eb473-8ee3-4e3d-b785-b204b71de77f"/></sourceReference></resource><resource><extension url="http://hl7.org/fhir/StructureDefinition/implementationguide-page"><valueUri value="Location-04f1ea48-e0ef-405e-86fc-498ae907f6d0.html"/></extension><example value="false"/><sourceReference><reference value="Location/04f1ea48-e0ef-405e-86fc-498ae907f6d0"/></sourceReference></resource><resource><extension url="http://hl7.org/fhir/StructureDefinition/implementationguide-page"><valueUri value="Practitioner-f644ab44-7e32-4e05-972c-1f14bebf27a8.html"/></extension><example value="false"/><sourceReference><reference value="Practitioner/f644ab44-7e32-4e05-972c-1f14bebf27a8"/></sourceReference></resource><resource><extension url="http://hl7.org/fhir/StructureDefinition/implementationguide-page"><valueUri value="Bundle-7898e419-6983-4afc-8163-a19274a12290.html"/></extension><example value="false"/><sourceReference><reference value="Bundle/7898e419-6983-4afc-8163-a19274a12290"/></sourceReference></resource><resource><extension url="http://hl7.org/fhir/StructureDefinition/implementationguide-page"><valueUri value="MedicationRequest-e22942f3-a461-40b9-8449-30f7a7e9d0d5.html"/></extension><example value="false"/><sourceReference><reference value="MedicationRequest/e22942f3-a461-40b9-8449-30f7a7e9d0d5"/></sourceReference></resource><resource><extension url="http://hl7.org/fhir/StructureDefinition/implementationguide-page"><valueUri value="Patient-3616b380-01be-465a-aa29-906337c6e7a4.html"/></extension><example value="false"/><sourceReference><reference value="Patient/3616b380-01be-465a-aa29-906337c6e7a4"/></sourceReference></resource></package><page><source value="toc.html"/><title value="ìndice"/><kind value="page"/><page><source value="index.html"/><title value="Home Page"/><kind value="page"/></page><page><source value="downloads.html"/><title value="Downloads"/><kind value="page"/></page><page><source value="changes.html"/><title value="IG Change History"/><kind value="page"/></page><page><source value="artifacts.html"/><title value="Artifacts Summary"/><kind value="page"/><page><source value="StructureDefinition-msh-response-profile.html"/><title value="Perfil Bundle de mensagem de resposta"/><kind value="resource"/></page><page><source value="StructureDefinition-bundle-response-profile.html"/><title value="Perfil Bundle de mensagem de resposta"/><kind value="resource"/></page><page><source value="StructureDefinition-content-profile.html"/><title value="Perfil Conteudo Receita"/><kind value="resource"/></page><page><source value="StructureDefinition-med-pemh-profile.html"/><title value="Perfil Medicação"/><kind value="resource"/></page><page><source value="StructureDefinition-patient-pemh-profile.html"/><title value="Perfil Paciente"/><kind value="resource"/></page><page><source value="StructureDefinition-msh-profile.html"/><title value="Perfil MessageHeader"/><kind value="resource"/></page><page><source value="StructureDefinition-med-request-profile.html"/><title value="Perfil informação de receita"/><kind value="resource"/></page><page><source value="StructureDefinition-encounter-pemh-profile.html"/><title value="Perfil Episódio"/><kind value="resource"/></page><page><source value="StructureDefinition-PEMHbundleRquest.html"/><title value="Perfil Bundle de mensagem"/><kind value="resource"/></page><page><source value="StructureDefinition-coverage-pemh-profile.html"/><title value="Perfil Coverage"/><kind value="resource"/></page><page><source value="StructureDefinition-location-pemh-profile.html"/><title value="Perfil Location"/><kind value="resource"/></page><page><source value="StructureDefinition-content-response-profile.html"/><title value="Perfil Conteudo Receita"/><kind value="resource"/></page><page><source value="StructureDefinition-nextAppointmentDate.html"/><title value="DATA PROXIMA CONSULTA"/><kind value="resource"/></page><page><source value="StructureDefinition-med-prescription-cancel-reason.html"/><title value="MOTIVO ANULAÇÃO"/><kind value="resource"/></page><page><source value="StructureDefinition-med-prescription-dosage-instruction.html"/><title value="FREQ+HORÁRIO"/><kind value="resource"/></page><page><source value="StructureDefinition-med-prescription-framing-dispense.html"/><title value="Tipo enquadramento"/><kind value="resource"/></page><page><source value="StructureDefinition-presc-transcription.html"/><title value="RECEITA MANUSCRITA"/><kind value="resource"/></page><page><source value="StructureDefinition-contactObservations.html"/><title value="Observações relacionadas com o bloco dos contactos do Utente"/><kind value="resource"/></page><page><source value="StructureDefinition-presc-local.html"/><title value="LOCAL"/><kind value="resource"/></page><page><source value="StructureDefinition-ptFilliation.html"/><title value="Filiação do utente"/><kind value="resource"/></page><page><source value="StructureDefinition-CardInfo.html"/><title value="Informações sobre o cartão do beneficiário relativo a entidade"/><kind value="resource"/></page><page><source value="StructureDefinition-meaning-order.html"/><title value="MODALIDADE DE PRESCRIÇÃO"/><kind value="resource"/></page><page><source value="StructureDefinition-presc-type.html"/><title value="TIPO DE RECEITA"/><kind value="resource"/></page><page><source value="StructureDefinition-ptPatientOtherInfo.html"/><title value="OUTRA INDICAÇÃO"/><kind value="resource"/></page><page><source value="StructureDefinition-ptAddress.html"/><title value="Endereço"/><kind value="resource"/></page><page><source value="StructureDefinition-presc-administration.html"/><title value="ADMINISTRAÇÃO"/><kind value="resource"/></page><page><source value="StructureDefinition-presc-print.html"/><title value="IMPRESSÃO"/><kind value="resource"/></page><page><source value="StructureDefinition-ptOccupation.html"/><title value="Profissão do utente"/><kind value="resource"/></page><page><source value="StructureDefinition-med-cost.html"/><title value="Custo"/><kind value="resource"/></page><page><source value="StructureDefinition-contactPreference.html"/><title value="Contacto preferencial"/><kind value="resource"/></page><page><source value="StructureDefinition-prescription-duplicate.html"/><title value="NÚMERO DE VIAS"/><kind value="resource"/></page><page><source value="StructureDefinition-episodeServiceSpecialty.html"/><title value="CÓDIGO ESPECIALIDADE CONSULTA"/><kind value="resource"/></page><page><source value="StructureDefinition-med-prescription-dosage-line.html"/><title value="NÚMERO DE VIAS"/><kind value="resource"/></page><page><source value="Organization-fab4d0d7-b8dd-4c6f-9c7e-71ca0ee53ace.html"/><kind value="resource"/></page><page><source value="Medication-a87cddf3-01de-4241-b9b2-7209f5f2bcab.html"/><kind value="resource"/></page><page><source value="Organization-dec4d0d7-b8dd-4c6f-9c7e-71ca0ee53ace.html"/><kind value="resource"/></page><page><source value="Encounter-2d3f8e19-205e-40c6-aeec7b17cbef8045.html"/><kind value="resource"/></page><page><source value="MessageHeader-db6428bf-1e58-48d4-9102-b85d6c716bb1.html"/><kind value="resource"/></page><page><source value="RequestGroup-25f1ea48-e0ef-405e-86fc-498ae907f6df.html"/><kind value="resource"/></page><page><source value="Coverage-219eb473-8ee3-4e3d-b785-b204b71de77f.html"/><kind value="resource"/></page><page><source value="Location-04f1ea48-e0ef-405e-86fc-498ae907f6d0.html"/><kind value="resource"/></page><page><source value="Practitioner-f644ab44-7e32-4e05-972c-1f14bebf27a8.html"/><kind value="resource"/></page><page><source value="Bundle-7898e419-6983-4afc-8163-a19274a12290.html"/><kind value="resource"/></page><page><source value="MedicationRequest-e22942f3-a461-40b9-8449-30f7a7e9d0d5.html"/><kind value="resource"/></page><page><source value="Patient-3616b380-01be-465a-aa29-906337c6e7a4.html"/><kind value="resource"/></page></page></page></ImplementationGuide>