<?xml version="1.0" encoding="UTF-8"?><ImplementationGuide xmlns="http://hl7.org/fhir"><id value="my-ig"/><text><status value="extensions"/><div xmlns="http://www.w3.org/1999/xhtml"><h2>ExampleIG</h2><p>The official URL for this implementation guide is: </p><pre>http://example.com/fhir/example</pre><div><p>Example IG exercises many of the fields in a SUSHI configuration.</p>
</div></div></text><url value="http://example.com/fhir/example"/><version value="1.0.0"/><name value="ExampleIG"/><title value="HL7 PT FHIR Implementation Guide: PEM-H | R4 // STU3"/><status value="active"/><date value="2022-07-14"/><publisher value="HL7 Portugal"/><contact><name value="HL7 Portugal"/><telecom><system value="url"/><value value="http://hl7.pt"/></telecom><telecom><system value="email"/><value value="info@hl7.pt"/></telecom></contact><contact><name value="Bob Smith"/><telecom><system value="email"/><value value="bobsmith@example.com"/><use value="work"/></telecom></contact><description value="Example IG exercises many of the fields in a SUSHI configuration."/><jurisdiction><coding><system value="http://unstats.un.org/unsd/methods/m49/m49.htm"/><code value="001"/><display value="World"/></coding></jurisdiction><packageId value="my-ig"/><license value="CC0-1.0"/><fhirVersion value="4.0.1"/><dependsOn id="hl7tx"><uri value="http://terminology.hl7.org/ImplementationGuide/hl7.terminology"/><packageId value="hl7.terminology.r4"/><version value="3.1.0"/></dependsOn><definition><extension url="http://hl7.org/fhir/tools/StructureDefinition/ig-parameter"><extension url="code"><valueString value="copyrightyear"/></extension><extension url="value"><valueString value="2021+"/></extension></extension><extension url="http://hl7.org/fhir/tools/StructureDefinition/ig-parameter"><extension url="code"><valueString value="releaselabel"/></extension><extension url="value"><valueString value="STU1"/></extension></extension><extension url="http://hl7.org/fhir/tools/StructureDefinition/ig-parameter"><extension url="code"><valueString value="path-liquid"/></extension><extension url="value"><valueString value="template/liquid"/></extension></extension><extension url="http://hl7.org/fhir/tools/StructureDefinition/ig-parameter"><extension url="code"><valueString value="path-liquid"/></extension><extension url="value"><valueString value="input/liquid"/></extension></extension><extension url="http://hl7.org/fhir/tools/StructureDefinition/ig-parameter"><extension url="code"><valueString value="path-qa"/></extension><extension url="value"><valueString value="temp/qa"/></extension></extension><extension url="http://hl7.org/fhir/tools/StructureDefinition/ig-parameter"><extension url="code"><valueString value="path-temp"/></extension><extension url="value"><valueString value="temp/pages"/></extension></extension><extension url="http://hl7.org/fhir/tools/StructureDefinition/ig-parameter"><extension url="code"><valueString value="path-output"/></extension><extension url="value"><valueString value="output"/></extension></extension><extension url="http://hl7.org/fhir/tools/StructureDefinition/ig-parameter"><extension url="code"><valueString value="path-suppressed-warnings"/></extension><extension url="value"><valueString value="input/ignoreWarnings.txt"/></extension></extension><extension url="http://hl7.org/fhir/tools/StructureDefinition/ig-parameter"><extension url="code"><valueString value="path-history"/></extension><extension url="value"><valueString value="history.html"/></extension></extension><extension url="http://hl7.org/fhir/tools/StructureDefinition/ig-parameter"><extension url="code"><valueString value="template-html"/></extension><extension url="value"><valueString value="template-page.html"/></extension></extension><extension url="http://hl7.org/fhir/tools/StructureDefinition/ig-parameter"><extension url="code"><valueString value="template-md"/></extension><extension url="value"><valueString value="template-page-md.html"/></extension></extension><extension url="http://hl7.org/fhir/tools/StructureDefinition/ig-parameter"><extension url="code"><valueString value="apply-contact"/></extension><extension url="value"><valueString value="true"/></extension></extension><extension url="http://hl7.org/fhir/tools/StructureDefinition/ig-parameter"><extension url="code"><valueString value="apply-context"/></extension><extension url="value"><valueString value="true"/></extension></extension><extension url="http://hl7.org/fhir/tools/StructureDefinition/ig-parameter"><extension url="code"><valueString value="apply-copyright"/></extension><extension url="value"><valueString value="true"/></extension></extension><extension url="http://hl7.org/fhir/tools/StructureDefinition/ig-parameter"><extension url="code"><valueString value="apply-jurisdiction"/></extension><extension url="value"><valueString value="true"/></extension></extension><extension url="http://hl7.org/fhir/tools/StructureDefinition/ig-parameter"><extension url="code"><valueString value="apply-license"/></extension><extension url="value"><valueString value="true"/></extension></extension><extension url="http://hl7.org/fhir/tools/StructureDefinition/ig-parameter"><extension url="code"><valueString value="apply-publisher"/></extension><extension url="value"><valueString value="true"/></extension></extension><extension url="http://hl7.org/fhir/tools/StructureDefinition/ig-parameter"><extension url="code"><valueString value="apply-version"/></extension><extension url="value"><valueString value="true"/></extension></extension><extension url="http://hl7.org/fhir/tools/StructureDefinition/ig-parameter"><extension url="code"><valueString value="active-tables"/></extension><extension url="value"><valueString value="true"/></extension></extension><extension url="http://hl7.org/fhir/tools/StructureDefinition/ig-parameter"><extension url="code"><valueString value="fmm-definition"/></extension><extension url="value"><valueString value="http://hl7.org/fhir/versions.html#maturity"/></extension></extension><extension url="http://hl7.org/fhir/tools/StructureDefinition/ig-parameter"><extension url="code"><valueString value="propagate-status"/></extension><extension url="value"><valueString value="true"/></extension></extension><extension url="http://hl7.org/fhir/tools/StructureDefinition/ig-parameter"><extension url="code"><valueString value="excludelogbinaryformat"/></extension><extension url="value"><valueString value="true"/></extension></extension><grouping id="-str-profile"><name value="Structures: Resource Profiles"/><description value="These define constraints on FHIR resources for systems conforming to this implementation guide"/></grouping><grouping id="-str-extension"><name value="Structures: Extension Definitions"/><description value="These define constraints on FHIR data types for systems conforming to this implementation guide"/></grouping><grouping id="-term-valueset"><name value="Terminology: Value Sets"/><description value="These define sets of codes used by systems conforming to this implementation guide"/></grouping><grouping id="-ex-example"><name value="Example: Example Instances"/><description value="These are example instances that show what data produced and consumed by systems conforming with this implementation guide might look like"/></grouping><resource><extension url="http://hl7.org/fhir/StructureDefinition/implementationguide-page"><valueUri value="StructureDefinition-content-profile.html"/></extension><reference><reference value="StructureDefinition/content-profile"/></reference><name value="Perfil Conteudo Receita"/><description value="Este recurso representa a receita (Número da receita, local e central, número da linha e a data de validade )."/><exampleBoolean value="false"/><groupingId value="-str-profile"/></resource><resource><extension url="http://hl7.org/fhir/StructureDefinition/implementationguide-page"><valueUri value="StructureDefinition-coverage-pemh-profile.html"/></extension><reference><reference value="StructureDefinition/coverage-pemh-profile"/></reference><name value="Perfil Coverage"/><description value="Recurso utilizado para representar a relação entre beneficiário (utente) e a entidade responsável. Este recurso é referenciado no recurso Patient numa extensão própria."/><exampleBoolean value="false"/><groupingId value="-str-profile"/></resource><resource><extension url="http://hl7.org/fhir/StructureDefinition/implementationguide-page"><valueUri value="StructureDefinition-encounter-pemh-profile.html"/></extension><reference><reference value="StructureDefinition/encounter-pemh-profile"/></reference><name value="Perfil Episódio"/><description value="Recurso que caracteriza o episódio a partir do qual a prescrição de medicação está a ser solicitada."/><exampleBoolean value="false"/><groupingId value="-str-profile"/></resource><resource><extension url="http://hl7.org/fhir/StructureDefinition/implementationguide-page"><valueUri value="StructureDefinition-location-pemh-profile.html"/></extension><reference><reference value="StructureDefinition/location-pemh-profile"/></reference><name value="Perfil Location"/><description value="Recurso utilizado para representar informação sobre o local de prescrição da medicação."/><exampleBoolean value="false"/><groupingId value="-str-profile"/></resource><resource><extension url="http://hl7.org/fhir/StructureDefinition/implementationguide-page"><valueUri value="StructureDefinition-msh-profile.html"/></extension><reference><reference value="StructureDefinition/msh-profile"/></reference><name value="Perfil MessageHeader"/><description value="Este recurso deve ser a primeira entrada no Bundle e deve referenciar (focus) o recurso MedicationRequest."/><exampleBoolean value="false"/><groupingId value="-str-profile"/></resource><resource><extension url="http://hl7.org/fhir/StructureDefinition/implementationguide-page"><valueUri value="StructureDefinition-med-pemh-profile.html"/></extension><reference><reference value="StructureDefinition/med-pemh-profile"/></reference><name value="Perfil Medicação"/><description value="Este recurso representa o medicamento que é referenciado pelo recurso MedicationRequest."/><exampleBoolean value="false"/><groupingId value="-str-profile"/></resource><resource><extension url="http://hl7.org/fhir/StructureDefinition/implementationguide-page"><valueUri value="StructureDefinition-med-request-profile.html"/></extension><reference><reference value="StructureDefinition/med-request-profile"/></reference><name value="Perfil informação de receita"/><description value="Este recurso contém informações da linha da receita."/><exampleBoolean value="false"/><groupingId value="-str-profile"/></resource><resource><extension url="http://hl7.org/fhir/StructureDefinition/implementationguide-page"><valueUri value="StructureDefinition-patient-pemh-profile.html"/></extension><reference><reference value="StructureDefinition/patient-pemh-profile"/></reference><name value="Perfil Paciente"/><description value="Utente a quem diz respeito a prescrição de medicação."/><exampleBoolean value="false"/><groupingId value="-str-profile"/></resource><resource><extension url="http://hl7.org/fhir/StructureDefinition/implementationguide-page"><valueUri value="StructureDefinition-bundle-response-profile.html"/></extension><reference><reference value="StructureDefinition/bundle-response-profile"/></reference><name value="Perfil Bundle de mensagem de resposta"/><description value="O fluxo de prescrição de medicação é um fluxo síncronopara a aplicação emissora."/><exampleBoolean value="false"/><groupingId value="-str-profile"/></resource><resource><extension url="http://hl7.org/fhir/StructureDefinition/implementationguide-page"><valueUri value="StructureDefinition-example-patient-profile.html"/></extension><reference><reference value="StructureDefinition/example-patient-profile"/></reference><name value="Perfil Bundle de mensagem"/><description value="O Bundle da mensagem deve ser do tipo 'message', deve ter como primeira entrada o recurso MessageHeader, e como segunda o recurso."/><exampleBoolean value="false"/><groupingId value="-str-profile"/></resource><resource><extension url="http://hl7.org/fhir/StructureDefinition/implementationguide-page"><valueUri value="StructureDefinition-meaning-order.html"/></extension><reference><reference value="StructureDefinition/meaning-order"/></reference><name value="Condition related to the current resource"/><description value="The resource has an unspecified relationship with a Condition."/><exampleBoolean value="false"/><groupingId value="-str-extension"/></resource><resource><extension url="http://hl7.org/fhir/StructureDefinition/implementationguide-page"><valueUri value="StructureDefinition-duplicate-order.html"/></extension><reference><reference value="StructureDefinition/duplicate-order"/></reference><name value="Condition related to the current resource"/><description value="The resource has an unspecified relationship with a Condition."/><exampleBoolean value="false"/><groupingId value="-str-extension"/></resource><resource><extension url="http://hl7.org/fhir/StructureDefinition/implementationguide-page"><valueUri value="ValueSet-EventCodeVS.html"/></extension><reference><reference value="ValueSet/EventCodeVS"/></reference><name value="EventCodeVS"/><exampleBoolean value="false"/><groupingId value="-term-valueset"/></resource><resource><extension url="http://hl7.org/fhir/StructureDefinition/implementationguide-page"><valueUri value="ValueSet-EventagsVS.html"/></extension><reference><reference value="ValueSet/EventagsVS"/></reference><name value="EventagsVS"/><exampleBoolean value="false"/><groupingId value="-term-valueset"/></resource><resource><extension url="http://hl7.org/fhir/StructureDefinition/implementationguide-page"><valueUri value="ValueSet-MeaningOrderVS.html"/></extension><reference><reference value="ValueSet/MeaningOrderVS"/></reference><name value="MeaningOrderVS"/><exampleBoolean value="false"/><groupingId value="-term-valueset"/></resource><resource><extension url="http://hl7.org/fhir/StructureDefinition/implementationguide-page"><valueUri value="Location-04f1ea48-e0ef-405e-86fc-498ae907f6d0.html"/></extension><reference><reference value="Location/04f1ea48-e0ef-405e-86fc-498ae907f6d0"/></reference><name value="ExemploLocation"/><description value="Exemplo 1 - Nova prescrição de medicação - Location"/><exampleBoolean value="true"/><groupingId value="-ex-example"/></resource><resource><extension url="http://hl7.org/fhir/StructureDefinition/implementationguide-page"><valueUri value="Coverage-219eb473-8ee3-4e3d-b785-b204b71de77f.html"/></extension><reference><reference value="Coverage/219eb473-8ee3-4e3d-b785-b204b71de77f"/></reference><name value="ExemploCoverage"/><description value="Exemplo 1 - Nova prescrição de medicação - Coverage"/><exampleBoolean value="true"/><groupingId value="-ex-example"/></resource><resource><extension url="http://hl7.org/fhir/StructureDefinition/implementationguide-page"><valueUri value="RequestGroup-25f1ea48-e0ef-405e-86fc-498ae907f6df.html"/></extension><reference><reference value="RequestGroup/25f1ea48-e0ef-405e-86fc-498ae907f6df"/></reference><name value="ExemploRequestGroup"/><description value="Exemplo 1 - Nova prescrição de medicação - RequestGroup"/><exampleCanonical value="http://example.com/fhir/example/StructureDefinition/content-profile"/><groupingId value="-ex-example"/></resource><resource><extension url="http://hl7.org/fhir/StructureDefinition/implementationguide-page"><valueUri value="Encounter-2d3f8e19-205e-40c6-aeec7b17cbef8045.html"/></extension><reference><reference value="Encounter/2d3f8e19-205e-40c6-aeec7b17cbef8045"/></reference><name value="ExemploEncounter"/><description value="Exemplo 1 - Nova prescrição de medicação - Encounter"/><exampleBoolean value="true"/><groupingId value="-ex-example"/></resource><resource><extension url="http://hl7.org/fhir/StructureDefinition/implementationguide-page"><valueUri value="Patient-3616b380-01be-465a-aa29-906337c6e7a4.html"/></extension><reference><reference value="Patient/3616b380-01be-465a-aa29-906337c6e7a4"/></reference><name value="ExemploPatient"/><description value="Exemplo 1 - Nova prescrição de medicação - Patient"/><exampleBoolean value="true"/><groupingId value="-ex-example"/></resource><resource><extension url="http://hl7.org/fhir/StructureDefinition/implementationguide-page"><valueUri value="Bundle-7898e419-6983-4afc-8163-a19274a12290.html"/></extension><reference><reference value="Bundle/7898e419-6983-4afc-8163-a19274a12290"/></reference><name value="ExemploMessage"/><description value="Exemplo 1 - Nova prescrição de medicação - Bundle"/><exampleBoolean value="true"/><groupingId value="-ex-example"/></resource><resource><extension url="http://hl7.org/fhir/StructureDefinition/implementationguide-page"><valueUri value="Medication-a87cddf3-01de-4241-b9b2-7209f5f2bcab.html"/></extension><reference><reference value="Medication/a87cddf3-01de-4241-b9b2-7209f5f2bcab"/></reference><name value="ExemploMedication"/><description value="Exemplo 1 - Nova prescrição de medicação - Medication"/><exampleBoolean value="true"/><groupingId value="-ex-example"/></resource><resource><extension url="http://hl7.org/fhir/StructureDefinition/implementationguide-page"><valueUri value="Organization-dec4d0d7-b8dd-4c6f-9c7e-71ca0ee53ace.html"/></extension><reference><reference value="Organization/dec4d0d7-b8dd-4c6f-9c7e-71ca0ee53ace"/></reference><name value="ExemploOrganization1"/><description value="Exemplo 1 - Nova prescrição de medicação - Organization1"/><exampleBoolean value="true"/><groupingId value="-ex-example"/></resource><resource><extension url="http://hl7.org/fhir/StructureDefinition/implementationguide-page"><valueUri value="MedicationRequest-e22942f3-a461-40b9-8449-30f7a7e9d0d5.html"/></extension><reference><reference value="MedicationRequest/e22942f3-a461-40b9-8449-30f7a7e9d0d5"/></reference><name value="ExemploMedicationRequest"/><description value="Exemplo 1 - Nova prescrição de medicação - MedicationRequest"/><exampleBoolean value="true"/><groupingId value="-ex-example"/></resource><resource><extension url="http://hl7.org/fhir/StructureDefinition/implementationguide-page"><valueUri value="Practitioner-f644ab44-7e32-4e05-972c-1f14bebf27a8.html"/></extension><reference><reference value="Practitioner/f644ab44-7e32-4e05-972c-1f14bebf27a8"/></reference><name value="ExemploPractitioner"/><description value="Exemplo 1 - Nova prescrição de medicação - Organization2"/><exampleBoolean value="true"/><groupingId value="-ex-example"/></resource><resource><extension url="http://hl7.org/fhir/StructureDefinition/implementationguide-page"><valueUri value="Organization-fab4d0d7-b8dd-4c6f-9c7e-71ca0ee53ace.html"/></extension><reference><reference value="Organization/fab4d0d7-b8dd-4c6f-9c7e-71ca0ee53ace"/></reference><name value="ExemploOrganization2"/><description value="Exemplo 1 - Nova prescrição de medicação - Organization2"/><exampleBoolean value="true"/><groupingId value="-ex-example"/></resource><page><nameUrl value="toc.html"/><title value="Table of Contents"/><generation value="html"/><page><nameUrl value="index.html"/><title value="Home"/><generation value="html"/></page><page><nameUrl value="background.html"/><title value="Background"/><generation value="html"/></page><page><nameUrl value="changes.html"/><title value="Changes"/><generation value="html"/></page><page><nameUrl value="downloads.html"/><title value="Downloads"/><generation value="html"/></page><page><nameUrl value="Intro.html"/><title value="Intro"/><generation value="markdown"/></page><page><nameUrl value="mensagem-envio.html"/><title value="Mensagem Envio"/><generation value="markdown"/></page><page><nameUrl value="mensagem-resposta.html"/><title value="Mensagem Resposta"/><generation value="markdown"/></page><page><nameUrl value="recursos-suporte.html"/><title value="Recursos Suporte"/><generation value="markdown"/></page><page><nameUrl value="artifacts.html"/><title value="Artifacts Summary"/><generation value="html"/><page><nameUrl value="StructureDefinition-content-profile.html"/><title value="Perfil Conteudo Receita"/><generation value="generated"/></page><page><nameUrl value="StructureDefinition-coverage-pemh-profile.html"/><title value="Perfil Coverage"/><generation value="generated"/></page><page><nameUrl value="StructureDefinition-encounter-pemh-profile.html"/><title value="Perfil Episódio"/><generation value="generated"/></page><page><nameUrl value="StructureDefinition-location-pemh-profile.html"/><title value="Perfil Location"/><generation value="generated"/></page><page><nameUrl value="StructureDefinition-msh-profile.html"/><title value="Perfil MessageHeader"/><generation value="generated"/></page><page><nameUrl value="StructureDefinition-med-pemh-profile.html"/><title value="Perfil Medicação"/><generation value="generated"/></page><page><nameUrl value="StructureDefinition-med-request-profile.html"/><title value="Perfil informação de receita"/><generation value="generated"/></page><page><nameUrl value="StructureDefinition-patient-pemh-profile.html"/><title value="Perfil Paciente"/><generation value="generated"/></page><page><nameUrl value="StructureDefinition-bundle-response-profile.html"/><title value="Perfil Bundle de mensagem de resposta"/><generation value="generated"/></page><page><nameUrl value="StructureDefinition-example-patient-profile.html"/><title value="Perfil Bundle de mensagem"/><generation value="generated"/></page><page><nameUrl value="StructureDefinition-meaning-order.html"/><title value="Condition related to the current resource"/><generation value="generated"/></page><page><nameUrl value="StructureDefinition-duplicate-order.html"/><title value="Condition related to the current resource"/><generation value="generated"/></page><page><nameUrl value="ValueSet-EventCodeVS.html"/><title value="EventCodeVS"/><generation value="generated"/></page><page><nameUrl value="ValueSet-EventagsVS.html"/><title value="EventagsVS"/><generation value="generated"/></page><page><nameUrl value="ValueSet-MeaningOrderVS.html"/><title value="MeaningOrderVS"/><generation value="generated"/></page><page><nameUrl value="Location-04f1ea48-e0ef-405e-86fc-498ae907f6d0.html"/><title value="ExemploLocation"/><generation value="generated"/></page><page><nameUrl value="Coverage-219eb473-8ee3-4e3d-b785-b204b71de77f.html"/><title value="ExemploCoverage"/><generation value="generated"/></page><page><nameUrl value="RequestGroup-25f1ea48-e0ef-405e-86fc-498ae907f6df.html"/><title value="ExemploRequestGroup"/><generation value="generated"/></page><page><nameUrl value="Encounter-2d3f8e19-205e-40c6-aeec7b17cbef8045.html"/><title value="ExemploEncounter"/><generation value="generated"/></page><page><nameUrl value="Patient-3616b380-01be-465a-aa29-906337c6e7a4.html"/><title value="ExemploPatient"/><generation value="generated"/></page><page><nameUrl value="Bundle-7898e419-6983-4afc-8163-a19274a12290.html"/><title value="ExemploMessage"/><generation value="generated"/></page><page><nameUrl value="Medication-a87cddf3-01de-4241-b9b2-7209f5f2bcab.html"/><title value="ExemploMedication"/><generation value="generated"/></page><page><nameUrl value="Organization-dec4d0d7-b8dd-4c6f-9c7e-71ca0ee53ace.html"/><title value="ExemploOrganization1"/><generation value="generated"/></page><page><nameUrl value="MedicationRequest-e22942f3-a461-40b9-8449-30f7a7e9d0d5.html"/><title value="ExemploMedicationRequest"/><generation value="generated"/></page><page><nameUrl value="Practitioner-f644ab44-7e32-4e05-972c-1f14bebf27a8.html"/><title value="ExemploPractitioner"/><generation value="generated"/></page><page><nameUrl value="Organization-fab4d0d7-b8dd-4c6f-9c7e-71ca0ee53ace.html"/><title value="ExemploOrganization2"/><generation value="generated"/></page></page></page><parameter><code value="path-resource"/><value value="input/capabilities"/></parameter><parameter><code value="path-resource"/><value value="input/examples"/></parameter><parameter><code value="path-resource"/><value value="input/extensions"/></parameter><parameter><code value="path-resource"/><value value="input/models"/></parameter><parameter><code value="path-resource"/><value value="input/operations"/></parameter><parameter><code value="path-resource"/><value value="input/profiles"/></parameter><parameter><code value="path-resource"/><value value="input/resources"/></parameter><parameter><code value="path-resource"/><value value="input/vocabulary"/></parameter><parameter><code value="path-resource"/><value value="input/maps"/></parameter><parameter><code value="path-resource"/><value value="input/testing"/></parameter><parameter><code value="path-resource"/><value value="input/history"/></parameter><parameter><code value="path-resource"/><value value="fsh-generated/resources"/></parameter><parameter><code value="path-pages"/><value value="template/config"/></parameter><parameter><code value="path-pages"/><value value="input/images"/></parameter><parameter><code value="path-tx-cache"/><value value="input-cache/txcache"/></parameter></definition></ImplementationGuide>