<?xml version="1.0" encoding="UTF-8"?><StructureDefinition xmlns="http://hl7.org/fhir"><id value="med-prescription-dosage-instruction"/><text><status value="extensions"/><div xmlns="http://www.w3.org/1999/xhtml"><table border="0" cellpadding="0" cellspacing="0" style="border: 0px #F0F0F0 solid; font-size: 11px; font-family: verdana; vertical-align: top;"><tr style="border: 1px #F0F0F0 solid; font-size: 11px; font-family: verdana; vertical-align: top"><th style="vertical-align: top; text-align : left; background-color: white; border: 0px #F0F0F0 solid; padding:0px 4px 0px 4px" class="hierarchy"><a href="https://build.fhir.org/ig/FHIR/ig-guidance/readingIgs.html#table-views" title="The logical name of the element">Name</a></th><th style="vertical-align: top; text-align : left; background-color: white; border: 0px #F0F0F0 solid; padding:0px 4px 0px 4px" class="hierarchy"><a href="https://build.fhir.org/ig/FHIR/ig-guidance/readingIgs.html#table-views" title="Information about the use of the element">Flags</a></th><th style="vertical-align: top; text-align : left; background-color: white; border: 0px #F0F0F0 solid; padding:0px 4px 0px 4px" class="hierarchy"><a href="https://build.fhir.org/ig/FHIR/ig-guidance/readingIgs.html#table-views" title="Minimum and Maximum # of times the the element can appear in the instance">Card.</a></th><th style="width: 100px" class="hierarchy"><a href="https://build.fhir.org/ig/FHIR/ig-guidance/readingIgs.html#table-views" title="Reference to the type of the element">Type</a></th><th style="vertical-align: top; text-align : left; background-color: white; border: 0px #F0F0F0 solid; padding:0px 4px 0px 4px" class="hierarchy"><a href="https://build.fhir.org/ig/FHIR/ig-guidance/readingIgs.html#table-views" title="Additional information about the element">Description &amp; Constraints</a><span style="float: right"><a href="https://build.fhir.org/ig/FHIR/ig-guidance/readingIgs.html#table-views" title="Legend for this format"><img src="http://hl7.org/fhir/STU3/help16.png" alt="doco" style="background-color: inherit"/></a></span></th></tr><tr style="border: 0px #F0F0F0 solid; padding:0px; vertical-align: top; background-color: white"><td style="vertical-align: top; text-align : left; background-color: white; border: 0px #F0F0F0 solid; padding:0px 4px 0px 4px; white-space: nowrap; background-image: url(tbl_bck1.png)" class="hierarchy"><img src="tbl_spacer.png" alt="." style="background-color: inherit" class="hierarchy"/><img src="icon_element.gif" alt="." style="background-color: white; background-color: inherit" title="Element" class="hierarchy"/> <a href="StructureDefinition-med-prescription-dosage-instruction-definitions.html#Extension" title="Extensões referentes a frequência e horário de toma do medicamento e a duração de tratamento da posologia em valor e unidade.">Extension</a><a name="Extension"> </a></td><td style="vertical-align: top; text-align : left; background-color: white; border: 0px #F0F0F0 solid; padding:0px 4px 0px 4px" class="hierarchy"/><td style="vertical-align: top; text-align : left; background-color: white; border: 0px #F0F0F0 solid; padding:0px 4px 0px 4px" class="hierarchy"><span style="opacity: 0.5">0</span><span style="opacity: 0.5">..</span><span style="opacity: 0.5">*</span></td><td style="vertical-align: top; text-align : left; background-color: white; border: 0px #F0F0F0 solid; padding:0px 4px 0px 4px" class="hierarchy"><a href="http://hl7.org/fhir/STU3/extensibility.html#Extension">Extension</a></td><td style="vertical-align: top; text-align : left; background-color: white; border: 0px #F0F0F0 solid; padding:0px 4px 0px 4px" class="hierarchy">FREQ+HORÁRIO</td></tr>
<tr style="border: 0px #F0F0F0 solid; padding:0px; vertical-align: top; background-color: #F7F7F7"><td style="vertical-align: top; text-align : left; background-color: #F7F7F7; border: 0px #F0F0F0 solid; padding:0px 4px 0px 4px; white-space: nowrap; background-image: url(tbl_bck10.png)" class="hierarchy"><img src="tbl_spacer.png" alt="." style="background-color: inherit" class="hierarchy"/><img src="tbl_vjoin.png" alt="." style="background-color: inherit" class="hierarchy"/><img src="icon_extension_simple.png" alt="." style="background-color: #F7F7F7; background-color: inherit" title="Simple Extension" class="hierarchy"/> <a href="StructureDefinition-med-prescription-dosage-instruction-definitions.html#Extension.extension">extension</a><a name="Extension.extension"> </a></td><td style="vertical-align: top; text-align : left; background-color: #F7F7F7; border: 0px #F0F0F0 solid; padding:0px 4px 0px 4px" class="hierarchy"/><td style="vertical-align: top; text-align : left; background-color: #F7F7F7; border: 0px #F0F0F0 solid; padding:0px 4px 0px 4px" class="hierarchy">2..<span style="opacity: 0.5">*</span></td><td style="vertical-align: top; text-align : left; background-color: #F7F7F7; border: 0px #F0F0F0 solid; padding:0px 4px 0px 4px" class="hierarchy"><a style="opacity: 0.5" href="http://hl7.org/fhir/STU3/extensibility.html#Extension">Extension</a></td><td style="vertical-align: top; text-align : left; background-color: #F7F7F7; border: 0px #F0F0F0 solid; padding:0px 4px 0px 4px" class="hierarchy"><span style="opacity: 0.5">Extension</span></td></tr>
<tr style="border: 0px #F0F0F0 solid; padding:0px; vertical-align: top; background-color: white"><td style="vertical-align: top; text-align : left; background-color: white; border: 0px #F0F0F0 solid; padding:0px 4px 0px 4px; white-space: nowrap; background-image: url(tbl_bck15.png)" class="hierarchy"><img src="tbl_spacer.png" alt="." style="background-color: inherit" class="hierarchy"/><img src="tbl_vjoin.png" alt="." style="background-color: inherit" class="hierarchy"/><img src="icon_slice_item.png" alt="." style="background-color: white; background-color: inherit" title="Slice Item" class="hierarchy"/> <a href="StructureDefinition-med-prescription-dosage-instruction-definitions.html#Extension.extension:med-prescription-frequency-time" title="Slice med-prescription-frequency-time">extension:med-prescription-frequency-time</a><a name="Extension.extension"> </a></td><td style="vertical-align: top; text-align : left; background-color: white; border: 0px #F0F0F0 solid; padding:0px 4px 0px 4px" class="hierarchy"><span style="padding-left: 3px; padding-right: 3px; color: white; background-color: red" title="This element must be supported">S</span></td><td style="vertical-align: top; text-align : left; background-color: white; border: 0px #F0F0F0 solid; padding:0px 4px 0px 4px" class="hierarchy">1..1</td><td style="vertical-align: top; text-align : left; background-color: white; border: 0px #F0F0F0 solid; padding:0px 4px 0px 4px" class="hierarchy"><a style="opacity: 0.5" href="http://hl7.org/fhir/STU3/extensibility.html#Extension">Extension</a></td><td style="vertical-align: top; text-align : left; background-color: white; border: 0px #F0F0F0 solid; padding:0px 4px 0px 4px" class="hierarchy">Indica a frequência e horário de toma do medicamento definidos pelo CTC.</td></tr>
<tr style="border: 0px #F0F0F0 solid; padding:0px; vertical-align: top; background-color: #F7F7F7"><td style="vertical-align: top; text-align : left; background-color: #F7F7F7; border: 0px #F0F0F0 solid; padding:0px 4px 0px 4px; white-space: nowrap; background-image: url(tbl_bck150.png)" class="hierarchy"><img src="tbl_spacer.png" alt="." style="background-color: inherit" class="hierarchy"/><img src="tbl_vline.png" alt="." style="background-color: inherit" class="hierarchy"/><img src="tbl_vjoin_slice.png" alt="." style="background-color: inherit" class="hierarchy"/><img src="icon_extension_simple.png" alt="." style="background-color: #F7F7F7; background-color: inherit" title="Simple Extension" class="hierarchy"/> <span style="text-decoration:line-through">extension</span><a name="Extension.extension.extension"> </a></td><td style="vertical-align: top; text-align : left; background-color: #F7F7F7; border: 0px #F0F0F0 solid; padding:0px 4px 0px 4px" class="hierarchy"/><td style="vertical-align: top; text-align : left; background-color: #F7F7F7; border: 0px #F0F0F0 solid; padding:0px 4px 0px 4px" class="hierarchy"><span style="text-decoration:line-through"/><span style="text-decoration:line-through">0</span><span style="text-decoration:line-through">..</span><span style="text-decoration:line-through">0</span></td><td style="vertical-align: top; text-align : left; background-color: #F7F7F7; border: 0px #F0F0F0 solid; padding:0px 4px 0px 4px" class="hierarchy"/><td style="vertical-align: top; text-align : left; background-color: #F7F7F7; border: 0px #F0F0F0 solid; padding:0px 4px 0px 4px" class="hierarchy"/></tr>
<tr style="border: 0px #F0F0F0 solid; padding:0px; vertical-align: top; background-color: white"><td style="vertical-align: top; text-align : left; background-color: white; border: 0px #F0F0F0 solid; padding:0px 4px 0px 4px; white-space: nowrap; background-image: url(tbl_bck150.png)" class="hierarchy"><img src="tbl_spacer.png" alt="." style="background-color: inherit" class="hierarchy"/><img src="tbl_vline.png" alt="." style="background-color: inherit" class="hierarchy"/><img src="tbl_vjoin_slice.png" alt="." style="background-color: inherit" class="hierarchy"/><img src="icon_element.gif" alt="." style="background-color: white; background-color: inherit" title="Element" class="hierarchy"/> <a href="StructureDefinition-med-prescription-dosage-instruction-definitions.html#Extension.extension:med-prescription-frequency-time.url">url</a><a name="Extension.extension.url"> </a></td><td style="vertical-align: top; text-align : left; background-color: white; border: 0px #F0F0F0 solid; padding:0px 4px 0px 4px" class="hierarchy"/><td style="vertical-align: top; text-align : left; background-color: white; border: 0px #F0F0F0 solid; padding:0px 4px 0px 4px" class="hierarchy"><span style="opacity: 0.5">1</span><span style="opacity: 0.5">..</span><span style="opacity: 0.5">1</span></td><td style="vertical-align: top; text-align : left; background-color: white; border: 0px #F0F0F0 solid; padding:0px 4px 0px 4px" class="hierarchy"><a style="opacity: 0.5" href="http://hl7.org/fhir/STU3/datatypes.html#uri">uri</a></td><td style="vertical-align: top; text-align : left; background-color: white; border: 0px #F0F0F0 solid; padding:0px 4px 0px 4px" class="hierarchy"><span style="color: darkgreen">&quot;med-prescription-frequency-time&quot;</span></td></tr>
<tr style="border: 0px #F0F0F0 solid; padding:0px; vertical-align: top; background-color: #F7F7F7"><td style="vertical-align: top; text-align : left; background-color: #F7F7F7; border: 0px #F0F0F0 solid; padding:0px 4px 0px 4px; white-space: nowrap; background-image: url(tbl_bck140.png)" class="hierarchy"><img src="tbl_spacer.png" alt="." style="background-color: inherit" class="hierarchy"/><img src="tbl_vline.png" alt="." style="background-color: inherit" class="hierarchy"/><img src="tbl_vjoin_end_slice.png" alt="." style="background-color: inherit" class="hierarchy"/><img src="icon_datatype.gif" alt="." style="background-color: #F7F7F7; background-color: inherit" title="Data Type" class="hierarchy"/> <a href="StructureDefinition-med-prescription-dosage-instruction-definitions.html#Extension.extension:med-prescription-frequency-time.value[x]">value[x]</a><a name="Extension.extension.value_x_"> </a></td><td style="vertical-align: top; text-align : left; background-color: #F7F7F7; border: 0px #F0F0F0 solid; padding:0px 4px 0px 4px" class="hierarchy"/><td style="vertical-align: top; text-align : left; background-color: #F7F7F7; border: 0px #F0F0F0 solid; padding:0px 4px 0px 4px" class="hierarchy"><span style="opacity: 0.5">0</span><span style="opacity: 0.5">..</span><span style="opacity: 0.5">1</span></td><td style="vertical-align: top; text-align : left; background-color: #F7F7F7; border: 0px #F0F0F0 solid; padding:0px 4px 0px 4px" class="hierarchy"><a href="http://hl7.org/fhir/STU3/datatypes.html#CodeableConcept">CodeableConcept</a></td><td style="vertical-align: top; text-align : left; background-color: #F7F7F7; border: 0px #F0F0F0 solid; padding:0px 4px 0px 4px" class="hierarchy"><span style="opacity: 0.5">Value of extension</span><br/><span style="font-weight:bold">Binding: </span><a href="http://hl7.org/fhir/STU3/terminologies.html#unbound">(unbound)</a> (<a href="http://hl7.org/fhir/STU3/terminologies.html#required" title="To be conformant, the concept in this element SHALL be from the specified value set.">required</a>)</td></tr>
<tr style="border: 0px #F0F0F0 solid; padding:0px; vertical-align: top; background-color: white"><td style="vertical-align: top; text-align : left; background-color: white; border: 0px #F0F0F0 solid; padding:0px 4px 0px 4px; white-space: nowrap; background-image: url(tbl_bck15.png)" class="hierarchy"><img src="tbl_spacer.png" alt="." style="background-color: inherit" class="hierarchy"/><img src="tbl_vjoin.png" alt="." style="background-color: inherit" class="hierarchy"/><img src="icon_slice_item.png" alt="." style="background-color: white; background-color: inherit" title="Slice Item" class="hierarchy"/> <a href="StructureDefinition-med-prescription-dosage-instruction-definitions.html#Extension.extension:med-prescription-duration" title="Slice med-prescription-duration">extension:med-prescription-duration</a><a name="Extension.extension"> </a></td><td style="vertical-align: top; text-align : left; background-color: white; border: 0px #F0F0F0 solid; padding:0px 4px 0px 4px" class="hierarchy"><span style="padding-left: 3px; padding-right: 3px; color: white; background-color: red" title="This element must be supported">S</span></td><td style="vertical-align: top; text-align : left; background-color: white; border: 0px #F0F0F0 solid; padding:0px 4px 0px 4px" class="hierarchy">1..1</td><td style="vertical-align: top; text-align : left; background-color: white; border: 0px #F0F0F0 solid; padding:0px 4px 0px 4px" class="hierarchy"><a style="opacity: 0.5" href="http://hl7.org/fhir/STU3/extensibility.html#Extension">Extension</a></td><td style="vertical-align: top; text-align : left; background-color: white; border: 0px #F0F0F0 solid; padding:0px 4px 0px 4px" class="hierarchy">Indica a duração de tratamento da posologia - Valor e Unidade</td></tr>
<tr style="border: 0px #F0F0F0 solid; padding:0px; vertical-align: top; background-color: #F7F7F7"><td style="vertical-align: top; text-align : left; background-color: #F7F7F7; border: 0px #F0F0F0 solid; padding:0px 4px 0px 4px; white-space: nowrap; background-image: url(tbl_bck150.png)" class="hierarchy"><img src="tbl_spacer.png" alt="." style="background-color: inherit" class="hierarchy"/><img src="tbl_vline.png" alt="." style="background-color: inherit" class="hierarchy"/><img src="tbl_vjoin_slice.png" alt="." style="background-color: inherit" class="hierarchy"/><img src="icon_extension_simple.png" alt="." style="background-color: #F7F7F7; background-color: inherit" title="Simple Extension" class="hierarchy"/> <span style="text-decoration:line-through">extension</span><a name="Extension.extension.extension"> </a></td><td style="vertical-align: top; text-align : left; background-color: #F7F7F7; border: 0px #F0F0F0 solid; padding:0px 4px 0px 4px" class="hierarchy"/><td style="vertical-align: top; text-align : left; background-color: #F7F7F7; border: 0px #F0F0F0 solid; padding:0px 4px 0px 4px" class="hierarchy"><span style="text-decoration:line-through"/><span style="text-decoration:line-through">0</span><span style="text-decoration:line-through">..</span><span style="text-decoration:line-through">0</span></td><td style="vertical-align: top; text-align : left; background-color: #F7F7F7; border: 0px #F0F0F0 solid; padding:0px 4px 0px 4px" class="hierarchy"/><td style="vertical-align: top; text-align : left; background-color: #F7F7F7; border: 0px #F0F0F0 solid; padding:0px 4px 0px 4px" class="hierarchy"/></tr>
<tr style="border: 0px #F0F0F0 solid; padding:0px; vertical-align: top; background-color: white"><td style="vertical-align: top; text-align : left; background-color: white; border: 0px #F0F0F0 solid; padding:0px 4px 0px 4px; white-space: nowrap; background-image: url(tbl_bck150.png)" class="hierarchy"><img src="tbl_spacer.png" alt="." style="background-color: inherit" class="hierarchy"/><img src="tbl_vline.png" alt="." style="background-color: inherit" class="hierarchy"/><img src="tbl_vjoin_slice.png" alt="." style="background-color: inherit" class="hierarchy"/><img src="icon_element.gif" alt="." style="background-color: white; background-color: inherit" title="Element" class="hierarchy"/> <a href="StructureDefinition-med-prescription-dosage-instruction-definitions.html#Extension.extension:med-prescription-duration.url">url</a><a name="Extension.extension.url"> </a></td><td style="vertical-align: top; text-align : left; background-color: white; border: 0px #F0F0F0 solid; padding:0px 4px 0px 4px" class="hierarchy"/><td style="vertical-align: top; text-align : left; background-color: white; border: 0px #F0F0F0 solid; padding:0px 4px 0px 4px" class="hierarchy"><span style="opacity: 0.5">1</span><span style="opacity: 0.5">..</span><span style="opacity: 0.5">1</span></td><td style="vertical-align: top; text-align : left; background-color: white; border: 0px #F0F0F0 solid; padding:0px 4px 0px 4px" class="hierarchy"><a style="opacity: 0.5" href="http://hl7.org/fhir/STU3/datatypes.html#uri">uri</a></td><td style="vertical-align: top; text-align : left; background-color: white; border: 0px #F0F0F0 solid; padding:0px 4px 0px 4px" class="hierarchy"><span style="color: darkgreen">&quot;med-prescription-duration&quot;</span></td></tr>
<tr style="border: 0px #F0F0F0 solid; padding:0px; vertical-align: top; background-color: #F7F7F7"><td style="vertical-align: top; text-align : left; background-color: #F7F7F7; border: 0px #F0F0F0 solid; padding:0px 4px 0px 4px; white-space: nowrap; background-image: url(tbl_bck140.png)" class="hierarchy"><img src="tbl_spacer.png" alt="." style="background-color: inherit" class="hierarchy"/><img src="tbl_vline.png" alt="." style="background-color: inherit" class="hierarchy"/><img src="tbl_vjoin_end_slice.png" alt="." style="background-color: inherit" class="hierarchy"/><img src="icon_datatype.gif" alt="." style="background-color: #F7F7F7; background-color: inherit" title="Data Type" class="hierarchy"/> <a href="StructureDefinition-med-prescription-dosage-instruction-definitions.html#Extension.extension:med-prescription-duration.value[x]">value[x]</a><a name="Extension.extension.value_x_"> </a></td><td style="vertical-align: top; text-align : left; background-color: #F7F7F7; border: 0px #F0F0F0 solid; padding:0px 4px 0px 4px" class="hierarchy"/><td style="vertical-align: top; text-align : left; background-color: #F7F7F7; border: 0px #F0F0F0 solid; padding:0px 4px 0px 4px" class="hierarchy"><span style="opacity: 0.5">0</span><span style="opacity: 0.5">..</span><span style="opacity: 0.5">1</span></td><td style="vertical-align: top; text-align : left; background-color: #F7F7F7; border: 0px #F0F0F0 solid; padding:0px 4px 0px 4px" class="hierarchy"><a href="http://hl7.org/fhir/STU3/datatypes.html#Quantity">Quantity</a></td><td style="vertical-align: top; text-align : left; background-color: #F7F7F7; border: 0px #F0F0F0 solid; padding:0px 4px 0px 4px" class="hierarchy"><span style="opacity: 0.5">Value of extension</span><br/><span style="font-weight:bold">Binding: </span><a href="http://hl7.org/fhir/STU3/terminologies.html#unbound">(unbound)</a> (<a href="http://hl7.org/fhir/STU3/terminologies.html#required" title="To be conformant, the concept in this element SHALL be from the specified value set.">required</a>)</td></tr>
<tr style="border: 0px #F0F0F0 solid; padding:0px; vertical-align: top; background-color: white"><td style="vertical-align: top; text-align : left; background-color: white; border: 0px #F0F0F0 solid; padding:0px 4px 0px 4px; white-space: nowrap; background-image: url(tbl_bck10.png)" class="hierarchy"><img src="tbl_spacer.png" alt="." style="background-color: inherit" class="hierarchy"/><img src="tbl_vjoin.png" alt="." style="background-color: inherit" class="hierarchy"/><img src="icon_element.gif" alt="." style="background-color: white; background-color: inherit" title="Element" class="hierarchy"/> <a href="StructureDefinition-med-prescription-dosage-instruction-definitions.html#Extension.url">url</a><a name="Extension.url"> </a></td><td style="vertical-align: top; text-align : left; background-color: white; border: 0px #F0F0F0 solid; padding:0px 4px 0px 4px" class="hierarchy"/><td style="vertical-align: top; text-align : left; background-color: white; border: 0px #F0F0F0 solid; padding:0px 4px 0px 4px" class="hierarchy"><span style="opacity: 0.5">1</span><span style="opacity: 0.5">..</span><span style="opacity: 0.5">1</span></td><td style="vertical-align: top; text-align : left; background-color: white; border: 0px #F0F0F0 solid; padding:0px 4px 0px 4px" class="hierarchy"><a style="opacity: 0.5" href="http://hl7.org/fhir/STU3/datatypes.html#uri">uri</a></td><td style="vertical-align: top; text-align : left; background-color: white; border: 0px #F0F0F0 solid; padding:0px 4px 0px 4px" class="hierarchy"><span style="color: darkgreen">&quot;http://spms.min-saude.pt/iop/extensions/med-prescription-dosage-instruction&quot;</span></td></tr>
<tr style="border: 0px #F0F0F0 solid; padding:0px; vertical-align: top; background-color: #F7F7F7"><td style="vertical-align: top; text-align : left; background-color: #F7F7F7; border: 0px #F0F0F0 solid; padding:0px 4px 0px 4px; white-space: nowrap; background-image: url(tbl_bck00.png)" class="hierarchy"><img src="tbl_spacer.png" alt="." style="background-color: inherit" class="hierarchy"/><img src="tbl_vjoin_end.png" alt="." style="background-color: inherit" class="hierarchy"/><img src="icon_element.gif" alt="." style="background-color: #F7F7F7; background-color: inherit" title="Element" class="hierarchy"/> <span style="text-decoration:line-through">value[x]</span><a name="Extension.value_x_"> </a></td><td style="vertical-align: top; text-align : left; background-color: #F7F7F7; border: 0px #F0F0F0 solid; padding:0px 4px 0px 4px" class="hierarchy"/><td style="vertical-align: top; text-align : left; background-color: #F7F7F7; border: 0px #F0F0F0 solid; padding:0px 4px 0px 4px" class="hierarchy"><span style="text-decoration:line-through"/><span style="text-decoration:line-through">0</span><span style="text-decoration:line-through">..</span><span style="text-decoration:line-through">0</span></td><td style="vertical-align: top; text-align : left; background-color: #F7F7F7; border: 0px #F0F0F0 solid; padding:0px 4px 0px 4px" class="hierarchy"/><td style="vertical-align: top; text-align : left; background-color: #F7F7F7; border: 0px #F0F0F0 solid; padding:0px 4px 0px 4px" class="hierarchy"/></tr>
<tr><td colspan="5" class="hierarchy"><br/><a href="https://build.fhir.org/ig/FHIR/ig-guidance/readingIgs.html#table-views" title="Legend for this format"><img src="http://hl7.org/fhir/STU3/help16.png" alt="doco" style="background-color: inherit"/> Documentation for this format</a></td></tr></table></div></text><url value="http://spms.min-saude.pt/iop/extensions/med-prescription-dosage-instruction"/><version value="0.1.0-test"/><name value="med-prescription-dosage-instruction"/><title value="FREQ+HORÁRIO"/><status value="active"/><date value="2023-02-16T21:36:19+00:00"/><publisher value="HL7 TC"/><contact><telecom><system value="url"/><value value="xxxhttp://hl7.org/Special/committees/[something]"/></telecom></contact><description value="Extensões referentes a frequência e horário de toma do medicamento e a duração de tratamento da posologia em valor e unidade."/><jurisdiction><coding><system value="http://unstats.un.org/unsd/methods/m49/m49.htm"/><code value="001"/></coding></jurisdiction><fhirVersion value="3.0.2"/><mapping><identity value="rim"/><uri value="http://hl7.org/v3"/><name value="RIM Mapping"/></mapping><kind value="complex-type"/><abstract value="false"/><contextType value="resource"/><context value="DataElement"/><type value="Extension"/><baseDefinition value="http://hl7.org/fhir/StructureDefinition/Extension"/><derivation value="constraint"/><snapshot><element id="Extension"><path value="Extension"/><short value="FREQ+HORÁRIO"/><definition value="Extensões referentes a frequência e horário de toma do medicamento e a duração de tratamento da posologia em valor e unidade."/><min value="0"/><max value="*"/><base><path value="Extension"/><min value="0"/><max value="*"/></base><condition value="ele-1"/></element><element id="Extension.id"><path value="Extension.id"/><representation value="xmlAttr"/><short value="xml:id (or equivalent in JSON)"/><definition value="unique id for the element within a resource (for internal references). This may be any string value that does not contain spaces."/><min value="0"/><max value="1"/><base><path value="Element.id"/><min value="0"/><max value="1"/></base><type><code value="string"/></type><mapping><identity value="rim"/><map value="n/a"/></mapping></element><element id="Extension.extension"><path value="Extension.extension"/><slicing><discriminator><type value="value"/><path value="url"/></discriminator><description value="Extensions are always sliced by (at least) url"/><rules value="open"/></slicing><short value="Extension"/><definition value="An Extension"/><min value="2"/><max value="*"/><base><path value="Element.extension"/><min value="0"/><max value="*"/></base><type><code value="Extension"/></type></element><element id="Extension.extension:med-prescription-frequency-time"><path value="Extension.extension"/><sliceName value="med-prescription-frequency-time"/><short value="Indica a frequência e horário de toma do medicamento definidos pelo CTC."/><definition value="An Extension"/><min value="1"/><max value="1"/><base><path value="Element.extension"/><min value="0"/><max value="*"/></base><type><code value="Extension"/></type><mustSupport value="true"/></element><element id="Extension.extension:med-prescription-frequency-time.id"><path value="Extension.extension.id"/><representation value="xmlAttr"/><short value="xml:id (or equivalent in JSON)"/><definition value="unique id for the element within a resource (for internal references). This may be any string value that does not contain spaces."/><min value="0"/><max value="1"/><base><path value="Element.id"/><min value="0"/><max value="1"/></base><type><code value="string"/></type><mapping><identity value="rim"/><map value="n/a"/></mapping></element><element id="Extension.extension:med-prescription-frequency-time.extension"><path value="Extension.extension.extension"/><slicing><discriminator><type value="value"/><path value="url"/></discriminator><description value="Extensions are always sliced by (at least) url"/><rules value="open"/></slicing><short value="Extension"/><definition value="An Extension"/><min value="0"/><max value="0"/><base><path value="Element.extension"/><min value="0"/><max value="*"/></base><type><code value="Extension"/></type></element><element id="Extension.extension:med-prescription-frequency-time.url"><path value="Extension.extension.url"/><representation value="xmlAttr"/><short value="identifies the meaning of the extension"/><definition value="Source of the definition for the extension code - a logical name or a URL."/><comment value="The definition may point directly to a computable or human-readable definition of the extensibility codes, or it may be a logical URI as declared in some other specification. The definition SHALL be a URI for the Structure Definition defining the extension."/><min value="1"/><max value="1"/><base><path value="Extension.url"/><min value="1"/><max value="1"/></base><type><code value="uri"/></type><fixedUri value="med-prescription-frequency-time"/><mapping><identity value="rim"/><map value="N/A"/></mapping></element><element id="Extension.extension:med-prescription-frequency-time.value[x]"><path value="Extension.extension.value[x]"/><short value="Value of extension"/><definition value="Value of extension - may be a resource or one of a constrained set of the data types (see Extensibility in the spec for list)."/><min value="0"/><max value="1"/><base><path value="Extension.value[x]"/><min value="0"/><max value="1"/></base><type><code value="CodeableConcept"/></type><binding><strength value="required"/></binding><mapping><identity value="rim"/><map value="N/A"/></mapping></element><element id="Extension.extension:med-prescription-duration"><path value="Extension.extension"/><sliceName value="med-prescription-duration"/><short value="Indica a duração de tratamento da posologia - Valor e Unidade"/><definition value="An Extension"/><min value="1"/><max value="1"/><base><path value="Element.extension"/><min value="0"/><max value="*"/></base><type><code value="Extension"/></type><mustSupport value="true"/></element><element id="Extension.extension:med-prescription-duration.id"><path value="Extension.extension.id"/><representation value="xmlAttr"/><short value="xml:id (or equivalent in JSON)"/><definition value="unique id for the element within a resource (for internal references). This may be any string value that does not contain spaces."/><min value="0"/><max value="1"/><base><path value="Element.id"/><min value="0"/><max value="1"/></base><type><code value="string"/></type><mapping><identity value="rim"/><map value="n/a"/></mapping></element><element id="Extension.extension:med-prescription-duration.extension"><path value="Extension.extension.extension"/><slicing><discriminator><type value="value"/><path value="url"/></discriminator><description value="Extensions are always sliced by (at least) url"/><rules value="open"/></slicing><short value="Extension"/><definition value="An Extension"/><min value="0"/><max value="0"/><base><path value="Element.extension"/><min value="0"/><max value="*"/></base><type><code value="Extension"/></type></element><element id="Extension.extension:med-prescription-duration.url"><path value="Extension.extension.url"/><representation value="xmlAttr"/><short value="identifies the meaning of the extension"/><definition value="Source of the definition for the extension code - a logical name or a URL."/><comment value="The definition may point directly to a computable or human-readable definition of the extensibility codes, or it may be a logical URI as declared in some other specification. The definition SHALL be a URI for the Structure Definition defining the extension."/><min value="1"/><max value="1"/><base><path value="Extension.url"/><min value="1"/><max value="1"/></base><type><code value="uri"/></type><fixedUri value="med-prescription-duration"/><mapping><identity value="rim"/><map value="N/A"/></mapping></element><element id="Extension.extension:med-prescription-duration.value[x]"><path value="Extension.extension.value[x]"/><short value="Value of extension"/><definition value="Value of extension - may be a resource or one of a constrained set of the data types (see Extensibility in the spec for list)."/><min value="0"/><max value="1"/><base><path value="Extension.value[x]"/><min value="0"/><max value="1"/></base><type><code value="Quantity"/></type><binding><strength value="required"/></binding><mapping><identity value="rim"/><map value="N/A"/></mapping></element><element id="Extension.url"><path value="Extension.url"/><representation value="xmlAttr"/><short value="identifies the meaning of the extension"/><definition value="Source of the definition for the extension code - a logical name or a URL."/><comment value="The definition may point directly to a computable or human-readable definition of the extensibility codes, or it may be a logical URI as declared in some other specification. The definition SHALL be a URI for the Structure Definition defining the extension."/><min value="1"/><max value="1"/><base><path value="Extension.url"/><min value="1"/><max value="1"/></base><type><code value="uri"/></type><fixedUri value="http://spms.min-saude.pt/iop/extensions/med-prescription-dosage-instruction"/><mapping><identity value="rim"/><map value="N/A"/></mapping></element><element id="Extension.value[x]"><path value="Extension.value[x]"/><short value="Value of extension"/><definition value="Value of extension - may be a resource or one of a constrained set of the data types (see Extensibility in the spec for list)."/><min value="0"/><max value="0"/><base><path value="Extension.value[x]"/><min value="0"/><max value="1"/></base><type><code value="base64Binary"/></type><type><code value="boolean"/></type><type><code value="code"/></type><type><code value="date"/></type><type><code value="dateTime"/></type><type><code value="decimal"/></type><type><code value="id"/></type><type><code value="instant"/></type><type><code value="integer"/></type><type><code value="markdown"/></type><type><code value="oid"/></type><type><code value="positiveInt"/></type><type><code value="string"/></type><type><code value="time"/></type><type><code value="unsignedInt"/></type><type><code value="uri"/></type><type><code value="Address"/></type><type><code value="Age"/></type><type><code value="Annotation"/></type><type><code value="Attachment"/></type><type><code value="CodeableConcept"/></type><type><code value="Coding"/></type><type><code value="ContactPoint"/></type><type><code value="Count"/></type><type><code value="Distance"/></type><type><code value="Duration"/></type><type><code value="HumanName"/></type><type><code value="Identifier"/></type><type><code value="Money"/></type><type><code value="Period"/></type><type><code value="Quantity"/></type><type><code value="Range"/></type><type><code value="Ratio"/></type><type><code value="Reference"/></type><type><code value="SampledData"/></type><type><code value="Signature"/></type><type><code value="Timing"/></type><type><code value="Meta"/></type><mapping><identity value="rim"/><map value="N/A"/></mapping></element></snapshot><differential><element id="Extension"><path value="Extension"/><short value="FREQ+HORÁRIO"/><definition value="Extensões referentes a frequência e horário de toma do medicamento e a duração de tratamento da posologia em valor e unidade."/></element><element id="Extension.extension"><path value="Extension.extension"/><min value="2"/></element><element id="Extension.extension:med-prescription-frequency-time"><path value="Extension.extension"/><sliceName value="med-prescription-frequency-time"/><short value="Indica a frequência e horário de toma do medicamento definidos pelo CTC."/><min value="1"/><max value="1"/><mustSupport value="true"/></element><element id="Extension.extension:med-prescription-frequency-time.extension"><path value="Extension.extension.extension"/><max value="0"/></element><element id="Extension.extension:med-prescription-frequency-time.url"><path value="Extension.extension.url"/><fixedUri value="med-prescription-frequency-time"/></element><element id="Extension.extension:med-prescription-frequency-time.value[x]"><path value="Extension.extension.value[x]"/><type><code value="CodeableConcept"/></type><binding><strength value="required"/></binding></element><element id="Extension.extension:med-prescription-duration"><path value="Extension.extension"/><sliceName value="med-prescription-duration"/><short value="Indica a duração de tratamento da posologia - Valor e Unidade"/><min value="1"/><max value="1"/><mustSupport value="true"/></element><element id="Extension.extension:med-prescription-duration.extension"><path value="Extension.extension.extension"/><max value="0"/></element><element id="Extension.extension:med-prescription-duration.url"><path value="Extension.extension.url"/><fixedUri value="med-prescription-duration"/></element><element id="Extension.extension:med-prescription-duration.value[x]"><path value="Extension.extension.value[x]"/><type><code value="Quantity"/></type><binding><strength value="required"/></binding></element><element id="Extension.url"><path value="Extension.url"/><fixedUri value="http://spms.min-saude.pt/iop/extensions/med-prescription-dosage-instruction"/></element><element id="Extension.value[x]"><path value="Extension.value[x]"/><max value="0"/></element></differential></StructureDefinition>