<?xml version="1.0" encoding="UTF-8"?><StructureDefinition xmlns="http://hl7.org/fhir"><id value="content-profile"/><text><status value="extensions"/><div xmlns="http://www.w3.org/1999/xhtml"><table border="0" cellpadding="0" cellspacing="0" style="border: 0px #F0F0F0 solid; font-size: 11px; font-family: verdana; vertical-align: top;"><tr style="border: 1px #F0F0F0 solid; font-size: 11px; font-family: verdana; vertical-align: top"><th style="vertical-align: top; text-align : left; background-color: white; border: 0px #F0F0F0 solid; padding:0px 4px 0px 4px" class="hierarchy"><a href="https://build.fhir.org/ig/FHIR/ig-guidance/readingIgs.html#table-views" title="The logical name of the element">Name</a></th><th style="vertical-align: top; text-align : left; background-color: white; border: 0px #F0F0F0 solid; padding:0px 4px 0px 4px" class="hierarchy"><a href="https://build.fhir.org/ig/FHIR/ig-guidance/readingIgs.html#table-views" title="Information about the use of the element">Flags</a></th><th style="vertical-align: top; text-align : left; background-color: white; border: 0px #F0F0F0 solid; padding:0px 4px 0px 4px" class="hierarchy"><a href="https://build.fhir.org/ig/FHIR/ig-guidance/readingIgs.html#table-views" title="Minimum and Maximum # of times the the element can appear in the instance">Card.</a></th><th style="width: 100px" class="hierarchy"><a href="https://build.fhir.org/ig/FHIR/ig-guidance/readingIgs.html#table-views" title="Reference to the type of the element">Type</a></th><th style="vertical-align: top; text-align : left; background-color: white; border: 0px #F0F0F0 solid; padding:0px 4px 0px 4px" class="hierarchy"><a href="https://build.fhir.org/ig/FHIR/ig-guidance/readingIgs.html#table-views" title="Additional information about the element">Description &amp; Constraints</a><span style="float: right"><a href="https://build.fhir.org/ig/FHIR/ig-guidance/readingIgs.html#table-views" title="Legend for this format"><img src="http://hl7.org/fhir/STU3/help16.png" alt="doco" style="background-color: inherit"/></a></span></th></tr><tr style="border: 0px #F0F0F0 solid; padding:0px; vertical-align: top; background-color: white"><td style="vertical-align: top; text-align : left; background-color: white; border: 0px #F0F0F0 solid; padding:0px 4px 0px 4px; white-space: nowrap; background-image: url(tbl_bck1.png)" class="hierarchy"><img src="tbl_spacer.png" alt="." style="background-color: inherit" class="hierarchy"/><img src="icon_resource.png" alt="." style="background-color: white; background-color: inherit" title="Resource" class="hierarchy"/> <a href="StructureDefinition-content-profile-definitions.html#RequestGroup">RequestGroup</a><a name="RequestGroup"> </a></td><td style="vertical-align: top; text-align : left; background-color: white; border: 0px #F0F0F0 solid; padding:0px 4px 0px 4px" class="hierarchy"/><td style="vertical-align: top; text-align : left; background-color: white; border: 0px #F0F0F0 solid; padding:0px 4px 0px 4px" class="hierarchy"><span style="opacity: 0.5">0</span><span style="opacity: 0.5">..</span><span style="opacity: 0.5">*</span></td><td style="vertical-align: top; text-align : left; background-color: white; border: 0px #F0F0F0 solid; padding:0px 4px 0px 4px" class="hierarchy"><a href="http://hl7.org/fhir/STU3/requestgroup.html">RequestGroup</a></td><td style="vertical-align: top; text-align : left; background-color: white; border: 0px #F0F0F0 solid; padding:0px 4px 0px 4px" class="hierarchy"><span style="opacity: 0.5">A group of related requests</span></td></tr>
<tr style="border: 0px #F0F0F0 solid; padding:0px; vertical-align: top; background-color: #F7F7F7"><td style="vertical-align: top; text-align : left; background-color: #F7F7F7; border: 0px #F0F0F0 solid; padding:0px 4px 0px 4px; white-space: nowrap; background-image: url(tbl_bck10.png)" class="hierarchy"><img src="tbl_spacer.png" alt="." style="background-color: inherit" class="hierarchy"/><img src="tbl_vjoin.png" alt="." style="background-color: inherit" class="hierarchy"/><img src="icon_element.gif" alt="." style="background-color: #F7F7F7; background-color: inherit" title="Element" class="hierarchy"/> <a href="StructureDefinition-content-profile-definitions.html#RequestGroup.id">id</a><a name="RequestGroup.id"> </a></td><td style="vertical-align: top; text-align : left; background-color: #F7F7F7; border: 0px #F0F0F0 solid; padding:0px 4px 0px 4px" class="hierarchy"/><td style="vertical-align: top; text-align : left; background-color: #F7F7F7; border: 0px #F0F0F0 solid; padding:0px 4px 0px 4px" class="hierarchy"><span style="opacity: 0.5">0</span><span style="opacity: 0.5">..</span><span style="opacity: 0.5">1</span></td><td style="vertical-align: top; text-align : left; background-color: #F7F7F7; border: 0px #F0F0F0 solid; padding:0px 4px 0px 4px" class="hierarchy"><a style="opacity: 0.5" href="http://hl7.org/fhir/STU3/datatypes.html#id">id</a></td><td style="vertical-align: top; text-align : left; background-color: #F7F7F7; border: 0px #F0F0F0 solid; padding:0px 4px 0px 4px" class="hierarchy">ID lógico do pedido de referenciação no contexto FHIR</td></tr>
<tr style="border: 0px #F0F0F0 solid; padding:0px; vertical-align: top; background-color: white"><td style="vertical-align: top; text-align : left; background-color: white; border: 0px #F0F0F0 solid; padding:0px 4px 0px 4px; white-space: nowrap; background-image: url(tbl_bck11.png)" class="hierarchy"><img src="tbl_spacer.png" alt="." style="background-color: inherit" class="hierarchy"/><img src="tbl_vjoin.png" alt="." style="background-color: inherit" class="hierarchy"/><img src="icon_element.gif" alt="." style="background-color: white; background-color: inherit" title="Element" class="hierarchy"/> <a href="StructureDefinition-content-profile-definitions.html#RequestGroup.meta">meta</a><a name="RequestGroup.meta"> </a></td><td style="vertical-align: top; text-align : left; background-color: white; border: 0px #F0F0F0 solid; padding:0px 4px 0px 4px" class="hierarchy"/><td style="vertical-align: top; text-align : left; background-color: white; border: 0px #F0F0F0 solid; padding:0px 4px 0px 4px" class="hierarchy"/><td style="vertical-align: top; text-align : left; background-color: white; border: 0px #F0F0F0 solid; padding:0px 4px 0px 4px" class="hierarchy"/><td style="vertical-align: top; text-align : left; background-color: white; border: 0px #F0F0F0 solid; padding:0px 4px 0px 4px" class="hierarchy"/></tr>
<tr style="border: 0px #F0F0F0 solid; padding:0px; vertical-align: top; background-color: #F7F7F7"><td style="vertical-align: top; text-align : left; background-color: #F7F7F7; border: 0px #F0F0F0 solid; padding:0px 4px 0px 4px; white-space: nowrap; background-image: url(tbl_bck110.png)" class="hierarchy"><img src="tbl_spacer.png" alt="." style="background-color: inherit" class="hierarchy"/><img src="tbl_vline.png" alt="." style="background-color: inherit" class="hierarchy"/><img src="tbl_vjoin.png" alt="." style="background-color: inherit" class="hierarchy"/><img src="icon_element.gif" alt="." style="background-color: #F7F7F7; background-color: inherit" title="Element" class="hierarchy"/> <a href="StructureDefinition-content-profile-definitions.html#RequestGroup.meta.lastUpdated">lastUpdated</a><a name="RequestGroup.meta.lastUpdated"> </a></td><td style="vertical-align: top; text-align : left; background-color: #F7F7F7; border: 0px #F0F0F0 solid; padding:0px 4px 0px 4px" class="hierarchy"/><td style="vertical-align: top; text-align : left; background-color: #F7F7F7; border: 0px #F0F0F0 solid; padding:0px 4px 0px 4px" class="hierarchy"><span style="opacity: 0.5">0</span><span style="opacity: 0.5">..</span><span style="opacity: 0.5">1</span></td><td style="vertical-align: top; text-align : left; background-color: #F7F7F7; border: 0px #F0F0F0 solid; padding:0px 4px 0px 4px" class="hierarchy"><a style="opacity: 0.5" href="http://hl7.org/fhir/STU3/datatypes.html#instant">instant</a></td><td style="vertical-align: top; text-align : left; background-color: #F7F7F7; border: 0px #F0F0F0 solid; padding:0px 4px 0px 4px" class="hierarchy">Indica a data da última alteração desse recurso.</td></tr>
<tr style="border: 0px #F0F0F0 solid; padding:0px; vertical-align: top; background-color: white"><td style="vertical-align: top; text-align : left; background-color: white; border: 0px #F0F0F0 solid; padding:0px 4px 0px 4px; white-space: nowrap; background-image: url(tbl_bck100.png)" class="hierarchy"><img src="tbl_spacer.png" alt="." style="background-color: inherit" class="hierarchy"/><img src="tbl_vline.png" alt="." style="background-color: inherit" class="hierarchy"/><img src="tbl_vjoin_end.png" alt="." style="background-color: inherit" class="hierarchy"/><img src="icon_element.gif" alt="." style="background-color: white; background-color: inherit" title="Element" class="hierarchy"/> <a href="StructureDefinition-content-profile-definitions.html#RequestGroup.meta.profile">profile</a><a name="RequestGroup.meta.profile"> </a></td><td style="vertical-align: top; text-align : left; background-color: white; border: 0px #F0F0F0 solid; padding:0px 4px 0px 4px" class="hierarchy"/><td style="vertical-align: top; text-align : left; background-color: white; border: 0px #F0F0F0 solid; padding:0px 4px 0px 4px" class="hierarchy"><span style="opacity: 0.5">0</span><span style="opacity: 0.5">..</span><span style="opacity: 0.5">*</span></td><td style="vertical-align: top; text-align : left; background-color: white; border: 0px #F0F0F0 solid; padding:0px 4px 0px 4px" class="hierarchy"><a style="opacity: 0.5" href="http://hl7.org/fhir/STU3/datatypes.html#uri">uri</a></td><td style="vertical-align: top; text-align : left; background-color: white; border: 0px #F0F0F0 solid; padding:0px 4px 0px 4px" class="hierarchy"><span style="opacity: 0.5">Profiles this resource claims to conform to</span></td></tr>
<tr style="border: 0px #F0F0F0 solid; padding:0px; vertical-align: top; background-color: #F7F7F7"><td style="vertical-align: top; text-align : left; background-color: #F7F7F7; border: 0px #F0F0F0 solid; padding:0px 4px 0px 4px; white-space: nowrap; background-image: url(tbl_bck12.png)" class="hierarchy"><img src="tbl_spacer.png" alt="." style="background-color: inherit" class="hierarchy"/><img src="tbl_vjoin.png" alt="." style="background-color: inherit" class="hierarchy"/><img src="icon_extension_simple.png" alt="." style="background-color: #F7F7F7; background-color: inherit" title="Simple Extension" class="hierarchy"/> <a href="StructureDefinition-content-profile-definitions.html#RequestGroup.extension">Slices for extension</a><a name="RequestGroup.extension"> </a></td><td style="vertical-align: top; text-align : left; background-color: #F7F7F7; border: 0px #F0F0F0 solid; padding:0px 4px 0px 4px" class="hierarchy"><span style="padding-left: 3px; padding-right: 3px; color: white; background-color: red" title="This element must be supported">S</span></td><td style="vertical-align: top; text-align : left; background-color: #F7F7F7; border: 0px #F0F0F0 solid; padding:0px 4px 0px 4px" class="hierarchy"><span style="opacity: 0.5">0</span><span style="opacity: 0.5">..</span><span style="opacity: 0.5">*</span></td><td style="vertical-align: top; text-align : left; background-color: #F7F7F7; border: 0px #F0F0F0 solid; padding:0px 4px 0px 4px" class="hierarchy"><a style="opacity: 0.5" href="http://hl7.org/fhir/STU3/extensibility.html#Extension">Extension</a></td><td style="vertical-align: top; text-align : left; background-color: #F7F7F7; border: 0px #F0F0F0 solid; padding:0px 4px 0px 4px" class="hierarchy"><span style="opacity: 0.5">Extension</span><br/><span style="font-weight:bold">Slice: </span>Unordered, Open by value:url</td></tr>
<tr style="border: 0px #F0F0F0 solid; padding:0px; vertical-align: top; background-color: white"><td style="vertical-align: top; text-align : left; background-color: white; border: 0px #F0F0F0 solid; padding:0px 4px 0px 4px; white-space: nowrap; background-image: url(tbl_bck14.png)" class="hierarchy"><img src="tbl_spacer.png" alt="." style="background-color: inherit" class="hierarchy"/><img src="tbl_vjoin.png" alt="." style="background-color: inherit" class="hierarchy"/><img src="icon_slice_item.png" alt="." style="background-color: white; background-color: inherit" title="Slice Item" class="hierarchy"/> <a href="StructureDefinition-content-profile-definitions.html#RequestGroup.extension:duplicateOrder" title="Slice duplicateOrder">extension:duplicateOrder</a><a name="RequestGroup.extension"> </a></td><td style="vertical-align: top; text-align : left; background-color: white; border: 0px #F0F0F0 solid; padding:0px 4px 0px 4px" class="hierarchy"/><td style="vertical-align: top; text-align : left; background-color: white; border: 0px #F0F0F0 solid; padding:0px 4px 0px 4px" class="hierarchy">0..1</td><td style="vertical-align: top; text-align : left; background-color: white; border: 0px #F0F0F0 solid; padding:0px 4px 0px 4px" class="hierarchy">?gen-e1? [CanonicalType[http://spms.min-saude.pt/iop/extensions/prescription-duplicate]]</td><td style="vertical-align: top; text-align : left; background-color: white; border: 0px #F0F0F0 solid; padding:0px 4px 0px 4px" class="hierarchy">Extensão para indicar a via da receita prescrita<br/><span style="font-weight:bold">URL: </span>http://spms.min-saude.pt/iop/extensions/prescription-duplicate</td></tr>
<tr style="border: 0px #F0F0F0 solid; padding:0px; vertical-align: top; background-color: #F7F7F7"><td style="vertical-align: top; text-align : left; background-color: #F7F7F7; border: 0px #F0F0F0 solid; padding:0px 4px 0px 4px; white-space: nowrap; background-image: url(tbl_bck14.png)" class="hierarchy"><img src="tbl_spacer.png" alt="." style="background-color: inherit" class="hierarchy"/><img src="tbl_vjoin.png" alt="." style="background-color: inherit" class="hierarchy"/><img src="icon_slice_item.png" alt="." style="background-color: #F7F7F7; background-color: inherit" title="Slice Item" class="hierarchy"/> <a href="StructureDefinition-content-profile-definitions.html#RequestGroup.extension:MeaningOrder" title="Slice MeaningOrder">extension:MeaningOrder</a><a name="RequestGroup.extension"> </a></td><td style="vertical-align: top; text-align : left; background-color: #F7F7F7; border: 0px #F0F0F0 solid; padding:0px 4px 0px 4px" class="hierarchy"/><td style="vertical-align: top; text-align : left; background-color: #F7F7F7; border: 0px #F0F0F0 solid; padding:0px 4px 0px 4px" class="hierarchy">0..1</td><td style="vertical-align: top; text-align : left; background-color: #F7F7F7; border: 0px #F0F0F0 solid; padding:0px 4px 0px 4px" class="hierarchy">?gen-e1? [CanonicalType[http://spms.min-saude/pe/top/extensions/med-request-modality]]</td><td style="vertical-align: top; text-align : left; background-color: #F7F7F7; border: 0px #F0F0F0 solid; padding:0px 4px 0px 4px" class="hierarchy">Extensão sobre a Modalidade de Prescrição. Receita com papel (RCP) ou receita sem papel (RSP) [MODALIDADE DE PRESCRIÇÃO]<br/><span style="font-weight:bold">URL: </span>http://spms.min-saude/pe/top/extensions/med-request-modality</td></tr>
<tr style="border: 0px #F0F0F0 solid; padding:0px; vertical-align: top; background-color: white"><td style="vertical-align: top; text-align : left; background-color: white; border: 0px #F0F0F0 solid; padding:0px 4px 0px 4px; white-space: nowrap; background-image: url(tbl_bck10.png)" class="hierarchy"><img src="tbl_spacer.png" alt="." style="background-color: inherit" class="hierarchy"/><img src="tbl_vjoin.png" alt="." style="background-color: inherit" class="hierarchy"/><img src="icon_element.gif" alt="." style="background-color: white; background-color: inherit" title="Element" class="hierarchy"/> <a href="StructureDefinition-content-profile-definitions.html#RequestGroup.groupIdentifier">groupIdentifier</a><a name="RequestGroup.groupIdentifier"> </a></td><td style="vertical-align: top; text-align : left; background-color: white; border: 0px #F0F0F0 solid; padding:0px 4px 0px 4px" class="hierarchy"><span style="padding-left: 3px; padding-right: 3px; color: white; background-color: red" title="This element must be supported">S</span></td><td style="vertical-align: top; text-align : left; background-color: white; border: 0px #F0F0F0 solid; padding:0px 4px 0px 4px" class="hierarchy">1..<span style="opacity: 0.5">1</span></td><td style="vertical-align: top; text-align : left; background-color: white; border: 0px #F0F0F0 solid; padding:0px 4px 0px 4px" class="hierarchy"><a style="opacity: 0.5" href="http://hl7.org/fhir/STU3/datatypes.html#Identifier">Identifier</a></td><td style="vertical-align: top; text-align : left; background-color: white; border: 0px #F0F0F0 solid; padding:0px 4px 0px 4px" class="hierarchy">Identificador local da prescrição. NÚMERO RECEITA LOCAL</td></tr>
<tr style="border: 0px #F0F0F0 solid; padding:0px; vertical-align: top; background-color: #F7F7F7"><td style="vertical-align: top; text-align : left; background-color: #F7F7F7; border: 0px #F0F0F0 solid; padding:0px 4px 0px 4px; white-space: nowrap; background-image: url(tbl_bck10.png)" class="hierarchy"><img src="tbl_spacer.png" alt="." style="background-color: inherit" class="hierarchy"/><img src="tbl_vjoin.png" alt="." style="background-color: inherit" class="hierarchy"/><img src="icon_element.gif" alt="." style="background-color: #F7F7F7; background-color: inherit" title="Element" class="hierarchy"/> <a href="StructureDefinition-content-profile-definitions.html#RequestGroup.status">status</a><a name="RequestGroup.status"> </a></td><td style="vertical-align: top; text-align : left; background-color: #F7F7F7; border: 0px #F0F0F0 solid; padding:0px 4px 0px 4px" class="hierarchy"><span style="padding-left: 3px; padding-right: 3px; color: white; background-color: red" title="This element must be supported">S</span></td><td style="vertical-align: top; text-align : left; background-color: #F7F7F7; border: 0px #F0F0F0 solid; padding:0px 4px 0px 4px" class="hierarchy"><span style="opacity: 0.5">1</span><span style="opacity: 0.5">..</span><span style="opacity: 0.5">1</span></td><td style="vertical-align: top; text-align : left; background-color: #F7F7F7; border: 0px #F0F0F0 solid; padding:0px 4px 0px 4px" class="hierarchy"><a style="opacity: 0.5" href="http://hl7.org/fhir/STU3/datatypes.html#code">code</a></td><td style="vertical-align: top; text-align : left; background-color: #F7F7F7; border: 0px #F0F0F0 solid; padding:0px 4px 0px 4px" class="hierarchy">A prescrição é criada com status active. Status para a anulação / cancelamento da prescrição: cancelled.</td></tr>
<tr style="border: 0px #F0F0F0 solid; padding:0px; vertical-align: top; background-color: white"><td style="vertical-align: top; text-align : left; background-color: white; border: 0px #F0F0F0 solid; padding:0px 4px 0px 4px; white-space: nowrap; background-image: url(tbl_bck10.png)" class="hierarchy"><img src="tbl_spacer.png" alt="." style="background-color: inherit" class="hierarchy"/><img src="tbl_vjoin.png" alt="." style="background-color: inherit" class="hierarchy"/><img src="icon_element.gif" alt="." style="background-color: white; background-color: inherit" title="Element" class="hierarchy"/> <a href="StructureDefinition-content-profile-definitions.html#RequestGroup.intent">intent</a><a name="RequestGroup.intent"> </a></td><td style="vertical-align: top; text-align : left; background-color: white; border: 0px #F0F0F0 solid; padding:0px 4px 0px 4px" class="hierarchy"/><td style="vertical-align: top; text-align : left; background-color: white; border: 0px #F0F0F0 solid; padding:0px 4px 0px 4px" class="hierarchy"><span style="opacity: 0.5">1</span><span style="opacity: 0.5">..</span><span style="opacity: 0.5">1</span></td><td style="vertical-align: top; text-align : left; background-color: white; border: 0px #F0F0F0 solid; padding:0px 4px 0px 4px" class="hierarchy"><a style="opacity: 0.5" href="http://hl7.org/fhir/STU3/datatypes.html#code">code</a></td><td style="vertical-align: top; text-align : left; background-color: white; border: 0px #F0F0F0 solid; padding:0px 4px 0px 4px" class="hierarchy"><span style="opacity: 0.5">proposal | plan | order</span><br/><span style="font-weight:bold">Required Pattern: </span><span style="color: darkgreen">order</span></td></tr>
<tr style="border: 0px #F0F0F0 solid; padding:0px; vertical-align: top; background-color: #F7F7F7"><td style="vertical-align: top; text-align : left; background-color: #F7F7F7; border: 0px #F0F0F0 solid; padding:0px 4px 0px 4px; white-space: nowrap; background-image: url(tbl_bck01.png)" class="hierarchy"><img src="tbl_spacer.png" alt="." style="background-color: inherit" class="hierarchy"/><img src="tbl_vjoin_end.png" alt="." style="background-color: inherit" class="hierarchy"/><img src="icon_element.gif" alt="." style="background-color: #F7F7F7; background-color: inherit" title="Element" class="hierarchy"/> <a href="StructureDefinition-content-profile-definitions.html#RequestGroup.action">action</a><a name="RequestGroup.action"> </a></td><td style="vertical-align: top; text-align : left; background-color: #F7F7F7; border: 0px #F0F0F0 solid; padding:0px 4px 0px 4px" class="hierarchy"/><td style="vertical-align: top; text-align : left; background-color: #F7F7F7; border: 0px #F0F0F0 solid; padding:0px 4px 0px 4px" class="hierarchy"/><td style="vertical-align: top; text-align : left; background-color: #F7F7F7; border: 0px #F0F0F0 solid; padding:0px 4px 0px 4px" class="hierarchy"/><td style="vertical-align: top; text-align : left; background-color: #F7F7F7; border: 0px #F0F0F0 solid; padding:0px 4px 0px 4px" class="hierarchy"/></tr>
<tr style="border: 0px #F0F0F0 solid; padding:0px; vertical-align: top; background-color: white"><td style="vertical-align: top; text-align : left; background-color: white; border: 0px #F0F0F0 solid; padding:0px 4px 0px 4px; white-space: nowrap; background-image: url(tbl_bck010.png)" class="hierarchy"><img src="tbl_spacer.png" alt="." style="background-color: inherit" class="hierarchy"/><img src="tbl_blank.png" alt="." style="background-color: inherit" class="hierarchy"/><img src="tbl_vjoin.png" alt="." style="background-color: inherit" class="hierarchy"/><img src="icon_datatype.gif" alt="." style="background-color: white; background-color: inherit" title="Data Type" class="hierarchy"/> <a href="StructureDefinition-content-profile-definitions.html#RequestGroup.action.timingPeriod">timingPeriod</a><a name="RequestGroup.action.timingPeriod"> </a></td><td style="vertical-align: top; text-align : left; background-color: white; border: 0px #F0F0F0 solid; padding:0px 4px 0px 4px" class="hierarchy"/><td style="vertical-align: top; text-align : left; background-color: white; border: 0px #F0F0F0 solid; padding:0px 4px 0px 4px" class="hierarchy">0..1</td><td style="vertical-align: top; text-align : left; background-color: white; border: 0px #F0F0F0 solid; padding:0px 4px 0px 4px" class="hierarchy"><a href="http://hl7.org/fhir/STU3/datatypes.html#Period">Period</a></td><td style="vertical-align: top; text-align : left; background-color: white; border: 0px #F0F0F0 solid; padding:0px 4px 0px 4px" class="hierarchy">Data da linha da receita [DATA VALIDADE LINHA]</td></tr>
<tr style="border: 0px #F0F0F0 solid; padding:0px; vertical-align: top; background-color: #F7F7F7"><td style="vertical-align: top; text-align : left; background-color: #F7F7F7; border: 0px #F0F0F0 solid; padding:0px 4px 0px 4px; white-space: nowrap; background-image: url(tbl_bck000.png)" class="hierarchy"><img src="tbl_spacer.png" alt="." style="background-color: inherit" class="hierarchy"/><img src="tbl_blank.png" alt="." style="background-color: inherit" class="hierarchy"/><img src="tbl_vjoin_end.png" alt="." style="background-color: inherit" class="hierarchy"/><img src="icon_reference.png" alt="." style="background-color: #F7F7F7; background-color: inherit" title="Reference to another Resource" class="hierarchy"/> <a href="StructureDefinition-content-profile-definitions.html#RequestGroup.action.resource">resource</a><a name="RequestGroup.action.resource"> </a></td><td style="vertical-align: top; text-align : left; background-color: #F7F7F7; border: 0px #F0F0F0 solid; padding:0px 4px 0px 4px" class="hierarchy"/><td style="vertical-align: top; text-align : left; background-color: #F7F7F7; border: 0px #F0F0F0 solid; padding:0px 4px 0px 4px" class="hierarchy"><span style="opacity: 0.5">0</span><span style="opacity: 0.5">..</span><span style="opacity: 0.5">1</span></td><td style="vertical-align: top; text-align : left; background-color: #F7F7F7; border: 0px #F0F0F0 solid; padding:0px 4px 0px 4px" class="hierarchy"><a href="http://hl7.org/fhir/STU3/references.html">Reference</a>(<a href="StructureDefinition-med-request-profile.html">Perfil informação de receita</a>)</td><td style="vertical-align: top; text-align : left; background-color: #F7F7F7; border: 0px #F0F0F0 solid; padding:0px 4px 0px 4px" class="hierarchy">Referência para um resource que contém informações da linha da receita</td></tr>
<tr><td colspan="5" class="hierarchy"><br/><a href="https://build.fhir.org/ig/FHIR/ig-guidance/readingIgs.html#table-views" title="Legend for this format"><img src="http://hl7.org/fhir/STU3/help16.png" alt="doco" style="background-color: inherit"/> Documentation for this format</a></td></tr></table></div></text><extension url="http://hl7.org/fhir/StructureDefinition/structuredefinition-category"><valueString value="Clinical.Care Provision"/></extension><extension url="http://hl7.org/fhir/StructureDefinition/structuredefinition-security-category"><valueCode value="business"/></extension><url value="http://example.com/fhir/example/StructureDefinition/content-profile"/><version value="0.1.0-test"/><name value="PEMHRequestGroup"/><title value="Perfil Conteudo Receita"/><status value="active"/><date value="2023-02-10T09:10:53+00:00"/><publisher value="HL7 TC"/><contact><telecom><system value="url"/><value value="xxxhttp://hl7.org/Special/committees/[something]"/></telecom></contact><description value="Este recurso representa a receita (Número da receita, local e central, número da linha e a data de validade )."/><jurisdiction><coding><system value="http://unstats.un.org/unsd/methods/m49/m49.htm"/><code value="001"/></coding></jurisdiction><fhirVersion value="3.0.2"/><mapping><identity value="workflow"/><uri value="http://hl7.org/fhir/workflow"/><name value="Workflow Pattern"/></mapping><mapping><identity value="w5"/><uri value="http://hl7.org/fhir/fivews"/><name value="FiveWs Pattern Mapping"/></mapping><mapping><identity value="rim"/><uri value="http://hl7.org/v3"/><name value="RIM Mapping"/></mapping><mapping><identity value="w5"/><uri value="http://hl7.org/fhir/w5"/><name value="W5 Mapping"/></mapping><kind value="resource"/><abstract value="false"/><type value="RequestGroup"/><baseDefinition value="http://hl7.org/fhir/StructureDefinition/RequestGroup"/><derivation value="constraint"/><snapshot><element id="RequestGroup"><path value="RequestGroup"/><short value="A group of related requests"/><definition value="A group of related requests that can be used to capture intended activities that have inter-dependencies such as &quot;give this medication after that one&quot;."/><min value="0"/><max value="*"/><base><path value="RequestGroup"/><min value="0"/><max value="*"/></base><mapping><identity value="rim"/><map value="Entity. Role, or Act"/></mapping><mapping><identity value="workflow"/><map value="Request"/></mapping><mapping><identity value="w5"/><map value="clinical.general"/></mapping></element><element id="RequestGroup.id"><path value="RequestGroup.id"/><short value="ID lógico do pedido de referenciação no contexto FHIR"/><definition value="The logical id of the resource, as used in the URL for the resource. Once assigned, this value never changes."/><comment value="The only time that a resource does not have an id is when it is being submitted to the server using a create operation."/><min value="0"/><max value="1"/><base><path value="Resource.id"/><min value="0"/><max value="1"/></base><type><code value="id"/></type><isSummary value="true"/></element><element id="RequestGroup.meta"><path value="RequestGroup.meta"/><short value="Metadata about the resource"/><definition value="The metadata about the resource. This is content that is maintained by the infrastructure. Changes to the content may not always be associated with version changes to the resource."/><min value="0"/><max value="1"/><base><path value="Resource.meta"/><min value="0"/><max value="1"/></base><type><code value="Meta"/></type><isSummary value="true"/></element><element id="RequestGroup.meta.id"><path value="RequestGroup.meta.id"/><representation value="xmlAttr"/><short value="xml:id (or equivalent in JSON)"/><definition value="unique id for the element within a resource (for internal references). This may be any string value that does not contain spaces."/><min value="0"/><max value="1"/><base><path value="Element.id"/><min value="0"/><max value="1"/></base><type><code value="string"/></type><mapping><identity value="rim"/><map value="n/a"/></mapping></element><element id="RequestGroup.meta.extension"><path value="RequestGroup.meta.extension"/><slicing><discriminator><type value="value"/><path value="url"/></discriminator><description value="Extensions are always sliced by (at least) url"/><rules value="open"/></slicing><short value="Additional Content defined by implementations"/><definition value="May be used to represent additional information that is not part of the basic definition of the element. In order to make the use of extensions safe and manageable, there is a strict set of governance  applied to the definition and use of extensions. Though any implementer is allowed to define an extension, there is a set of requirements that SHALL be met as part of the definition of the extension."/><comment value="There can be no stigma associated with the use of extensions by any application, project, or standard - regardless of the institution or jurisdiction that uses or defines the extensions.  The use of extensions is what allows the FHIR specification to retain a core level of simplicity for everyone."/><alias value="extensions"/><alias value="user content"/><min value="0"/><max value="*"/><base><path value="Element.extension"/><min value="0"/><max value="*"/></base><type><code value="Extension"/></type><mapping><identity value="rim"/><map value="n/a"/></mapping></element><element id="RequestGroup.meta.versionId"><path value="RequestGroup.meta.versionId"/><short value="Version specific identifier"/><definition value="The version specific identifier, as it appears in the version portion of the URL. This values changes when the resource is created, updated, or deleted."/><comment value="The server assigns this value, and ignores what the client specifies, except in the case that the server is imposing version integrity on updates/deletes."/><min value="0"/><max value="1"/><base><path value="Meta.versionId"/><min value="0"/><max value="1"/></base><type><code value="id"/></type><isSummary value="true"/></element><element id="RequestGroup.meta.lastUpdated"><path value="RequestGroup.meta.lastUpdated"/><short value="Indica a data da última alteração desse recurso."/><definition value="When the resource last changed - e.g. when the version changed."/><comment value="This value is always populated except when the resource is first being created. The server / resource manager sets this value; what a client provides is irrelevant."/><min value="0"/><max value="1"/><base><path value="Meta.lastUpdated"/><min value="0"/><max value="1"/></base><type><code value="instant"/></type><isSummary value="true"/></element><element id="RequestGroup.meta.profile"><path value="RequestGroup.meta.profile"/><short value="Profiles this resource claims to conform to"/><definition value="A list of profiles (references to [StructureDefinition](http://hl7.org/fhir/STU3/structuredefinition.html#) resources) that this resource claims to conform to. The URL is a reference to [StructureDefinition.url]()."/><comment value="It is up to the server and/or other infrastructure of policy to determine whether/how these claims are verified and/or updated over time.  The list of profile URLs is a set."/><min value="0"/><max value="*"/><base><path value="Meta.profile"/><min value="0"/><max value="*"/></base><type><code value="uri"/></type><isSummary value="true"/></element><element id="RequestGroup.meta.security"><path value="RequestGroup.meta.security"/><short value="Security Labels applied to this resource"/><definition value="Security labels applied to this resource. These tags connect specific resources to the overall security policy and infrastructure."/><comment value="The security labels can be updated without changing the stated version of the resource  The list of security labels is a set. Uniqueness is based the system/code, and version and display are ignored."/><min value="0"/><max value="*"/><base><path value="Meta.security"/><min value="0"/><max value="*"/></base><type><code value="Coding"/></type><isSummary value="true"/><binding><extension url="http://hl7.org/fhir/StructureDefinition/elementdefinition-bindingName"><valueString value="SecurityLabels"/></extension><extension url="http://hl7.org/fhir/StructureDefinition/elementdefinition-isCommonBinding"><valueBoolean value="true"/></extension><strength value="extensible"/><description value="Security Labels from the Healthcare Privacy and Security Classification System."/><valueSetReference><reference value="http://hl7.org/fhir/ValueSet/security-labels"/></valueSetReference></binding></element><element id="RequestGroup.meta.tag"><path value="RequestGroup.meta.tag"/><short value="Tags applied to this resource"/><definition value="Tags applied to this resource. Tags are intended to be used to identify and relate resources to process and workflow, and applications are not required to consider the tags when interpreting the meaning of a resource."/><comment value="The tags can be updated without changing the stated version of the resource.  The list of tags is a set. Uniqueness is based the system/code, and version and display are ignored."/><min value="0"/><max value="*"/><base><path value="Meta.tag"/><min value="0"/><max value="*"/></base><type><code value="Coding"/></type><isSummary value="true"/><binding><extension url="http://hl7.org/fhir/StructureDefinition/elementdefinition-bindingName"><valueString value="Tags"/></extension><strength value="example"/><description value="Codes that represent various types of tags, commonly workflow-related; e.g. &quot;Needs review by Dr. Jones&quot;"/><valueSetReference><reference value="http://hl7.org/fhir/ValueSet/common-tags"/></valueSetReference></binding></element><element id="RequestGroup.implicitRules"><path value="RequestGroup.implicitRules"/><short value="A set of rules under which this content was created"/><definition value="A reference to a set of rules that were followed when the resource was constructed, and which must be understood when processing the content."/><comment value="Asserting this rule set restricts the content to be only understood by a limited set of trading partners. This inherently limits the usefulness of the data in the long term. However, the existing health eco-system is highly fractured, and not yet ready to define, collect, and exchange data in a generally computable sense. Wherever possible, implementers and/or specification writers should avoid using this element. &#xA;&#xA;This element is labelled as a modifier because the implicit rules may provide additional knowledge about the resource that modifies it's meaning or interpretation."/><min value="0"/><max value="1"/><base><path value="Resource.implicitRules"/><min value="0"/><max value="1"/></base><type><code value="uri"/></type><isModifier value="true"/><isSummary value="true"/></element><element id="RequestGroup.language"><path value="RequestGroup.language"/><short value="Language of the resource content"/><definition value="The base language in which the resource is written."/><comment value="Language is provided to support indexing and accessibility (typically, services such as text to speech use the language tag). The html language tag in the narrative applies  to the narrative. The language tag on the resource may be used to specify the language of other presentations generated from the data in the resource  Not all the content has to be in the base language. The Resource.language should not be assumed to apply to the narrative automatically. If a language is specified, it should it also be specified on the div element in the html (see rules in HTML5 for information about the relationship between xml:lang and the html lang attribute)."/><min value="0"/><max value="1"/><base><path value="Resource.language"/><min value="0"/><max value="1"/></base><type><code value="code"/></type><binding><extension url="http://hl7.org/fhir/StructureDefinition/elementdefinition-maxValueSet"><valueReference><reference value="http://hl7.org/fhir/ValueSet/all-languages"/></valueReference></extension><extension url="http://hl7.org/fhir/StructureDefinition/elementdefinition-bindingName"><valueString value="Language"/></extension><extension url="http://hl7.org/fhir/StructureDefinition/elementdefinition-isCommonBinding"><valueBoolean value="true"/></extension><strength value="extensible"/><description value="A human language."/><valueSetReference><reference value="http://hl7.org/fhir/ValueSet/languages"/></valueSetReference></binding></element><element id="RequestGroup.text"><path value="RequestGroup.text"/><short value="Text summary of the resource, for human interpretation"/><definition value="A human-readable narrative that contains a summary of the resource, and may be used to represent the content of the resource to a human. The narrative need not encode all the structured data, but is required to contain sufficient detail to make it &quot;clinically safe&quot; for a human to just read the narrative. Resource definitions may define what content should be represented in the narrative to ensure clinical safety."/><comment value="Contained resources do not have narrative. Resources that are not contained SHOULD have a narrative. In some cases, a resource may only have text with little or no additional discrete data (as long as all minOccurs=1 elements are satisfied).  This may be necessary for data from legacy systems where information is captured as a &quot;text blob&quot; or where text is additionally entered raw or narrated and encoded in formation is added later."/><alias value="narrative"/><alias value="html"/><alias value="xhtml"/><alias value="display"/><min value="0"/><max value="1"/><base><path value="DomainResource.text"/><min value="0"/><max value="1"/></base><type><code value="Narrative"/></type><condition value="dom-1"/><mapping><identity value="rim"/><map value="Act.text?"/></mapping></element><element id="RequestGroup.contained"><path value="RequestGroup.contained"/><short value="Contained, inline Resources"/><definition value="These resources do not have an independent existence apart from the resource that contains them - they cannot be identified independently, and nor can they have their own independent transaction scope."/><comment value="This should never be done when the content can be identified properly, as once identification is lost, it is extremely difficult (and context dependent) to restore it again."/><alias value="inline resources"/><alias value="anonymous resources"/><alias value="contained resources"/><min value="0"/><max value="*"/><base><path value="DomainResource.contained"/><min value="0"/><max value="*"/></base><type><code value="Resource"/></type><mapping><identity value="rim"/><map value="N/A"/></mapping></element><element id="RequestGroup.extension"><path value="RequestGroup.extension"/><slicing><discriminator><type value="value"/><path value="url"/></discriminator><rules value="open"/></slicing><short value="Extension"/><definition value="An Extension"/><min value="0"/><max value="*"/><base><path value="DomainResource.extension"/><min value="0"/><max value="*"/></base><type><code value="Extension"/></type><mustSupport value="true"/></element><element id="RequestGroup.extension:duplicateOrder"><path value="RequestGroup.extension"/><sliceName value="duplicateOrder"/><short value="Extensão para indicar a via da receita prescrita"/><definition value="An Extension"/><min value="0"/><max value="1"/><base><path value="DomainResource.extension"/><min value="0"/><max value="*"/></base><type><code value="Extension"/><profile value="http://spms.min-saude.pt/iop/extensions/prescription-duplicate"/></type></element><element id="RequestGroup.extension:MeaningOrder"><path value="RequestGroup.extension"/><sliceName value="MeaningOrder"/><short value="Extensão sobre a Modalidade de Prescrição. Receita com papel (RCP) ou receita sem papel (RSP) [MODALIDADE DE PRESCRIÇÃO]"/><definition value="An Extension"/><min value="0"/><max value="1"/><base><path value="DomainResource.extension"/><min value="0"/><max value="*"/></base><type><code value="Extension"/><profile value="http://spms.min-saude/pe/top/extensions/med-request-modality"/></type></element><element id="RequestGroup.modifierExtension"><path value="RequestGroup.modifierExtension"/><short value="Extensions that cannot be ignored"/><definition value="May be used to represent additional information that is not part of the basic definition of the resource, and that modifies the understanding of the element that contains it. Usually modifier elements provide negation or qualification. In order to make the use of extensions safe and manageable, there is a strict set of governance applied to the definition and use of extensions. Though any implementer is allowed to define an extension, there is a set of requirements that SHALL be met as part of the definition of the extension. Applications processing a resource are required to check for modifier extensions."/><comment value="There can be no stigma associated with the use of extensions by any application, project, or standard - regardless of the institution or jurisdiction that uses or defines the extensions.  The use of extensions is what allows the FHIR specification to retain a core level of simplicity for everyone."/><alias value="extensions"/><alias value="user content"/><min value="0"/><max value="*"/><base><path value="DomainResource.modifierExtension"/><min value="0"/><max value="*"/></base><type><code value="Extension"/></type><isModifier value="true"/><mapping><identity value="rim"/><map value="N/A"/></mapping></element><element id="RequestGroup.identifier"><path value="RequestGroup.identifier"/><short value="Business identifier"/><definition value="Allows a service to provide a unique, business identifier for the request."/><requirements value="Allows identification of the request as it is known by various participating systems and in a way that remains consistent across servers."/><min value="0"/><max value="*"/><base><path value="RequestGroup.identifier"/><min value="0"/><max value="*"/></base><type><code value="Identifier"/></type><isSummary value="true"/><mapping><identity value="workflow"/><map value="Request.identifier"/></mapping><mapping><identity value="w5"/><map value="id"/></mapping></element><element id="RequestGroup.definition"><path value="RequestGroup.definition"/><short value="Instantiates protocol or definition"/><definition value="A protocol, guideline, orderset or other definition that is adhered to in whole or in part by this request."/><min value="0"/><max value="*"/><base><path value="RequestGroup.definition"/><min value="0"/><max value="*"/></base><type><code value="Reference"/><targetProfile value="http://hl7.org/fhir/StructureDefinition/Resource"/></type><mapping><identity value="workflow"/><map value="Request.identifier"/></mapping></element><element id="RequestGroup.basedOn"><path value="RequestGroup.basedOn"/><short value="Fulfills plan, proposal, or order"/><definition value="A plan, proposal or order that is fulfilled in whole or in part by this request."/><requirements value="Allows tracing of authorization for the request and tracking whether proposals/recommendations were acted upon."/><alias value="fulfills"/><min value="0"/><max value="*"/><base><path value="RequestGroup.basedOn"/><min value="0"/><max value="*"/></base><type><code value="Reference"/><targetProfile value="http://hl7.org/fhir/StructureDefinition/Resource"/></type><mapping><identity value="workflow"/><map value="Request.basedOn"/></mapping></element><element id="RequestGroup.replaces"><path value="RequestGroup.replaces"/><short value="Request(s) replaced by this request"/><definition value="Completed or terminated request(s) whose function is taken by this new request."/><comment value="The replacement could be because the initial request was immediately rejected (due to an issue) or because the previous request was completed, but the need for the action described by the request remains ongoing."/><requirements value="Allows tracing the continuation of a therapy or administrative process instantiated through multiple requests."/><alias value="supersedes"/><alias value="prior"/><alias value="renewed order"/><min value="0"/><max value="*"/><base><path value="RequestGroup.replaces"/><min value="0"/><max value="*"/></base><type><code value="Reference"/><targetProfile value="http://hl7.org/fhir/StructureDefinition/Resource"/></type><mapping><identity value="workflow"/><map value="Request.replaces"/></mapping></element><element id="RequestGroup.groupIdentifier"><path value="RequestGroup.groupIdentifier"/><short value="Identificador local da prescrição. NÚMERO RECEITA LOCAL"/><definition value="A shared identifier common to all requests that were authorized more or less simultaneously by a single author, representing the identifier of the requisition, prescription or similar form."/><comment value="Requests are linked either by a &quot;basedOn&quot; relationship (i.e. one request is fulfilling another) or by having a common requisition.  Requests that are part of the same requisition are generally treated independently from the perspective of changing their state or maintaining them after initial creation."/><requirements value="Some business processes need to know if multiple items were ordered as part of the same &quot;prescription&quot; or &quot;requisition&quot; for billing or other purposes."/><alias value="grouperid"/><alias value="requisition"/><min value="1"/><max value="1"/><base><path value="RequestGroup.groupIdentifier"/><min value="0"/><max value="1"/></base><type><code value="Identifier"/></type><mustSupport value="true"/><isSummary value="true"/><mapping><identity value="workflow"/><map value="Request.groupIdentifier"/></mapping></element><element id="RequestGroup.status"><path value="RequestGroup.status"/><short value="A prescrição é criada com status active. Status para a anulação / cancelamento da prescrição: cancelled."/><definition value="The current state of the request. For request groups, the status reflects the status of all the requests in the group."/><comment value="This element is labeled as a modifier because the status contains codes that mark the resource as not currently valid."/><min value="1"/><max value="1"/><base><path value="RequestGroup.status"/><min value="1"/><max value="1"/></base><type><code value="code"/></type><mustSupport value="true"/><isModifier value="true"/><isSummary value="true"/><binding><extension url="http://hl7.org/fhir/StructureDefinition/elementdefinition-bindingName"><valueString value="RequestStatus"/></extension><strength value="required"/><description value="Codes identifying the stage lifecycle stage of a request"/><valueSetReference><reference value="http://hl7.org/fhir/ValueSet/request-status"/></valueSetReference></binding><mapping><identity value="workflow"/><map value="Request.status"/></mapping><mapping><identity value="w5"/><map value="status"/></mapping></element><element id="RequestGroup.intent"><path value="RequestGroup.intent"/><short value="proposal | plan | order"/><definition value="Indicates the level of authority/intentionality associated with the request and where the request fits into the workflow chain."/><comment value="This element is labeled as a modifier because the intent alters when and how the resource is actually applicable."/><requirements value="Proposals/recommendations, plans and orders all use the same structure and can exist in the same fulfillment chain."/><alias value="category"/><min value="1"/><max value="1"/><base><path value="RequestGroup.intent"/><min value="1"/><max value="1"/></base><type><code value="code"/></type><patternCode value="order"/><isModifier value="true"/><isSummary value="true"/><binding><extension url="http://hl7.org/fhir/StructureDefinition/elementdefinition-bindingName"><valueString value="RequestIntent"/></extension><strength value="required"/><description value="Codes indicating the degree of authority/intentionality associated with a request"/><valueSetReference><reference value="http://hl7.org/fhir/ValueSet/request-intent"/></valueSetReference></binding><mapping><identity value="workflow"/><map value="Request.intent"/></mapping><mapping><identity value="w5"/><map value="class"/></mapping></element><element id="RequestGroup.priority"><path value="RequestGroup.priority"/><short value="routine | urgent | asap | stat"/><definition value="Indicates how quickly the request should be addressed with respect to other requests."/><min value="0"/><max value="1"/><base><path value="RequestGroup.priority"/><min value="0"/><max value="1"/></base><type><code value="code"/></type><meaningWhenMissing value="If missing, this request should be performed with normal priority"/><isSummary value="true"/><binding><extension url="http://hl7.org/fhir/StructureDefinition/elementdefinition-bindingName"><valueString value="RequestPriority"/></extension><strength value="required"/><description value="Identifies the level of importance to be assigned to actioning the request"/><valueSetReference><reference value="http://hl7.org/fhir/ValueSet/request-priority"/></valueSetReference></binding><mapping><identity value="workflow"/><map value="Request.priority"/></mapping><mapping><identity value="w5"/><map value="grade"/></mapping></element><element id="RequestGroup.subject"><path value="RequestGroup.subject"/><short value="Who the request group is about"/><definition value="The subject for which the request group was created."/><min value="0"/><max value="1"/><base><path value="RequestGroup.subject"/><min value="0"/><max value="1"/></base><type><code value="Reference"/><targetProfile value="http://hl7.org/fhir/StructureDefinition/Patient"/></type><type><code value="Reference"/><targetProfile value="http://hl7.org/fhir/StructureDefinition/Group"/></type><mapping><identity value="workflow"/><map value="Request.subject"/></mapping><mapping><identity value="w5"/><map value="who.focus"/></mapping></element><element id="RequestGroup.context"><path value="RequestGroup.context"/><short value="Encounter or Episode for the request group"/><definition value="Describes the context of the request group, if any."/><min value="0"/><max value="1"/><base><path value="RequestGroup.context"/><min value="0"/><max value="1"/></base><type><code value="Reference"/><targetProfile value="http://hl7.org/fhir/StructureDefinition/Encounter"/></type><type><code value="Reference"/><targetProfile value="http://hl7.org/fhir/StructureDefinition/EpisodeOfCare"/></type><mapping><identity value="workflow"/><map value="Request.context"/></mapping><mapping><identity value="w5"/><map value="context"/></mapping></element><element id="RequestGroup.authoredOn"><path value="RequestGroup.authoredOn"/><short value="When the request group was authored"/><definition value="Indicates when the request group was created."/><min value="0"/><max value="1"/><base><path value="RequestGroup.authoredOn"/><min value="0"/><max value="1"/></base><type><code value="dateTime"/></type><mapping><identity value="workflow"/><map value="Request.authoredOn"/></mapping><mapping><identity value="w5"/><map value="when.recorded"/></mapping></element><element id="RequestGroup.author"><path value="RequestGroup.author"/><short value="Device or practitioner that authored the request group"/><definition value="Provides a reference to the author of the request group."/><min value="0"/><max value="1"/><base><path value="RequestGroup.author"/><min value="0"/><max value="1"/></base><type><code value="Reference"/><targetProfile value="http://hl7.org/fhir/StructureDefinition/Device"/></type><type><code value="Reference"/><targetProfile value="http://hl7.org/fhir/StructureDefinition/Practitioner"/></type><mapping><identity value="workflow"/><map value="Request.author"/></mapping><mapping><identity value="w5"/><map value="who.author"/></mapping></element><element id="RequestGroup.reason[x]"><path value="RequestGroup.reason[x]"/><short value="Reason for the request group"/><definition value="Indicates the reason the request group was created. This is typically provided as a parameter to the evaluation and echoed by the service, although for some use cases, such as subscription- or event-based scenarios, it may provide an indication of the cause for the response."/><min value="0"/><max value="1"/><base><path value="RequestGroup.reason[x]"/><min value="0"/><max value="1"/></base><type><code value="CodeableConcept"/></type><type><code value="Reference"/><targetProfile value="http://hl7.org/fhir/StructureDefinition/Resource"/></type><mapping><identity value="workflow"/><map value="Request.reason"/></mapping><mapping><identity value="w5"/><map value="why"/></mapping></element><element id="RequestGroup.note"><path value="RequestGroup.note"/><short value="Additional notes about the response"/><definition value="Provides a mechanism to communicate additional information about the response."/><min value="0"/><max value="*"/><base><path value="RequestGroup.note"/><min value="0"/><max value="*"/></base><type><code value="Annotation"/></type><mapping><identity value="workflow"/><map value="Request.note"/></mapping></element><element id="RequestGroup.action"><path value="RequestGroup.action"/><short value="Proposed actions, if any"/><definition value="The actions, if any, produced by the evaluation of the artifact."/><min value="0"/><max value="*"/><base><path value="RequestGroup.action"/><min value="0"/><max value="*"/></base><type><code value="BackboneElement"/></type><constraint><extension url="http://hl7.org/fhir/4.0/StructureDefinition/extension-ElementDefinition.constraint.xpath"><valueString value="@value|f:*|h:div"/></extension><key value="ele-1"/><severity value="error"/><human value="All FHIR elements must have a @value or children"/><expression value="hasValue() | (children().count() &gt; id.count())"/><xpath value="@value|f:*|h:div"/><source value="http://hl7.org/fhir/StructureDefinition/Element"/></constraint><constraint><extension url="http://hl7.org/fhir/4.0/StructureDefinition/extension-ElementDefinition.constraint.xpath"><valueString value="exists(f:resource) != exists(f:action)"/></extension><key value="rqg-1"/><severity value="error"/><human value="Must have resource or action but not both"/><expression value="resource.exists() != action.exists()"/><xpath value="exists(f:resource) != exists(f:action)"/><source value="http://hl7.org/fhir/StructureDefinition/RequestGroup"/></constraint></element><element id="RequestGroup.action.id"><path value="RequestGroup.action.id"/><representation value="xmlAttr"/><short value="xml:id (or equivalent in JSON)"/><definition value="unique id for the element within a resource (for internal references). This may be any string value that does not contain spaces."/><min value="0"/><max value="1"/><base><path value="Element.id"/><min value="0"/><max value="1"/></base><type><code value="string"/></type><mapping><identity value="rim"/><map value="n/a"/></mapping></element><element id="RequestGroup.action.extension"><path value="RequestGroup.action.extension"/><short value="Additional Content defined by implementations"/><definition value="May be used to represent additional information that is not part of the basic definition of the element. In order to make the use of extensions safe and manageable, there is a strict set of governance  applied to the definition and use of extensions. Though any implementer is allowed to define an extension, there is a set of requirements that SHALL be met as part of the definition of the extension."/><comment value="There can be no stigma associated with the use of extensions by any application, project, or standard - regardless of the institution or jurisdiction that uses or defines the extensions.  The use of extensions is what allows the FHIR specification to retain a core level of simplicity for everyone."/><alias value="extensions"/><alias value="user content"/><min value="0"/><max value="*"/><base><path value="Element.extension"/><min value="0"/><max value="*"/></base><type><code value="Extension"/></type><mapping><identity value="rim"/><map value="n/a"/></mapping></element><element id="RequestGroup.action.modifierExtension"><path value="RequestGroup.action.modifierExtension"/><short value="Extensions that cannot be ignored"/><definition value="May be used to represent additional information that is not part of the basic definition of the element, and that modifies the understanding of the element that contains it. Usually modifier elements provide negation or qualification. In order to make the use of extensions safe and manageable, there is a strict set of governance applied to the definition and use of extensions. Though any implementer is allowed to define an extension, there is a set of requirements that SHALL be met as part of the definition of the extension. Applications processing a resource are required to check for modifier extensions."/><comment value="There can be no stigma associated with the use of extensions by any application, project, or standard - regardless of the institution or jurisdiction that uses or defines the extensions.  The use of extensions is what allows the FHIR specification to retain a core level of simplicity for everyone."/><alias value="extensions"/><alias value="user content"/><alias value="modifiers"/><min value="0"/><max value="*"/><base><path value="BackboneElement.modifierExtension"/><min value="0"/><max value="*"/></base><type><code value="Extension"/></type><isModifier value="true"/><isSummary value="true"/><mapping><identity value="rim"/><map value="N/A"/></mapping></element><element id="RequestGroup.action.label"><path value="RequestGroup.action.label"/><short value="User-visible label for the action (e.g. 1. or A.)"/><definition value="A user-visible label for the action."/><min value="0"/><max value="1"/><base><path value="RequestGroup.action.label"/><min value="0"/><max value="1"/></base><type><code value="string"/></type></element><element id="RequestGroup.action.title"><path value="RequestGroup.action.title"/><short value="User-visible title"/><definition value="The title of the action displayed to a user."/><min value="0"/><max value="1"/><base><path value="RequestGroup.action.title"/><min value="0"/><max value="1"/></base><type><code value="string"/></type></element><element id="RequestGroup.action.description"><path value="RequestGroup.action.description"/><short value="Short description of the action"/><definition value="A short description of the action used to provide a summary to display to the user."/><min value="0"/><max value="1"/><base><path value="RequestGroup.action.description"/><min value="0"/><max value="1"/></base><type><code value="string"/></type><isSummary value="true"/></element><element id="RequestGroup.action.textEquivalent"><path value="RequestGroup.action.textEquivalent"/><short value="Static text equivalent of the action, used if the dynamic aspects cannot be interpreted by the receiving system"/><definition value="A text equivalent of the action to be performed. This provides a human-interpretable description of the action when the definition is consumed by a system that may not be capable of interpreting it dynamically."/><min value="0"/><max value="1"/><base><path value="RequestGroup.action.textEquivalent"/><min value="0"/><max value="1"/></base><type><code value="string"/></type><isSummary value="true"/></element><element id="RequestGroup.action.code"><path value="RequestGroup.action.code"/><short value="Code representing the meaning of the action or sub-actions"/><definition value="A code that provides meaning for the action or action group. For example, a section may have a LOINC code for a the section of a documentation template."/><min value="0"/><max value="*"/><base><path value="RequestGroup.action.code"/><min value="0"/><max value="*"/></base><type><code value="CodeableConcept"/></type><mapping><identity value="workflow"/><map value="Request.code"/></mapping></element><element id="RequestGroup.action.documentation"><path value="RequestGroup.action.documentation"/><short value="Supporting documentation for the intended performer of the action"/><definition value="Didactic or other informational resources associated with the action that can be provided to the CDS recipient. Information resources can include inline text commentary and links to web resources."/><min value="0"/><max value="*"/><base><path value="RequestGroup.action.documentation"/><min value="0"/><max value="*"/></base><type><code value="RelatedArtifact"/></type><mapping><identity value="workflow"/><map value="Request.supportingInfo"/></mapping></element><element id="RequestGroup.action.condition"><path value="RequestGroup.action.condition"/><short value="Whether or not the action is applicable"/><definition value="An expression that describes applicability criteria, or start/stop conditions for the action."/><min value="0"/><max value="*"/><base><path value="RequestGroup.action.condition"/><min value="0"/><max value="*"/></base><type><code value="BackboneElement"/></type><constraint><extension url="http://hl7.org/fhir/4.0/StructureDefinition/extension-ElementDefinition.constraint.xpath"><valueString value="@value|f:*|h:div"/></extension><key value="ele-1"/><severity value="error"/><human value="All FHIR elements must have a @value or children"/><expression value="hasValue() | (children().count() &gt; id.count())"/><xpath value="@value|f:*|h:div"/><source value="http://hl7.org/fhir/StructureDefinition/Element"/></constraint></element><element id="RequestGroup.action.condition.id"><path value="RequestGroup.action.condition.id"/><representation value="xmlAttr"/><short value="xml:id (or equivalent in JSON)"/><definition value="unique id for the element within a resource (for internal references). This may be any string value that does not contain spaces."/><min value="0"/><max value="1"/><base><path value="Element.id"/><min value="0"/><max value="1"/></base><type><code value="string"/></type><mapping><identity value="rim"/><map value="n/a"/></mapping></element><element id="RequestGroup.action.condition.extension"><path value="RequestGroup.action.condition.extension"/><short value="Additional Content defined by implementations"/><definition value="May be used to represent additional information that is not part of the basic definition of the element. In order to make the use of extensions safe and manageable, there is a strict set of governance  applied to the definition and use of extensions. Though any implementer is allowed to define an extension, there is a set of requirements that SHALL be met as part of the definition of the extension."/><comment value="There can be no stigma associated with the use of extensions by any application, project, or standard - regardless of the institution or jurisdiction that uses or defines the extensions.  The use of extensions is what allows the FHIR specification to retain a core level of simplicity for everyone."/><alias value="extensions"/><alias value="user content"/><min value="0"/><max value="*"/><base><path value="Element.extension"/><min value="0"/><max value="*"/></base><type><code value="Extension"/></type><mapping><identity value="rim"/><map value="n/a"/></mapping></element><element id="RequestGroup.action.condition.modifierExtension"><path value="RequestGroup.action.condition.modifierExtension"/><short value="Extensions that cannot be ignored"/><definition value="May be used to represent additional information that is not part of the basic definition of the element, and that modifies the understanding of the element that contains it. Usually modifier elements provide negation or qualification. In order to make the use of extensions safe and manageable, there is a strict set of governance applied to the definition and use of extensions. Though any implementer is allowed to define an extension, there is a set of requirements that SHALL be met as part of the definition of the extension. Applications processing a resource are required to check for modifier extensions."/><comment value="There can be no stigma associated with the use of extensions by any application, project, or standard - regardless of the institution or jurisdiction that uses or defines the extensions.  The use of extensions is what allows the FHIR specification to retain a core level of simplicity for everyone."/><alias value="extensions"/><alias value="user content"/><alias value="modifiers"/><min value="0"/><max value="*"/><base><path value="BackboneElement.modifierExtension"/><min value="0"/><max value="*"/></base><type><code value="Extension"/></type><isModifier value="true"/><isSummary value="true"/><mapping><identity value="rim"/><map value="N/A"/></mapping></element><element id="RequestGroup.action.condition.kind"><path value="RequestGroup.action.condition.kind"/><short value="applicability | start | stop"/><definition value="The kind of condition."/><comment value="Applicability criteria are used to determine immediate applicability when a plan definition is applied to a given context. Start and stop criteria are carried through application and used to describe when enter/exit criteria for an action."/><min value="1"/><max value="1"/><base><path value="RequestGroup.action.condition.kind"/><min value="1"/><max value="1"/></base><type><code value="code"/></type><binding><extension url="http://hl7.org/fhir/StructureDefinition/elementdefinition-bindingName"><valueString value="ActionConditionKind"/></extension><strength value="required"/><description value="The kind of condition for the action"/><valueSetReference><reference value="http://hl7.org/fhir/ValueSet/action-condition-kind"/></valueSetReference></binding></element><element id="RequestGroup.action.condition.description"><path value="RequestGroup.action.condition.description"/><short value="Natural language description of the condition"/><definition value="A brief, natural language description of the condition that effectively communicates the intended semantics."/><min value="0"/><max value="1"/><base><path value="RequestGroup.action.condition.description"/><min value="0"/><max value="1"/></base><type><code value="string"/></type></element><element id="RequestGroup.action.condition.language"><path value="RequestGroup.action.condition.language"/><short value="Language of the expression"/><definition value="The media type of the language for the expression."/><min value="0"/><max value="1"/><base><path value="RequestGroup.action.condition.language"/><min value="0"/><max value="1"/></base><type><code value="string"/></type></element><element id="RequestGroup.action.condition.expression"><path value="RequestGroup.action.condition.expression"/><short value="Boolean-valued expression"/><definition value="An expression that returns true or false, indicating whether or not the condition is satisfied."/><comment value="The expression may be inlined, or may be a reference to a named expression within a logic library referenced by the library element."/><min value="0"/><max value="1"/><base><path value="RequestGroup.action.condition.expression"/><min value="0"/><max value="1"/></base><type><code value="string"/></type></element><element id="RequestGroup.action.relatedAction"><path value="RequestGroup.action.relatedAction"/><short value="Relationship to another action"/><definition value="A relationship to another action such as &quot;before&quot; or &quot;30-60 minutes after start of&quot;."/><min value="0"/><max value="*"/><base><path value="RequestGroup.action.relatedAction"/><min value="0"/><max value="*"/></base><type><code value="BackboneElement"/></type><constraint><extension url="http://hl7.org/fhir/4.0/StructureDefinition/extension-ElementDefinition.constraint.xpath"><valueString value="@value|f:*|h:div"/></extension><key value="ele-1"/><severity value="error"/><human value="All FHIR elements must have a @value or children"/><expression value="hasValue() | (children().count() &gt; id.count())"/><xpath value="@value|f:*|h:div"/><source value="http://hl7.org/fhir/StructureDefinition/Element"/></constraint></element><element id="RequestGroup.action.relatedAction.id"><path value="RequestGroup.action.relatedAction.id"/><representation value="xmlAttr"/><short value="xml:id (or equivalent in JSON)"/><definition value="unique id for the element within a resource (for internal references). This may be any string value that does not contain spaces."/><min value="0"/><max value="1"/><base><path value="Element.id"/><min value="0"/><max value="1"/></base><type><code value="string"/></type><mapping><identity value="rim"/><map value="n/a"/></mapping></element><element id="RequestGroup.action.relatedAction.extension"><path value="RequestGroup.action.relatedAction.extension"/><short value="Additional Content defined by implementations"/><definition value="May be used to represent additional information that is not part of the basic definition of the element. In order to make the use of extensions safe and manageable, there is a strict set of governance  applied to the definition and use of extensions. Though any implementer is allowed to define an extension, there is a set of requirements that SHALL be met as part of the definition of the extension."/><comment value="There can be no stigma associated with the use of extensions by any application, project, or standard - regardless of the institution or jurisdiction that uses or defines the extensions.  The use of extensions is what allows the FHIR specification to retain a core level of simplicity for everyone."/><alias value="extensions"/><alias value="user content"/><min value="0"/><max value="*"/><base><path value="Element.extension"/><min value="0"/><max value="*"/></base><type><code value="Extension"/></type><mapping><identity value="rim"/><map value="n/a"/></mapping></element><element id="RequestGroup.action.relatedAction.modifierExtension"><path value="RequestGroup.action.relatedAction.modifierExtension"/><short value="Extensions that cannot be ignored"/><definition value="May be used to represent additional information that is not part of the basic definition of the element, and that modifies the understanding of the element that contains it. Usually modifier elements provide negation or qualification. In order to make the use of extensions safe and manageable, there is a strict set of governance applied to the definition and use of extensions. Though any implementer is allowed to define an extension, there is a set of requirements that SHALL be met as part of the definition of the extension. Applications processing a resource are required to check for modifier extensions."/><comment value="There can be no stigma associated with the use of extensions by any application, project, or standard - regardless of the institution or jurisdiction that uses or defines the extensions.  The use of extensions is what allows the FHIR specification to retain a core level of simplicity for everyone."/><alias value="extensions"/><alias value="user content"/><alias value="modifiers"/><min value="0"/><max value="*"/><base><path value="BackboneElement.modifierExtension"/><min value="0"/><max value="*"/></base><type><code value="Extension"/></type><isModifier value="true"/><isSummary value="true"/><mapping><identity value="rim"/><map value="N/A"/></mapping></element><element id="RequestGroup.action.relatedAction.actionId"><path value="RequestGroup.action.relatedAction.actionId"/><short value="What action this is related to"/><definition value="The element id of the action this is related to."/><min value="1"/><max value="1"/><base><path value="RequestGroup.action.relatedAction.actionId"/><min value="1"/><max value="1"/></base><type><code value="id"/></type></element><element id="RequestGroup.action.relatedAction.relationship"><path value="RequestGroup.action.relatedAction.relationship"/><short value="before-start | before | before-end | concurrent-with-start | concurrent | concurrent-with-end | after-start | after | after-end"/><definition value="The relationship of this action to the related action."/><min value="1"/><max value="1"/><base><path value="RequestGroup.action.relatedAction.relationship"/><min value="1"/><max value="1"/></base><type><code value="code"/></type><binding><extension url="http://hl7.org/fhir/StructureDefinition/elementdefinition-bindingName"><valueString value="ActionRelationshipType"/></extension><strength value="required"/><description value="Defines the types of relationships between actions"/><valueSetReference><reference value="http://hl7.org/fhir/ValueSet/action-relationship-type"/></valueSetReference></binding></element><element id="RequestGroup.action.relatedAction.offset[x]"><path value="RequestGroup.action.relatedAction.offset[x]"/><short value="Time offset for the relationship"/><definition value="A duration or range of durations to apply to the relationship. For example, 30-60 minutes before."/><min value="0"/><max value="1"/><base><path value="RequestGroup.action.relatedAction.offset[x]"/><min value="0"/><max value="1"/></base><type><code value="Duration"/></type><type><code value="Range"/></type></element><element id="RequestGroup.action.timing[x]"><path value="RequestGroup.action.timing[x]"/><slicing><discriminator><type value="type"/><path value="$this"/></discriminator><ordered value="false"/><rules value="closed"/></slicing><short value="When the action should take place"/><definition value="An optional value describing when the action should be performed."/><min value="0"/><max value="1"/><base><path value="RequestGroup.action.timing[x]"/><min value="0"/><max value="1"/></base><type><code value="Period"/></type><mapping><identity value="workflow"/><map value="Request.occurrence"/></mapping></element><element id="RequestGroup.action.timing[x]:timingPeriod"><path value="RequestGroup.action.timing[x]"/><sliceName value="timingPeriod"/><short value="Data da linha da receita [DATA VALIDADE LINHA]"/><definition value="An optional value describing when the action should be performed."/><min value="0"/><max value="1"/><base><path value="RequestGroup.action.timing[x]"/><min value="0"/><max value="1"/></base><type><code value="Period"/></type><mapping><identity value="workflow"/><map value="Request.occurrence"/></mapping></element><element id="RequestGroup.action.participant"><path value="RequestGroup.action.participant"/><short value="Who should perform the action"/><definition value="The participant that should perform or be responsible for this action."/><min value="0"/><max value="*"/><base><path value="RequestGroup.action.participant"/><min value="0"/><max value="*"/></base><type><code value="Reference"/><targetProfile value="http://hl7.org/fhir/StructureDefinition/Patient"/></type><type><code value="Reference"/><targetProfile value="http://hl7.org/fhir/StructureDefinition/Person"/></type><type><code value="Reference"/><targetProfile value="http://hl7.org/fhir/StructureDefinition/Practitioner"/></type><type><code value="Reference"/><targetProfile value="http://hl7.org/fhir/StructureDefinition/RelatedPerson"/></type><mapping><identity value="workflow"/><map value="Request.performer"/></mapping><mapping><identity value="w5"/><map value="who.actor"/></mapping></element><element id="RequestGroup.action.type"><path value="RequestGroup.action.type"/><short value="create | update | remove | fire-event"/><definition value="The type of action to perform (create, update, remove)."/><min value="0"/><max value="1"/><base><path value="RequestGroup.action.type"/><min value="0"/><max value="1"/></base><type><code value="Coding"/></type><binding><extension url="http://hl7.org/fhir/StructureDefinition/elementdefinition-bindingName"><valueString value="ActionType"/></extension><strength value="extensible"/><description value="The type of action to be performed"/><valueSetReference><reference value="http://hl7.org/fhir/ValueSet/action-type"/></valueSetReference></binding></element><element id="RequestGroup.action.groupingBehavior"><path value="RequestGroup.action.groupingBehavior"/><short value="visual-group | logical-group | sentence-group"/><definition value="Defines the grouping behavior for the action and its children."/><min value="0"/><max value="1"/><base><path value="RequestGroup.action.groupingBehavior"/><min value="0"/><max value="1"/></base><type><code value="code"/></type><binding><extension url="http://hl7.org/fhir/StructureDefinition/elementdefinition-bindingName"><valueString value="ActionGroupingBehavior"/></extension><strength value="required"/><description value="Defines organization behavior of a group"/><valueSetReference><reference value="http://hl7.org/fhir/ValueSet/action-grouping-behavior"/></valueSetReference></binding></element><element id="RequestGroup.action.selectionBehavior"><path value="RequestGroup.action.selectionBehavior"/><short value="any | all | all-or-none | exactly-one | at-most-one | one-or-more"/><definition value="Defines the selection behavior for the action and its children."/><min value="0"/><max value="1"/><base><path value="RequestGroup.action.selectionBehavior"/><min value="0"/><max value="1"/></base><type><code value="code"/></type><binding><extension url="http://hl7.org/fhir/StructureDefinition/elementdefinition-bindingName"><valueString value="ActionSelectionBehavior"/></extension><strength value="required"/><description value="Defines selection behavior of a group"/><valueSetReference><reference value="http://hl7.org/fhir/ValueSet/action-selection-behavior"/></valueSetReference></binding></element><element id="RequestGroup.action.requiredBehavior"><path value="RequestGroup.action.requiredBehavior"/><short value="must | could | must-unless-documented"/><definition value="Defines the requiredness behavior for the action."/><min value="0"/><max value="1"/><base><path value="RequestGroup.action.requiredBehavior"/><min value="0"/><max value="1"/></base><type><code value="code"/></type><binding><extension url="http://hl7.org/fhir/StructureDefinition/elementdefinition-bindingName"><valueString value="ActionRequiredBehavior"/></extension><strength value="required"/><description value="Defines requiredness behavior for selecting an action or an action group"/><valueSetReference><reference value="http://hl7.org/fhir/ValueSet/action-required-behavior"/></valueSetReference></binding></element><element id="RequestGroup.action.precheckBehavior"><path value="RequestGroup.action.precheckBehavior"/><short value="yes | no"/><definition value="Defines whether the action should usually be preselected."/><min value="0"/><max value="1"/><base><path value="RequestGroup.action.precheckBehavior"/><min value="0"/><max value="1"/></base><type><code value="code"/></type><binding><extension url="http://hl7.org/fhir/StructureDefinition/elementdefinition-bindingName"><valueString value="ActionPrecheckBehavior"/></extension><strength value="required"/><description value="Defines selection frequency behavior for an action or group"/><valueSetReference><reference value="http://hl7.org/fhir/ValueSet/action-precheck-behavior"/></valueSetReference></binding></element><element id="RequestGroup.action.cardinalityBehavior"><path value="RequestGroup.action.cardinalityBehavior"/><short value="single | multiple"/><definition value="Defines whether the action can be selected multiple times."/><min value="0"/><max value="1"/><base><path value="RequestGroup.action.cardinalityBehavior"/><min value="0"/><max value="1"/></base><type><code value="code"/></type><binding><extension url="http://hl7.org/fhir/StructureDefinition/elementdefinition-bindingName"><valueString value="ActionCardinalityBehavior"/></extension><strength value="required"/><description value="Defines behavior for an action or a group for how many times that item may be repeated"/><valueSetReference><reference value="http://hl7.org/fhir/ValueSet/action-cardinality-behavior"/></valueSetReference></binding></element><element id="RequestGroup.action.resource"><path value="RequestGroup.action.resource"/><short value="Referência para um resource que contém informações da linha da receita"/><definition value="The resource that is the target of the action (e.g. CommunicationRequest)."/><comment value="The target resource SHALL be a [Request](request.html) resource with a Request.intent set to &quot;option&quot;."/><min value="0"/><max value="1"/><base><path value="RequestGroup.action.resource"/><min value="0"/><max value="1"/></base><type><code value="Reference"/><targetProfile value="http://example.com/fhir/example/StructureDefinition/med-request-profile"/></type><condition value="rqg-1"/></element><element id="RequestGroup.action.action"><path value="RequestGroup.action.action"/><short value="Sub action"/><definition value="Sub actions."/><min value="0"/><max value="*"/><base><path value="RequestGroup.action.action"/><min value="0"/><max value="*"/></base><contentReference value="http://hl7.org/fhir/StructureDefinition/RequestGroup#RequestGroup.action"/><condition value="rqg-1"/></element></snapshot><differential><element id="RequestGroup"><path value="RequestGroup"/></element><element id="RequestGroup.id"><path value="RequestGroup.id"/><short value="ID lógico do pedido de referenciação no contexto FHIR"/></element><element id="RequestGroup.meta.lastUpdated"><path value="RequestGroup.meta.lastUpdated"/><short value="Indica a data da última alteração desse recurso."/></element><element id="RequestGroup.meta.profile"><path value="RequestGroup.meta.profile"/></element><element id="RequestGroup.extension"><path value="RequestGroup.extension"/><slicing><discriminator><type value="value"/><path value="url"/></discriminator><rules value="open"/></slicing><mustSupport value="true"/></element><element id="RequestGroup.extension:duplicateOrder"><path value="RequestGroup.extension"/><sliceName value="duplicateOrder"/><short value="Extensão para indicar a via da receita prescrita"/><min value="0"/><max value="1"/><type><code value="Extension"/><profile value="http://spms.min-saude.pt/iop/extensions/prescription-duplicate"/></type></element><element id="RequestGroup.extension:MeaningOrder"><path value="RequestGroup.extension"/><sliceName value="MeaningOrder"/><short value="Extensão sobre a Modalidade de Prescrição. Receita com papel (RCP) ou receita sem papel (RSP) [MODALIDADE DE PRESCRIÇÃO]"/><min value="0"/><max value="1"/><type><code value="Extension"/><profile value="http://spms.min-saude/pe/top/extensions/med-request-modality"/></type></element><element id="RequestGroup.groupIdentifier"><path value="RequestGroup.groupIdentifier"/><short value="Identificador local da prescrição. NÚMERO RECEITA LOCAL"/><min value="1"/><mustSupport value="true"/></element><element id="RequestGroup.status"><path value="RequestGroup.status"/><short value="A prescrição é criada com status active. Status para a anulação / cancelamento da prescrição: cancelled."/><mustSupport value="true"/></element><element id="RequestGroup.intent"><path value="RequestGroup.intent"/><patternCode value="order"/></element><element id="RequestGroup.action.timingPeriod"><path value="RequestGroup.action.timingPeriod"/><short value="Data da linha da receita [DATA VALIDADE LINHA]"/><min value="0"/><max value="1"/><type><code value="Period"/></type></element><element id="RequestGroup.action.resource"><path value="RequestGroup.action.resource"/><short value="Referência para um resource que contém informações da linha da receita"/><type><code value="Reference"/><targetProfile value="http://example.com/fhir/example/StructureDefinition/med-request-profile"/></type></element></differential></StructureDefinition>