{"resourceType":"StructureDefinition","id":"content-response-profile","text":{"status":"extensions","div":"<div xmlns=\"http://www.w3.org/1999/xhtml\"><table border=\"0\" cellpadding=\"0\" cellspacing=\"0\" style=\"border: 0px #F0F0F0 solid; font-size: 11px; font-family: verdana; vertical-align: top;\"><tr style=\"border: 1px #F0F0F0 solid; font-size: 11px; font-family: verdana; vertical-align: top\"><th style=\"vertical-align: top; text-align : left; background-color: white; border: 0px #F0F0F0 solid; padding:0px 4px 0px 4px\" class=\"hierarchy\"><a href=\"https://build.fhir.org/ig/FHIR/ig-guidance/readingIgs.html#table-views\" title=\"The logical name of the element\">Name</a></th><th style=\"vertical-align: top; text-align : left; background-color: white; border: 0px #F0F0F0 solid; padding:0px 4px 0px 4px\" class=\"hierarchy\"><a href=\"https://build.fhir.org/ig/FHIR/ig-guidance/readingIgs.html#table-views\" title=\"Information about the use of the element\">Flags</a></th><th style=\"vertical-align: top; text-align : left; background-color: white; border: 0px #F0F0F0 solid; padding:0px 4px 0px 4px\" class=\"hierarchy\"><a href=\"https://build.fhir.org/ig/FHIR/ig-guidance/readingIgs.html#table-views\" title=\"Minimum and Maximum # of times the the element can appear in the instance\">Card.</a></th><th style=\"width: 100px\" class=\"hierarchy\"><a href=\"https://build.fhir.org/ig/FHIR/ig-guidance/readingIgs.html#table-views\" title=\"Reference to the type of the element\">Type</a></th><th style=\"vertical-align: top; text-align : left; background-color: white; border: 0px #F0F0F0 solid; padding:0px 4px 0px 4px\" class=\"hierarchy\"><a href=\"https://build.fhir.org/ig/FHIR/ig-guidance/readingIgs.html#table-views\" title=\"Additional information about the element\">Description &amp; Constraints</a><span style=\"float: right\"><a href=\"https://build.fhir.org/ig/FHIR/ig-guidance/readingIgs.html#table-views\" title=\"Legend for this format\"><img src=\"http://hl7.org/fhir/STU3/help16.png\" alt=\"doco\" style=\"background-color: inherit\"/></a></span></th></tr><tr style=\"border: 0px #F0F0F0 solid; padding:0px; vertical-align: top; background-color: white\"><td style=\"vertical-align: top; text-align : left; background-color: white; border: 0px #F0F0F0 solid; padding:0px 4px 0px 4px; white-space: nowrap; background-image: url(tbl_bck1.png)\" class=\"hierarchy\"><img src=\"tbl_spacer.png\" alt=\".\" style=\"background-color: inherit\" class=\"hierarchy\"/><img src=\"icon_resource.png\" alt=\".\" style=\"background-color: white; background-color: inherit\" title=\"Resource\" class=\"hierarchy\"/> <a href=\"StructureDefinition-content-response-profile-definitions.html#RequestGroup\">RequestGroup</a><a name=\"RequestGroup\"> </a></td><td style=\"vertical-align: top; text-align : left; background-color: white; border: 0px #F0F0F0 solid; padding:0px 4px 0px 4px\" class=\"hierarchy\"/><td style=\"vertical-align: top; text-align : left; background-color: white; border: 0px #F0F0F0 solid; padding:0px 4px 0px 4px\" class=\"hierarchy\"><span style=\"opacity: 0.5\">0</span><span style=\"opacity: 0.5\">..</span><span style=\"opacity: 0.5\">*</span></td><td style=\"vertical-align: top; text-align : left; background-color: white; border: 0px #F0F0F0 solid; padding:0px 4px 0px 4px\" class=\"hierarchy\"><a href=\"http://hl7.org/fhir/STU3/requestgroup.html\">RequestGroup</a></td><td style=\"vertical-align: top; text-align : left; background-color: white; border: 0px #F0F0F0 solid; padding:0px 4px 0px 4px\" class=\"hierarchy\"><span style=\"opacity: 0.5\">A group of related requests</span></td></tr>\r\n<tr style=\"border: 0px #F0F0F0 solid; padding:0px; vertical-align: top; background-color: #F7F7F7\"><td style=\"vertical-align: top; text-align : left; background-color: #F7F7F7; border: 0px #F0F0F0 solid; padding:0px 4px 0px 4px; white-space: nowrap; background-image: url(tbl_bck10.png)\" class=\"hierarchy\"><img src=\"tbl_spacer.png\" alt=\".\" style=\"background-color: inherit\" class=\"hierarchy\"/><img src=\"tbl_vjoin.png\" alt=\".\" style=\"background-color: inherit\" class=\"hierarchy\"/><img src=\"icon_element.gif\" alt=\".\" style=\"background-color: #F7F7F7; background-color: inherit\" title=\"Element\" class=\"hierarchy\"/> <a href=\"StructureDefinition-content-response-profile-definitions.html#RequestGroup.id\">id</a><a name=\"RequestGroup.id\"> </a></td><td style=\"vertical-align: top; text-align : left; background-color: #F7F7F7; border: 0px #F0F0F0 solid; padding:0px 4px 0px 4px\" class=\"hierarchy\"/><td style=\"vertical-align: top; text-align : left; background-color: #F7F7F7; border: 0px #F0F0F0 solid; padding:0px 4px 0px 4px\" class=\"hierarchy\"><span style=\"opacity: 0.5\">0</span><span style=\"opacity: 0.5\">..</span><span style=\"opacity: 0.5\">1</span></td><td style=\"vertical-align: top; text-align : left; background-color: #F7F7F7; border: 0px #F0F0F0 solid; padding:0px 4px 0px 4px\" class=\"hierarchy\"><a style=\"opacity: 0.5\" href=\"http://hl7.org/fhir/STU3/datatypes.html#id\">id</a></td><td style=\"vertical-align: top; text-align : left; background-color: #F7F7F7; border: 0px #F0F0F0 solid; padding:0px 4px 0px 4px\" class=\"hierarchy\">ID lógico do pedido de referenciação no contexto FHIR</td></tr>\r\n<tr style=\"border: 0px #F0F0F0 solid; padding:0px; vertical-align: top; background-color: white\"><td style=\"vertical-align: top; text-align : left; background-color: white; border: 0px #F0F0F0 solid; padding:0px 4px 0px 4px; white-space: nowrap; background-image: url(tbl_bck11.png)\" class=\"hierarchy\"><img src=\"tbl_spacer.png\" alt=\".\" style=\"background-color: inherit\" class=\"hierarchy\"/><img src=\"tbl_vjoin.png\" alt=\".\" style=\"background-color: inherit\" class=\"hierarchy\"/><img src=\"icon_element.gif\" alt=\".\" style=\"background-color: white; background-color: inherit\" title=\"Element\" class=\"hierarchy\"/> <a href=\"StructureDefinition-content-response-profile-definitions.html#RequestGroup.meta\">meta</a><a name=\"RequestGroup.meta\"> </a></td><td style=\"vertical-align: top; text-align : left; background-color: white; border: 0px #F0F0F0 solid; padding:0px 4px 0px 4px\" class=\"hierarchy\"/><td style=\"vertical-align: top; text-align : left; background-color: white; border: 0px #F0F0F0 solid; padding:0px 4px 0px 4px\" class=\"hierarchy\"/><td style=\"vertical-align: top; text-align : left; background-color: white; border: 0px #F0F0F0 solid; padding:0px 4px 0px 4px\" class=\"hierarchy\"/><td style=\"vertical-align: top; text-align : left; background-color: white; border: 0px #F0F0F0 solid; padding:0px 4px 0px 4px\" class=\"hierarchy\"/></tr>\r\n<tr style=\"border: 0px #F0F0F0 solid; padding:0px; vertical-align: top; background-color: #F7F7F7\"><td style=\"vertical-align: top; text-align : left; background-color: #F7F7F7; border: 0px #F0F0F0 solid; padding:0px 4px 0px 4px; white-space: nowrap; background-image: url(tbl_bck110.png)\" class=\"hierarchy\"><img src=\"tbl_spacer.png\" alt=\".\" style=\"background-color: inherit\" class=\"hierarchy\"/><img src=\"tbl_vline.png\" alt=\".\" style=\"background-color: inherit\" class=\"hierarchy\"/><img src=\"tbl_vjoin.png\" alt=\".\" style=\"background-color: inherit\" class=\"hierarchy\"/><img src=\"icon_element.gif\" alt=\".\" style=\"background-color: #F7F7F7; background-color: inherit\" title=\"Element\" class=\"hierarchy\"/> <a href=\"StructureDefinition-content-response-profile-definitions.html#RequestGroup.meta.lastUpdated\">lastUpdated</a><a name=\"RequestGroup.meta.lastUpdated\"> </a></td><td style=\"vertical-align: top; text-align : left; background-color: #F7F7F7; border: 0px #F0F0F0 solid; padding:0px 4px 0px 4px\" class=\"hierarchy\"/><td style=\"vertical-align: top; text-align : left; background-color: #F7F7F7; border: 0px #F0F0F0 solid; padding:0px 4px 0px 4px\" class=\"hierarchy\"><span style=\"opacity: 0.5\">0</span><span style=\"opacity: 0.5\">..</span><span style=\"opacity: 0.5\">1</span></td><td style=\"vertical-align: top; text-align : left; background-color: #F7F7F7; border: 0px #F0F0F0 solid; padding:0px 4px 0px 4px\" class=\"hierarchy\"><a style=\"opacity: 0.5\" href=\"http://hl7.org/fhir/STU3/datatypes.html#instant\">instant</a></td><td style=\"vertical-align: top; text-align : left; background-color: #F7F7F7; border: 0px #F0F0F0 solid; padding:0px 4px 0px 4px\" class=\"hierarchy\">Indica a data da última alteração desse recurso.</td></tr>\r\n<tr style=\"border: 0px #F0F0F0 solid; padding:0px; vertical-align: top; background-color: white\"><td style=\"vertical-align: top; text-align : left; background-color: white; border: 0px #F0F0F0 solid; padding:0px 4px 0px 4px; white-space: nowrap; background-image: url(tbl_bck100.png)\" class=\"hierarchy\"><img src=\"tbl_spacer.png\" alt=\".\" style=\"background-color: inherit\" class=\"hierarchy\"/><img src=\"tbl_vline.png\" alt=\".\" style=\"background-color: inherit\" class=\"hierarchy\"/><img src=\"tbl_vjoin_end.png\" alt=\".\" style=\"background-color: inherit\" class=\"hierarchy\"/><img src=\"icon_element.gif\" alt=\".\" style=\"background-color: white; background-color: inherit\" title=\"Element\" class=\"hierarchy\"/> <a href=\"StructureDefinition-content-response-profile-definitions.html#RequestGroup.meta.profile\">profile</a><a name=\"RequestGroup.meta.profile\"> </a></td><td style=\"vertical-align: top; text-align : left; background-color: white; border: 0px #F0F0F0 solid; padding:0px 4px 0px 4px\" class=\"hierarchy\"/><td style=\"vertical-align: top; text-align : left; background-color: white; border: 0px #F0F0F0 solid; padding:0px 4px 0px 4px\" class=\"hierarchy\"><span style=\"opacity: 0.5\">0</span><span style=\"opacity: 0.5\">..</span><span style=\"opacity: 0.5\">*</span></td><td style=\"vertical-align: top; text-align : left; background-color: white; border: 0px #F0F0F0 solid; padding:0px 4px 0px 4px\" class=\"hierarchy\"><a style=\"opacity: 0.5\" href=\"http://hl7.org/fhir/STU3/datatypes.html#uri\">uri</a></td><td style=\"vertical-align: top; text-align : left; background-color: white; border: 0px #F0F0F0 solid; padding:0px 4px 0px 4px\" class=\"hierarchy\"><span style=\"opacity: 0.5\">Profiles this resource claims to conform to</span></td></tr>\r\n<tr style=\"border: 0px #F0F0F0 solid; padding:0px; vertical-align: top; background-color: #F7F7F7\"><td style=\"vertical-align: top; text-align : left; background-color: #F7F7F7; border: 0px #F0F0F0 solid; padding:0px 4px 0px 4px; white-space: nowrap; background-image: url(tbl_bck12.png)\" class=\"hierarchy\"><img src=\"tbl_spacer.png\" alt=\".\" style=\"background-color: inherit\" class=\"hierarchy\"/><img src=\"tbl_vjoin.png\" alt=\".\" style=\"background-color: inherit\" class=\"hierarchy\"/><img src=\"icon_extension_simple.png\" alt=\".\" style=\"background-color: #F7F7F7; background-color: inherit\" title=\"Simple Extension\" class=\"hierarchy\"/> <a href=\"StructureDefinition-content-response-profile-definitions.html#RequestGroup.extension\">Slices for extension</a><a name=\"RequestGroup.extension\"> </a></td><td style=\"vertical-align: top; text-align : left; background-color: #F7F7F7; border: 0px #F0F0F0 solid; padding:0px 4px 0px 4px\" class=\"hierarchy\"><span style=\"padding-left: 3px; padding-right: 3px; color: white; background-color: red\" title=\"This element must be supported\">S</span></td><td style=\"vertical-align: top; text-align : left; background-color: #F7F7F7; border: 0px #F0F0F0 solid; padding:0px 4px 0px 4px\" class=\"hierarchy\"><span style=\"opacity: 0.5\">0</span><span style=\"opacity: 0.5\">..</span><span style=\"opacity: 0.5\">*</span></td><td style=\"vertical-align: top; text-align : left; background-color: #F7F7F7; border: 0px #F0F0F0 solid; padding:0px 4px 0px 4px\" class=\"hierarchy\"><a style=\"opacity: 0.5\" href=\"http://hl7.org/fhir/STU3/extensibility.html#Extension\">Extension</a></td><td style=\"vertical-align: top; text-align : left; background-color: #F7F7F7; border: 0px #F0F0F0 solid; padding:0px 4px 0px 4px\" class=\"hierarchy\"><span style=\"opacity: 0.5\">Extension</span><br/><span style=\"font-weight:bold\">Slice: </span>Unordered, Open by value:url</td></tr>\r\n<tr style=\"border: 0px #F0F0F0 solid; padding:0px; vertical-align: top; background-color: white\"><td style=\"vertical-align: top; text-align : left; background-color: white; border: 0px #F0F0F0 solid; padding:0px 4px 0px 4px; white-space: nowrap; background-image: url(tbl_bck14.png)\" class=\"hierarchy\"><img src=\"tbl_spacer.png\" alt=\".\" style=\"background-color: inherit\" class=\"hierarchy\"/><img src=\"tbl_vjoin.png\" alt=\".\" style=\"background-color: inherit\" class=\"hierarchy\"/><img src=\"icon_slice_item.png\" alt=\".\" style=\"background-color: white; background-color: inherit\" title=\"Slice Item\" class=\"hierarchy\"/> <a href=\"StructureDefinition-content-response-profile-definitions.html#RequestGroup.extension:duplicateOrder\" title=\"Slice duplicateOrder\">extension:duplicateOrder</a><a name=\"RequestGroup.extension\"> </a></td><td style=\"vertical-align: top; text-align : left; background-color: white; border: 0px #F0F0F0 solid; padding:0px 4px 0px 4px\" class=\"hierarchy\"/><td style=\"vertical-align: top; text-align : left; background-color: white; border: 0px #F0F0F0 solid; padding:0px 4px 0px 4px\" class=\"hierarchy\">0..1</td><td style=\"vertical-align: top; text-align : left; background-color: white; border: 0px #F0F0F0 solid; padding:0px 4px 0px 4px\" class=\"hierarchy\">?gen-e1? [CanonicalType[http://spms.min-saude.pt/iop/extensions/prescription-duplicate]]</td><td style=\"vertical-align: top; text-align : left; background-color: white; border: 0px #F0F0F0 solid; padding:0px 4px 0px 4px\" class=\"hierarchy\">Extensão para indicar a via da receita prescrita<br/><span style=\"font-weight:bold\">URL: </span>http://spms.min-saude.pt/iop/extensions/prescription-duplicate</td></tr>\r\n<tr style=\"border: 0px #F0F0F0 solid; padding:0px; vertical-align: top; background-color: #F7F7F7\"><td style=\"vertical-align: top; text-align : left; background-color: #F7F7F7; border: 0px #F0F0F0 solid; padding:0px 4px 0px 4px; white-space: nowrap; background-image: url(tbl_bck14.png)\" class=\"hierarchy\"><img src=\"tbl_spacer.png\" alt=\".\" style=\"background-color: inherit\" class=\"hierarchy\"/><img src=\"tbl_vjoin.png\" alt=\".\" style=\"background-color: inherit\" class=\"hierarchy\"/><img src=\"icon_slice_item.png\" alt=\".\" style=\"background-color: #F7F7F7; background-color: inherit\" title=\"Slice Item\" class=\"hierarchy\"/> <a href=\"StructureDefinition-content-response-profile-definitions.html#RequestGroup.extension:MeaningOrder\" title=\"Slice MeaningOrder\">extension:MeaningOrder</a><a name=\"RequestGroup.extension\"> </a></td><td style=\"vertical-align: top; text-align : left; background-color: #F7F7F7; border: 0px #F0F0F0 solid; padding:0px 4px 0px 4px\" class=\"hierarchy\"/><td style=\"vertical-align: top; text-align : left; background-color: #F7F7F7; border: 0px #F0F0F0 solid; padding:0px 4px 0px 4px\" class=\"hierarchy\">0..1</td><td style=\"vertical-align: top; text-align : left; background-color: #F7F7F7; border: 0px #F0F0F0 solid; padding:0px 4px 0px 4px\" class=\"hierarchy\">?gen-e1? [CanonicalType[http://spms.min-saude/pe/top/extensions/med-request-modality]]</td><td style=\"vertical-align: top; text-align : left; background-color: #F7F7F7; border: 0px #F0F0F0 solid; padding:0px 4px 0px 4px\" class=\"hierarchy\">Extensão sobre a Modalidade de Prescrição. Receita com papel (RCP) ou receita sem papel (RSP) [MODALIDADE DE PRESCRIÇÃO]<br/><span style=\"font-weight:bold\">URL: </span>http://spms.min-saude/pe/top/extensions/med-request-modality</td></tr>\r\n<tr style=\"border: 0px #F0F0F0 solid; padding:0px; vertical-align: top; background-color: white\"><td style=\"vertical-align: top; text-align : left; background-color: white; border: 0px #F0F0F0 solid; padding:0px 4px 0px 4px; white-space: nowrap; background-image: url(tbl_bck10.png)\" class=\"hierarchy\"><img src=\"tbl_spacer.png\" alt=\".\" style=\"background-color: inherit\" class=\"hierarchy\"/><img src=\"tbl_vjoin.png\" alt=\".\" style=\"background-color: inherit\" class=\"hierarchy\"/><img src=\"icon_element.gif\" alt=\".\" style=\"background-color: white; background-color: inherit\" title=\"Element\" class=\"hierarchy\"/> <a href=\"StructureDefinition-content-response-profile-definitions.html#RequestGroup.groupIdentifier\">groupIdentifier</a><a name=\"RequestGroup.groupIdentifier\"> </a></td><td style=\"vertical-align: top; text-align : left; background-color: white; border: 0px #F0F0F0 solid; padding:0px 4px 0px 4px\" class=\"hierarchy\"><span style=\"padding-left: 3px; padding-right: 3px; color: white; background-color: red\" title=\"This element must be supported\">S</span></td><td style=\"vertical-align: top; text-align : left; background-color: white; border: 0px #F0F0F0 solid; padding:0px 4px 0px 4px\" class=\"hierarchy\">1..<span style=\"opacity: 0.5\">1</span></td><td style=\"vertical-align: top; text-align : left; background-color: white; border: 0px #F0F0F0 solid; padding:0px 4px 0px 4px\" class=\"hierarchy\"><a style=\"opacity: 0.5\" href=\"http://hl7.org/fhir/STU3/datatypes.html#Identifier\">Identifier</a></td><td style=\"vertical-align: top; text-align : left; background-color: white; border: 0px #F0F0F0 solid; padding:0px 4px 0px 4px\" class=\"hierarchy\">Identificador local da prescrição. NÚMERO RECEITA LOCAL</td></tr>\r\n<tr style=\"border: 0px #F0F0F0 solid; padding:0px; vertical-align: top; background-color: #F7F7F7\"><td style=\"vertical-align: top; text-align : left; background-color: #F7F7F7; border: 0px #F0F0F0 solid; padding:0px 4px 0px 4px; white-space: nowrap; background-image: url(tbl_bck10.png)\" class=\"hierarchy\"><img src=\"tbl_spacer.png\" alt=\".\" style=\"background-color: inherit\" class=\"hierarchy\"/><img src=\"tbl_vjoin.png\" alt=\".\" style=\"background-color: inherit\" class=\"hierarchy\"/><img src=\"icon_element.gif\" alt=\".\" style=\"background-color: #F7F7F7; background-color: inherit\" title=\"Element\" class=\"hierarchy\"/> <a href=\"StructureDefinition-content-response-profile-definitions.html#RequestGroup.status\">status</a><a name=\"RequestGroup.status\"> </a></td><td style=\"vertical-align: top; text-align : left; background-color: #F7F7F7; border: 0px #F0F0F0 solid; padding:0px 4px 0px 4px\" class=\"hierarchy\"><span style=\"padding-left: 3px; padding-right: 3px; color: white; background-color: red\" title=\"This element must be supported\">S</span></td><td style=\"vertical-align: top; text-align : left; background-color: #F7F7F7; border: 0px #F0F0F0 solid; padding:0px 4px 0px 4px\" class=\"hierarchy\"><span style=\"opacity: 0.5\">1</span><span style=\"opacity: 0.5\">..</span><span style=\"opacity: 0.5\">1</span></td><td style=\"vertical-align: top; text-align : left; background-color: #F7F7F7; border: 0px #F0F0F0 solid; padding:0px 4px 0px 4px\" class=\"hierarchy\"><a style=\"opacity: 0.5\" href=\"http://hl7.org/fhir/STU3/datatypes.html#code\">code</a></td><td style=\"vertical-align: top; text-align : left; background-color: #F7F7F7; border: 0px #F0F0F0 solid; padding:0px 4px 0px 4px\" class=\"hierarchy\">A prescrição é criada com status active. Status para a anulação / cancelamento da prescrição: cancelled.</td></tr>\r\n<tr style=\"border: 0px #F0F0F0 solid; padding:0px; vertical-align: top; background-color: white\"><td style=\"vertical-align: top; text-align : left; background-color: white; border: 0px #F0F0F0 solid; padding:0px 4px 0px 4px; white-space: nowrap; background-image: url(tbl_bck10.png)\" class=\"hierarchy\"><img src=\"tbl_spacer.png\" alt=\".\" style=\"background-color: inherit\" class=\"hierarchy\"/><img src=\"tbl_vjoin.png\" alt=\".\" style=\"background-color: inherit\" class=\"hierarchy\"/><img src=\"icon_element.gif\" alt=\".\" style=\"background-color: white; background-color: inherit\" title=\"Element\" class=\"hierarchy\"/> <a href=\"StructureDefinition-content-response-profile-definitions.html#RequestGroup.intent\">intent</a><a name=\"RequestGroup.intent\"> </a></td><td style=\"vertical-align: top; text-align : left; background-color: white; border: 0px #F0F0F0 solid; padding:0px 4px 0px 4px\" class=\"hierarchy\"/><td style=\"vertical-align: top; text-align : left; background-color: white; border: 0px #F0F0F0 solid; padding:0px 4px 0px 4px\" class=\"hierarchy\"><span style=\"opacity: 0.5\">1</span><span style=\"opacity: 0.5\">..</span><span style=\"opacity: 0.5\">1</span></td><td style=\"vertical-align: top; text-align : left; background-color: white; border: 0px #F0F0F0 solid; padding:0px 4px 0px 4px\" class=\"hierarchy\"><a style=\"opacity: 0.5\" href=\"http://hl7.org/fhir/STU3/datatypes.html#code\">code</a></td><td style=\"vertical-align: top; text-align : left; background-color: white; border: 0px #F0F0F0 solid; padding:0px 4px 0px 4px\" class=\"hierarchy\"><span style=\"opacity: 0.5\">proposal | plan | order</span><br/><span style=\"font-weight:bold\">Required Pattern: </span><span style=\"color: darkgreen\">order</span></td></tr>\r\n<tr style=\"border: 0px #F0F0F0 solid; padding:0px; vertical-align: top; background-color: #F7F7F7\"><td style=\"vertical-align: top; text-align : left; background-color: #F7F7F7; border: 0px #F0F0F0 solid; padding:0px 4px 0px 4px; white-space: nowrap; background-image: url(tbl_bck01.png)\" class=\"hierarchy\"><img src=\"tbl_spacer.png\" alt=\".\" style=\"background-color: inherit\" class=\"hierarchy\"/><img src=\"tbl_vjoin_end.png\" alt=\".\" style=\"background-color: inherit\" class=\"hierarchy\"/><img src=\"icon_element.gif\" alt=\".\" style=\"background-color: #F7F7F7; background-color: inherit\" title=\"Element\" class=\"hierarchy\"/> <a href=\"StructureDefinition-content-response-profile-definitions.html#RequestGroup.action\">action</a><a name=\"RequestGroup.action\"> </a></td><td style=\"vertical-align: top; text-align : left; background-color: #F7F7F7; border: 0px #F0F0F0 solid; padding:0px 4px 0px 4px\" class=\"hierarchy\"/><td style=\"vertical-align: top; text-align : left; background-color: #F7F7F7; border: 0px #F0F0F0 solid; padding:0px 4px 0px 4px\" class=\"hierarchy\"/><td style=\"vertical-align: top; text-align : left; background-color: #F7F7F7; border: 0px #F0F0F0 solid; padding:0px 4px 0px 4px\" class=\"hierarchy\"/><td style=\"vertical-align: top; text-align : left; background-color: #F7F7F7; border: 0px #F0F0F0 solid; padding:0px 4px 0px 4px\" class=\"hierarchy\"/></tr>\r\n<tr style=\"border: 0px #F0F0F0 solid; padding:0px; vertical-align: top; background-color: white\"><td style=\"vertical-align: top; text-align : left; background-color: white; border: 0px #F0F0F0 solid; padding:0px 4px 0px 4px; white-space: nowrap; background-image: url(tbl_bck010.png)\" class=\"hierarchy\"><img src=\"tbl_spacer.png\" alt=\".\" style=\"background-color: inherit\" class=\"hierarchy\"/><img src=\"tbl_blank.png\" alt=\".\" style=\"background-color: inherit\" class=\"hierarchy\"/><img src=\"tbl_vjoin.png\" alt=\".\" style=\"background-color: inherit\" class=\"hierarchy\"/><img src=\"icon_datatype.gif\" alt=\".\" style=\"background-color: white; background-color: inherit\" title=\"Data Type\" class=\"hierarchy\"/> <a href=\"StructureDefinition-content-response-profile-definitions.html#RequestGroup.action.timingPeriod\">timingPeriod</a><a name=\"RequestGroup.action.timingPeriod\"> </a></td><td style=\"vertical-align: top; text-align : left; background-color: white; border: 0px #F0F0F0 solid; padding:0px 4px 0px 4px\" class=\"hierarchy\"/><td style=\"vertical-align: top; text-align : left; background-color: white; border: 0px #F0F0F0 solid; padding:0px 4px 0px 4px\" class=\"hierarchy\">0..1</td><td style=\"vertical-align: top; text-align : left; background-color: white; border: 0px #F0F0F0 solid; padding:0px 4px 0px 4px\" class=\"hierarchy\"><a href=\"http://hl7.org/fhir/STU3/datatypes.html#Period\">Period</a></td><td style=\"vertical-align: top; text-align : left; background-color: white; border: 0px #F0F0F0 solid; padding:0px 4px 0px 4px\" class=\"hierarchy\">Data da linha da receita [DATA VALIDADE LINHA]</td></tr>\r\n<tr style=\"border: 0px #F0F0F0 solid; padding:0px; vertical-align: top; background-color: #F7F7F7\"><td style=\"vertical-align: top; text-align : left; background-color: #F7F7F7; border: 0px #F0F0F0 solid; padding:0px 4px 0px 4px; white-space: nowrap; background-image: url(tbl_bck000.png)\" class=\"hierarchy\"><img src=\"tbl_spacer.png\" alt=\".\" style=\"background-color: inherit\" class=\"hierarchy\"/><img src=\"tbl_blank.png\" alt=\".\" style=\"background-color: inherit\" class=\"hierarchy\"/><img src=\"tbl_vjoin_end.png\" alt=\".\" style=\"background-color: inherit\" class=\"hierarchy\"/><img src=\"icon_reference.png\" alt=\".\" style=\"background-color: #F7F7F7; background-color: inherit\" title=\"Reference to another Resource\" class=\"hierarchy\"/> <a href=\"StructureDefinition-content-response-profile-definitions.html#RequestGroup.action.resource\">resource</a><a name=\"RequestGroup.action.resource\"> </a></td><td style=\"vertical-align: top; text-align : left; background-color: #F7F7F7; border: 0px #F0F0F0 solid; padding:0px 4px 0px 4px\" class=\"hierarchy\"/><td style=\"vertical-align: top; text-align : left; background-color: #F7F7F7; border: 0px #F0F0F0 solid; padding:0px 4px 0px 4px\" class=\"hierarchy\"><span style=\"opacity: 0.5\">0</span><span style=\"opacity: 0.5\">..</span><span style=\"opacity: 0.5\">1</span></td><td style=\"vertical-align: top; text-align : left; background-color: #F7F7F7; border: 0px #F0F0F0 solid; padding:0px 4px 0px 4px\" class=\"hierarchy\"><a href=\"http://hl7.org/fhir/STU3/references.html\">Reference</a>(<a href=\"StructureDefinition-med-request-profile.html\">Perfil informação de receita</a>)</td><td style=\"vertical-align: top; text-align : left; background-color: #F7F7F7; border: 0px #F0F0F0 solid; padding:0px 4px 0px 4px\" class=\"hierarchy\">Referência para um resource que contém informações da linha da receita</td></tr>\r\n<tr><td colspan=\"5\" class=\"hierarchy\"><br/><a href=\"https://build.fhir.org/ig/FHIR/ig-guidance/readingIgs.html#table-views\" title=\"Legend for this format\"><img src=\"http://hl7.org/fhir/STU3/help16.png\" alt=\"doco\" style=\"background-color: inherit\"/> Documentation for this format</a></td></tr></table></div>"},"extension":[{"url":"http://hl7.org/fhir/StructureDefinition/structuredefinition-category","valueString":"Clinical.Care Provision"},{"url":"http://hl7.org/fhir/StructureDefinition/structuredefinition-security-category","valueCode":"business"}],"url":"http://example.com/fhir/example/StructureDefinition/content-response-profile","version":"0.1.0-test","name":"PEMHRequestGroupResponse","title":"Perfil Conteudo Receita","status":"active","date":"2023-02-10T09:10:53+00:00","publisher":"HL7 TC","contact":[{"telecom":[{"system":"url","value":"xxxhttp://hl7.org/Special/committees/[something]"}]}],"description":"Este recurso representa o retorno da receita quando ocorre o sucesso na recepção/processamento da mensagem. Para além disso, esse recurso contêm elementos que compõem a receita gerados somente no retorno da receita, como o \"Número Central da\nReceita\" e o \"Pin da Receita\".","jurisdiction":[{"coding":[{"system":"http://unstats.un.org/unsd/methods/m49/m49.htm","code":"001"}]}],"fhirVersion":"3.0.2","mapping":[{"identity":"workflow","uri":"http://hl7.org/fhir/workflow","name":"Workflow Pattern"},{"identity":"w5","uri":"http://hl7.org/fhir/fivews","name":"FiveWs Pattern Mapping"},{"identity":"rim","uri":"http://hl7.org/v3","name":"RIM Mapping"},{"identity":"w5","uri":"http://hl7.org/fhir/w5","name":"W5 Mapping"}],"kind":"resource","abstract":false,"type":"RequestGroup","baseDefinition":"http://hl7.org/fhir/StructureDefinition/RequestGroup","derivation":"constraint","snapshot":{"element":[{"id":"RequestGroup","path":"RequestGroup","short":"A group of related requests","definition":"A group of related requests that can be used to capture intended activities that have inter-dependencies such as \"give this medication after that one\".","min":0,"max":"*","base":{"path":"RequestGroup","min":0,"max":"*"},"mapping":[{"identity":"rim","map":"Entity. Role, or Act"},{"identity":"workflow","map":"Request"},{"identity":"w5","map":"clinical.general"}]},{"id":"RequestGroup.id","path":"RequestGroup.id","short":"ID lógico do pedido de referenciação no contexto FHIR","definition":"The logical id of the resource, as used in the URL for the resource. Once assigned, this value never changes.","comment":"The only time that a resource does not have an id is when it is being submitted to the server using a create operation.","min":0,"max":"1","base":{"path":"Resource.id","min":0,"max":"1"},"type":[{"code":"id"}],"isSummary":true},{"id":"RequestGroup.meta","path":"RequestGroup.meta","short":"Metadata about the resource","definition":"The metadata about the resource. This is content that is maintained by the infrastructure. Changes to the content may not always be associated with version changes to the resource.","min":0,"max":"1","base":{"path":"Resource.meta","min":0,"max":"1"},"type":[{"code":"Meta"}],"isSummary":true},{"id":"RequestGroup.meta.id","path":"RequestGroup.meta.id","representation":["xmlAttr"],"short":"xml:id (or equivalent in JSON)","definition":"unique id for the element within a resource (for internal references). This may be any string value that does not contain spaces.","min":0,"max":"1","base":{"path":"Element.id","min":0,"max":"1"},"type":[{"code":"string"}],"mapping":[{"identity":"rim","map":"n/a"}]},{"id":"RequestGroup.meta.extension","path":"RequestGroup.meta.extension","slicing":{"discriminator":[{"type":"value","path":"url"}],"description":"Extensions are always sliced by (at least) url","rules":"open"},"short":"Additional Content defined by implementations","definition":"May be used to represent additional information that is not part of the basic definition of the element. In order to make the use of extensions safe and manageable, there is a strict set of governance  applied to the definition and use of extensions. Though any implementer is allowed to define an extension, there is a set of requirements that SHALL be met as part of the definition of the extension.","comment":"There can be no stigma associated with the use of extensions by any application, project, or standard - regardless of the institution or jurisdiction that uses or defines the extensions.  The use of extensions is what allows the FHIR specification to retain a core level of simplicity for everyone.","alias":["extensions","user content"],"min":0,"max":"*","base":{"path":"Element.extension","min":0,"max":"*"},"type":[{"code":"Extension"}],"mapping":[{"identity":"rim","map":"n/a"}]},{"id":"RequestGroup.meta.versionId","path":"RequestGroup.meta.versionId","short":"Version specific identifier","definition":"The version specific identifier, as it appears in the version portion of the URL. This values changes when the resource is created, updated, or deleted.","comment":"The server assigns this value, and ignores what the client specifies, except in the case that the server is imposing version integrity on updates/deletes.","min":0,"max":"1","base":{"path":"Meta.versionId","min":0,"max":"1"},"type":[{"code":"id"}],"isSummary":true},{"id":"RequestGroup.meta.lastUpdated","path":"RequestGroup.meta.lastUpdated","short":"Indica a data da última alteração desse recurso.","definition":"When the resource last changed - e.g. when the version changed.","comment":"This value is always populated except when the resource is first being created. The server / resource manager sets this value; what a client provides is irrelevant.","min":0,"max":"1","base":{"path":"Meta.lastUpdated","min":0,"max":"1"},"type":[{"code":"instant"}],"isSummary":true},{"id":"RequestGroup.meta.profile","path":"RequestGroup.meta.profile","short":"Profiles this resource claims to conform to","definition":"A list of profiles (references to [StructureDefinition](http://hl7.org/fhir/STU3/structuredefinition.html#) resources) that this resource claims to conform to. The URL is a reference to [StructureDefinition.url]().","comment":"It is up to the server and/or other infrastructure of policy to determine whether/how these claims are verified and/or updated over time.  The list of profile URLs is a set.","min":0,"max":"*","base":{"path":"Meta.profile","min":0,"max":"*"},"type":[{"code":"uri"}],"isSummary":true},{"id":"RequestGroup.meta.security","path":"RequestGroup.meta.security","short":"Security Labels applied to this resource","definition":"Security labels applied to this resource. These tags connect specific resources to the overall security policy and infrastructure.","comment":"The security labels can be updated without changing the stated version of the resource  The list of security labels is a set. Uniqueness is based the system/code, and version and display are ignored.","min":0,"max":"*","base":{"path":"Meta.security","min":0,"max":"*"},"type":[{"code":"Coding"}],"isSummary":true,"binding":{"extension":[{"url":"http://hl7.org/fhir/StructureDefinition/elementdefinition-bindingName","valueString":"SecurityLabels"},{"url":"http://hl7.org/fhir/StructureDefinition/elementdefinition-isCommonBinding","valueBoolean":true}],"strength":"extensible","description":"Security Labels from the Healthcare Privacy and Security Classification System.","valueSetReference":{"reference":"http://hl7.org/fhir/ValueSet/security-labels"}}},{"id":"RequestGroup.meta.tag","path":"RequestGroup.meta.tag","short":"Tags applied to this resource","definition":"Tags applied to this resource. Tags are intended to be used to identify and relate resources to process and workflow, and applications are not required to consider the tags when interpreting the meaning of a resource.","comment":"The tags can be updated without changing the stated version of the resource.  The list of tags is a set. Uniqueness is based the system/code, and version and display are ignored.","min":0,"max":"*","base":{"path":"Meta.tag","min":0,"max":"*"},"type":[{"code":"Coding"}],"isSummary":true,"binding":{"extension":[{"url":"http://hl7.org/fhir/StructureDefinition/elementdefinition-bindingName","valueString":"Tags"}],"strength":"example","description":"Codes that represent various types of tags, commonly workflow-related; e.g. \"Needs review by Dr. Jones\"","valueSetReference":{"reference":"http://hl7.org/fhir/ValueSet/common-tags"}}},{"id":"RequestGroup.implicitRules","path":"RequestGroup.implicitRules","short":"A set of rules under which this content was created","definition":"A reference to a set of rules that were followed when the resource was constructed, and which must be understood when processing the content.","comment":"Asserting this rule set restricts the content to be only understood by a limited set of trading partners. This inherently limits the usefulness of the data in the long term. However, the existing health eco-system is highly fractured, and not yet ready to define, collect, and exchange data in a generally computable sense. Wherever possible, implementers and/or specification writers should avoid using this element. \n\nThis element is labelled as a modifier because the implicit rules may provide additional knowledge about the resource that modifies it's meaning or interpretation.","min":0,"max":"1","base":{"path":"Resource.implicitRules","min":0,"max":"1"},"type":[{"code":"uri"}],"isModifier":true,"isSummary":true},{"id":"RequestGroup.language","path":"RequestGroup.language","short":"Language of the resource content","definition":"The base language in which the resource is written.","comment":"Language is provided to support indexing and accessibility (typically, services such as text to speech use the language tag). The html language tag in the narrative applies  to the narrative. The language tag on the resource may be used to specify the language of other presentations generated from the data in the resource  Not all the content has to be in the base language. The Resource.language should not be assumed to apply to the narrative automatically. If a language is specified, it should it also be specified on the div element in the html (see rules in HTML5 for information about the relationship between xml:lang and the html lang attribute).","min":0,"max":"1","base":{"path":"Resource.language","min":0,"max":"1"},"type":[{"code":"code"}],"binding":{"extension":[{"url":"http://hl7.org/fhir/StructureDefinition/elementdefinition-maxValueSet","valueReference":{"reference":"http://hl7.org/fhir/ValueSet/all-languages"}},{"url":"http://hl7.org/fhir/StructureDefinition/elementdefinition-bindingName","valueString":"Language"},{"url":"http://hl7.org/fhir/StructureDefinition/elementdefinition-isCommonBinding","valueBoolean":true}],"strength":"extensible","description":"A human language.","valueSetReference":{"reference":"http://hl7.org/fhir/ValueSet/languages"}}},{"id":"RequestGroup.text","path":"RequestGroup.text","short":"Text summary of the resource, for human interpretation","definition":"A human-readable narrative that contains a summary of the resource, and may be used to represent the content of the resource to a human. The narrative need not encode all the structured data, but is required to contain sufficient detail to make it \"clinically safe\" for a human to just read the narrative. Resource definitions may define what content should be represented in the narrative to ensure clinical safety.","comment":"Contained resources do not have narrative. Resources that are not contained SHOULD have a narrative. In some cases, a resource may only have text with little or no additional discrete data (as long as all minOccurs=1 elements are satisfied).  This may be necessary for data from legacy systems where information is captured as a \"text blob\" or where text is additionally entered raw or narrated and encoded in formation is added later.","alias":["narrative","html","xhtml","display"],"min":0,"max":"1","base":{"path":"DomainResource.text","min":0,"max":"1"},"type":[{"code":"Narrative"}],"condition":["dom-1"],"mapping":[{"identity":"rim","map":"Act.text?"}]},{"id":"RequestGroup.contained","path":"RequestGroup.contained","short":"Contained, inline Resources","definition":"These resources do not have an independent existence apart from the resource that contains them - they cannot be identified independently, and nor can they have their own independent transaction scope.","comment":"This should never be done when the content can be identified properly, as once identification is lost, it is extremely difficult (and context dependent) to restore it again.","alias":["inline resources","anonymous resources","contained resources"],"min":0,"max":"*","base":{"path":"DomainResource.contained","min":0,"max":"*"},"type":[{"code":"Resource"}],"mapping":[{"identity":"rim","map":"N/A"}]},{"id":"RequestGroup.extension","path":"RequestGroup.extension","slicing":{"discriminator":[{"type":"value","path":"url"}],"rules":"open"},"short":"Extension","definition":"An Extension","min":0,"max":"*","base":{"path":"DomainResource.extension","min":0,"max":"*"},"type":[{"code":"Extension"}],"mustSupport":true},{"id":"RequestGroup.extension:duplicateOrder","path":"RequestGroup.extension","sliceName":"duplicateOrder","short":"Extensão para indicar a via da receita prescrita","definition":"An Extension","min":0,"max":"1","base":{"path":"DomainResource.extension","min":0,"max":"*"},"type":[{"code":"Extension","profile":"http://spms.min-saude.pt/iop/extensions/prescription-duplicate"}]},{"id":"RequestGroup.extension:MeaningOrder","path":"RequestGroup.extension","sliceName":"MeaningOrder","short":"Extensão sobre a Modalidade de Prescrição. Receita com papel (RCP) ou receita sem papel (RSP) [MODALIDADE DE PRESCRIÇÃO]","definition":"An Extension","min":0,"max":"1","base":{"path":"DomainResource.extension","min":0,"max":"*"},"type":[{"code":"Extension","profile":"http://spms.min-saude/pe/top/extensions/med-request-modality"}]},{"id":"RequestGroup.modifierExtension","path":"RequestGroup.modifierExtension","short":"Extensions that cannot be ignored","definition":"May be used to represent additional information that is not part of the basic definition of the resource, and that modifies the understanding of the element that contains it. Usually modifier elements provide negation or qualification. In order to make the use of extensions safe and manageable, there is a strict set of governance applied to the definition and use of extensions. Though any implementer is allowed to define an extension, there is a set of requirements that SHALL be met as part of the definition of the extension. Applications processing a resource are required to check for modifier extensions.","comment":"There can be no stigma associated with the use of extensions by any application, project, or standard - regardless of the institution or jurisdiction that uses or defines the extensions.  The use of extensions is what allows the FHIR specification to retain a core level of simplicity for everyone.","alias":["extensions","user content"],"min":0,"max":"*","base":{"path":"DomainResource.modifierExtension","min":0,"max":"*"},"type":[{"code":"Extension"}],"isModifier":true,"mapping":[{"identity":"rim","map":"N/A"}]},{"id":"RequestGroup.identifier","path":"RequestGroup.identifier","short":"Business identifier","definition":"Allows a service to provide a unique, business identifier for the request.","requirements":"Allows identification of the request as it is known by various participating systems and in a way that remains consistent across servers.","min":0,"max":"*","base":{"path":"RequestGroup.identifier","min":0,"max":"*"},"type":[{"code":"Identifier"}],"isSummary":true,"mapping":[{"identity":"workflow","map":"Request.identifier"},{"identity":"w5","map":"id"}]},{"id":"RequestGroup.definition","path":"RequestGroup.definition","short":"Instantiates protocol or definition","definition":"A protocol, guideline, orderset or other definition that is adhered to in whole or in part by this request.","min":0,"max":"*","base":{"path":"RequestGroup.definition","min":0,"max":"*"},"type":[{"code":"Reference","targetProfile":"http://hl7.org/fhir/StructureDefinition/Resource"}],"mapping":[{"identity":"workflow","map":"Request.identifier"}]},{"id":"RequestGroup.basedOn","path":"RequestGroup.basedOn","short":"Fulfills plan, proposal, or order","definition":"A plan, proposal or order that is fulfilled in whole or in part by this request.","requirements":"Allows tracing of authorization for the request and tracking whether proposals/recommendations were acted upon.","alias":["fulfills"],"min":0,"max":"*","base":{"path":"RequestGroup.basedOn","min":0,"max":"*"},"type":[{"code":"Reference","targetProfile":"http://hl7.org/fhir/StructureDefinition/Resource"}],"mapping":[{"identity":"workflow","map":"Request.basedOn"}]},{"id":"RequestGroup.replaces","path":"RequestGroup.replaces","short":"Request(s) replaced by this request","definition":"Completed or terminated request(s) whose function is taken by this new request.","comment":"The replacement could be because the initial request was immediately rejected (due to an issue) or because the previous request was completed, but the need for the action described by the request remains ongoing.","requirements":"Allows tracing the continuation of a therapy or administrative process instantiated through multiple requests.","alias":["supersedes","prior","renewed order"],"min":0,"max":"*","base":{"path":"RequestGroup.replaces","min":0,"max":"*"},"type":[{"code":"Reference","targetProfile":"http://hl7.org/fhir/StructureDefinition/Resource"}],"mapping":[{"identity":"workflow","map":"Request.replaces"}]},{"id":"RequestGroup.groupIdentifier","path":"RequestGroup.groupIdentifier","short":"Identificador local da prescrição. NÚMERO RECEITA LOCAL","definition":"A shared identifier common to all requests that were authorized more or less simultaneously by a single author, representing the identifier of the requisition, prescription or similar form.","comment":"Requests are linked either by a \"basedOn\" relationship (i.e. one request is fulfilling another) or by having a common requisition.  Requests that are part of the same requisition are generally treated independently from the perspective of changing their state or maintaining them after initial creation.","requirements":"Some business processes need to know if multiple items were ordered as part of the same \"prescription\" or \"requisition\" for billing or other purposes.","alias":["grouperid","requisition"],"min":1,"max":"1","base":{"path":"RequestGroup.groupIdentifier","min":0,"max":"1"},"type":[{"code":"Identifier"}],"mustSupport":true,"isSummary":true,"mapping":[{"identity":"workflow","map":"Request.groupIdentifier"}]},{"id":"RequestGroup.status","path":"RequestGroup.status","short":"A prescrição é criada com status active. Status para a anulação / cancelamento da prescrição: cancelled.","definition":"The current state of the request. For request groups, the status reflects the status of all the requests in the group.","comment":"This element is labeled as a modifier because the status contains codes that mark the resource as not currently valid.","min":1,"max":"1","base":{"path":"RequestGroup.status","min":1,"max":"1"},"type":[{"code":"code"}],"mustSupport":true,"isModifier":true,"isSummary":true,"binding":{"extension":[{"url":"http://hl7.org/fhir/StructureDefinition/elementdefinition-bindingName","valueString":"RequestStatus"}],"strength":"required","description":"Codes identifying the stage lifecycle stage of a request","valueSetReference":{"reference":"http://hl7.org/fhir/ValueSet/request-status"}},"mapping":[{"identity":"workflow","map":"Request.status"},{"identity":"w5","map":"status"}]},{"id":"RequestGroup.intent","path":"RequestGroup.intent","short":"proposal | plan | order","definition":"Indicates the level of authority/intentionality associated with the request and where the request fits into the workflow chain.","comment":"This element is labeled as a modifier because the intent alters when and how the resource is actually applicable.","requirements":"Proposals/recommendations, plans and orders all use the same structure and can exist in the same fulfillment chain.","alias":["category"],"min":1,"max":"1","base":{"path":"RequestGroup.intent","min":1,"max":"1"},"type":[{"code":"code"}],"patternCode":"order","isModifier":true,"isSummary":true,"binding":{"extension":[{"url":"http://hl7.org/fhir/StructureDefinition/elementdefinition-bindingName","valueString":"RequestIntent"}],"strength":"required","description":"Codes indicating the degree of authority/intentionality associated with a request","valueSetReference":{"reference":"http://hl7.org/fhir/ValueSet/request-intent"}},"mapping":[{"identity":"workflow","map":"Request.intent"},{"identity":"w5","map":"class"}]},{"id":"RequestGroup.priority","path":"RequestGroup.priority","short":"routine | urgent | asap | stat","definition":"Indicates how quickly the request should be addressed with respect to other requests.","min":0,"max":"1","base":{"path":"RequestGroup.priority","min":0,"max":"1"},"type":[{"code":"code"}],"meaningWhenMissing":"If missing, this request should be performed with normal priority","isSummary":true,"binding":{"extension":[{"url":"http://hl7.org/fhir/StructureDefinition/elementdefinition-bindingName","valueString":"RequestPriority"}],"strength":"required","description":"Identifies the level of importance to be assigned to actioning the request","valueSetReference":{"reference":"http://hl7.org/fhir/ValueSet/request-priority"}},"mapping":[{"identity":"workflow","map":"Request.priority"},{"identity":"w5","map":"grade"}]},{"id":"RequestGroup.subject","path":"RequestGroup.subject","short":"Who the request group is about","definition":"The subject for which the request group was created.","min":0,"max":"1","base":{"path":"RequestGroup.subject","min":0,"max":"1"},"type":[{"code":"Reference","targetProfile":"http://hl7.org/fhir/StructureDefinition/Patient"},{"code":"Reference","targetProfile":"http://hl7.org/fhir/StructureDefinition/Group"}],"mapping":[{"identity":"workflow","map":"Request.subject"},{"identity":"w5","map":"who.focus"}]},{"id":"RequestGroup.context","path":"RequestGroup.context","short":"Encounter or Episode for the request group","definition":"Describes the context of the request group, if any.","min":0,"max":"1","base":{"path":"RequestGroup.context","min":0,"max":"1"},"type":[{"code":"Reference","targetProfile":"http://hl7.org/fhir/StructureDefinition/Encounter"},{"code":"Reference","targetProfile":"http://hl7.org/fhir/StructureDefinition/EpisodeOfCare"}],"mapping":[{"identity":"workflow","map":"Request.context"},{"identity":"w5","map":"context"}]},{"id":"RequestGroup.authoredOn","path":"RequestGroup.authoredOn","short":"When the request group was authored","definition":"Indicates when the request group was created.","min":0,"max":"1","base":{"path":"RequestGroup.authoredOn","min":0,"max":"1"},"type":[{"code":"dateTime"}],"mapping":[{"identity":"workflow","map":"Request.authoredOn"},{"identity":"w5","map":"when.recorded"}]},{"id":"RequestGroup.author","path":"RequestGroup.author","short":"Device or practitioner that authored the request group","definition":"Provides a reference to the author of the request group.","min":0,"max":"1","base":{"path":"RequestGroup.author","min":0,"max":"1"},"type":[{"code":"Reference","targetProfile":"http://hl7.org/fhir/StructureDefinition/Device"},{"code":"Reference","targetProfile":"http://hl7.org/fhir/StructureDefinition/Practitioner"}],"mapping":[{"identity":"workflow","map":"Request.author"},{"identity":"w5","map":"who.author"}]},{"id":"RequestGroup.reason[x]","path":"RequestGroup.reason[x]","short":"Reason for the request group","definition":"Indicates the reason the request group was created. This is typically provided as a parameter to the evaluation and echoed by the service, although for some use cases, such as subscription- or event-based scenarios, it may provide an indication of the cause for the response.","min":0,"max":"1","base":{"path":"RequestGroup.reason[x]","min":0,"max":"1"},"type":[{"code":"CodeableConcept"},{"code":"Reference","targetProfile":"http://hl7.org/fhir/StructureDefinition/Resource"}],"mapping":[{"identity":"workflow","map":"Request.reason"},{"identity":"w5","map":"why"}]},{"id":"RequestGroup.note","path":"RequestGroup.note","short":"Additional notes about the response","definition":"Provides a mechanism to communicate additional information about the response.","min":0,"max":"*","base":{"path":"RequestGroup.note","min":0,"max":"*"},"type":[{"code":"Annotation"}],"mapping":[{"identity":"workflow","map":"Request.note"}]},{"id":"RequestGroup.action","path":"RequestGroup.action","short":"Proposed actions, if any","definition":"The actions, if any, produced by the evaluation of the artifact.","min":0,"max":"*","base":{"path":"RequestGroup.action","min":0,"max":"*"},"type":[{"code":"BackboneElement"}],"constraint":[{"extension":[{"url":"http://hl7.org/fhir/4.0/StructureDefinition/extension-ElementDefinition.constraint.xpath","valueString":"@value|f:*|h:div"}],"key":"ele-1","severity":"error","human":"All FHIR elements must have a @value or children","expression":"hasValue() | (children().count() > id.count())","xpath":"@value|f:*|h:div","source":"http://hl7.org/fhir/StructureDefinition/Element"},{"extension":[{"url":"http://hl7.org/fhir/4.0/StructureDefinition/extension-ElementDefinition.constraint.xpath","valueString":"exists(f:resource) != exists(f:action)"}],"key":"rqg-1","severity":"error","human":"Must have resource or action but not both","expression":"resource.exists() != action.exists()","xpath":"exists(f:resource) != exists(f:action)","source":"http://hl7.org/fhir/StructureDefinition/RequestGroup"}]},{"id":"RequestGroup.action.id","path":"RequestGroup.action.id","representation":["xmlAttr"],"short":"xml:id (or equivalent in JSON)","definition":"unique id for the element within a resource (for internal references). This may be any string value that does not contain spaces.","min":0,"max":"1","base":{"path":"Element.id","min":0,"max":"1"},"type":[{"code":"string"}],"mapping":[{"identity":"rim","map":"n/a"}]},{"id":"RequestGroup.action.extension","path":"RequestGroup.action.extension","short":"Additional Content defined by implementations","definition":"May be used to represent additional information that is not part of the basic definition of the element. In order to make the use of extensions safe and manageable, there is a strict set of governance  applied to the definition and use of extensions. Though any implementer is allowed to define an extension, there is a set of requirements that SHALL be met as part of the definition of the extension.","comment":"There can be no stigma associated with the use of extensions by any application, project, or standard - regardless of the institution or jurisdiction that uses or defines the extensions.  The use of extensions is what allows the FHIR specification to retain a core level of simplicity for everyone.","alias":["extensions","user content"],"min":0,"max":"*","base":{"path":"Element.extension","min":0,"max":"*"},"type":[{"code":"Extension"}],"mapping":[{"identity":"rim","map":"n/a"}]},{"id":"RequestGroup.action.modifierExtension","path":"RequestGroup.action.modifierExtension","short":"Extensions that cannot be ignored","definition":"May be used to represent additional information that is not part of the basic definition of the element, and that modifies the understanding of the element that contains it. Usually modifier elements provide negation or qualification. In order to make the use of extensions safe and manageable, there is a strict set of governance applied to the definition and use of extensions. Though any implementer is allowed to define an extension, there is a set of requirements that SHALL be met as part of the definition of the extension. Applications processing a resource are required to check for modifier extensions.","comment":"There can be no stigma associated with the use of extensions by any application, project, or standard - regardless of the institution or jurisdiction that uses or defines the extensions.  The use of extensions is what allows the FHIR specification to retain a core level of simplicity for everyone.","alias":["extensions","user content","modifiers"],"min":0,"max":"*","base":{"path":"BackboneElement.modifierExtension","min":0,"max":"*"},"type":[{"code":"Extension"}],"isModifier":true,"isSummary":true,"mapping":[{"identity":"rim","map":"N/A"}]},{"id":"RequestGroup.action.label","path":"RequestGroup.action.label","short":"User-visible label for the action (e.g. 1. or A.)","definition":"A user-visible label for the action.","min":0,"max":"1","base":{"path":"RequestGroup.action.label","min":0,"max":"1"},"type":[{"code":"string"}]},{"id":"RequestGroup.action.title","path":"RequestGroup.action.title","short":"User-visible title","definition":"The title of the action displayed to a user.","min":0,"max":"1","base":{"path":"RequestGroup.action.title","min":0,"max":"1"},"type":[{"code":"string"}]},{"id":"RequestGroup.action.description","path":"RequestGroup.action.description","short":"Short description of the action","definition":"A short description of the action used to provide a summary to display to the user.","min":0,"max":"1","base":{"path":"RequestGroup.action.description","min":0,"max":"1"},"type":[{"code":"string"}],"isSummary":true},{"id":"RequestGroup.action.textEquivalent","path":"RequestGroup.action.textEquivalent","short":"Static text equivalent of the action, used if the dynamic aspects cannot be interpreted by the receiving system","definition":"A text equivalent of the action to be performed. This provides a human-interpretable description of the action when the definition is consumed by a system that may not be capable of interpreting it dynamically.","min":0,"max":"1","base":{"path":"RequestGroup.action.textEquivalent","min":0,"max":"1"},"type":[{"code":"string"}],"isSummary":true},{"id":"RequestGroup.action.code","path":"RequestGroup.action.code","short":"Code representing the meaning of the action or sub-actions","definition":"A code that provides meaning for the action or action group. For example, a section may have a LOINC code for a the section of a documentation template.","min":0,"max":"*","base":{"path":"RequestGroup.action.code","min":0,"max":"*"},"type":[{"code":"CodeableConcept"}],"mapping":[{"identity":"workflow","map":"Request.code"}]},{"id":"RequestGroup.action.documentation","path":"RequestGroup.action.documentation","short":"Supporting documentation for the intended performer of the action","definition":"Didactic or other informational resources associated with the action that can be provided to the CDS recipient. Information resources can include inline text commentary and links to web resources.","min":0,"max":"*","base":{"path":"RequestGroup.action.documentation","min":0,"max":"*"},"type":[{"code":"RelatedArtifact"}],"mapping":[{"identity":"workflow","map":"Request.supportingInfo"}]},{"id":"RequestGroup.action.condition","path":"RequestGroup.action.condition","short":"Whether or not the action is applicable","definition":"An expression that describes applicability criteria, or start/stop conditions for the action.","min":0,"max":"*","base":{"path":"RequestGroup.action.condition","min":0,"max":"*"},"type":[{"code":"BackboneElement"}],"constraint":[{"extension":[{"url":"http://hl7.org/fhir/4.0/StructureDefinition/extension-ElementDefinition.constraint.xpath","valueString":"@value|f:*|h:div"}],"key":"ele-1","severity":"error","human":"All FHIR elements must have a @value or children","expression":"hasValue() | (children().count() > id.count())","xpath":"@value|f:*|h:div","source":"http://hl7.org/fhir/StructureDefinition/Element"}]},{"id":"RequestGroup.action.condition.id","path":"RequestGroup.action.condition.id","representation":["xmlAttr"],"short":"xml:id (or equivalent in JSON)","definition":"unique id for the element within a resource (for internal references). This may be any string value that does not contain spaces.","min":0,"max":"1","base":{"path":"Element.id","min":0,"max":"1"},"type":[{"code":"string"}],"mapping":[{"identity":"rim","map":"n/a"}]},{"id":"RequestGroup.action.condition.extension","path":"RequestGroup.action.condition.extension","short":"Additional Content defined by implementations","definition":"May be used to represent additional information that is not part of the basic definition of the element. In order to make the use of extensions safe and manageable, there is a strict set of governance  applied to the definition and use of extensions. Though any implementer is allowed to define an extension, there is a set of requirements that SHALL be met as part of the definition of the extension.","comment":"There can be no stigma associated with the use of extensions by any application, project, or standard - regardless of the institution or jurisdiction that uses or defines the extensions.  The use of extensions is what allows the FHIR specification to retain a core level of simplicity for everyone.","alias":["extensions","user content"],"min":0,"max":"*","base":{"path":"Element.extension","min":0,"max":"*"},"type":[{"code":"Extension"}],"mapping":[{"identity":"rim","map":"n/a"}]},{"id":"RequestGroup.action.condition.modifierExtension","path":"RequestGroup.action.condition.modifierExtension","short":"Extensions that cannot be ignored","definition":"May be used to represent additional information that is not part of the basic definition of the element, and that modifies the understanding of the element that contains it. Usually modifier elements provide negation or qualification. In order to make the use of extensions safe and manageable, there is a strict set of governance applied to the definition and use of extensions. Though any implementer is allowed to define an extension, there is a set of requirements that SHALL be met as part of the definition of the extension. Applications processing a resource are required to check for modifier extensions.","comment":"There can be no stigma associated with the use of extensions by any application, project, or standard - regardless of the institution or jurisdiction that uses or defines the extensions.  The use of extensions is what allows the FHIR specification to retain a core level of simplicity for everyone.","alias":["extensions","user content","modifiers"],"min":0,"max":"*","base":{"path":"BackboneElement.modifierExtension","min":0,"max":"*"},"type":[{"code":"Extension"}],"isModifier":true,"isSummary":true,"mapping":[{"identity":"rim","map":"N/A"}]},{"id":"RequestGroup.action.condition.kind","path":"RequestGroup.action.condition.kind","short":"applicability | start | stop","definition":"The kind of condition.","comment":"Applicability criteria are used to determine immediate applicability when a plan definition is applied to a given context. Start and stop criteria are carried through application and used to describe when enter/exit criteria for an action.","min":1,"max":"1","base":{"path":"RequestGroup.action.condition.kind","min":1,"max":"1"},"type":[{"code":"code"}],"binding":{"extension":[{"url":"http://hl7.org/fhir/StructureDefinition/elementdefinition-bindingName","valueString":"ActionConditionKind"}],"strength":"required","description":"The kind of condition for the action","valueSetReference":{"reference":"http://hl7.org/fhir/ValueSet/action-condition-kind"}}},{"id":"RequestGroup.action.condition.description","path":"RequestGroup.action.condition.description","short":"Natural language description of the condition","definition":"A brief, natural language description of the condition that effectively communicates the intended semantics.","min":0,"max":"1","base":{"path":"RequestGroup.action.condition.description","min":0,"max":"1"},"type":[{"code":"string"}]},{"id":"RequestGroup.action.condition.language","path":"RequestGroup.action.condition.language","short":"Language of the expression","definition":"The media type of the language for the expression.","min":0,"max":"1","base":{"path":"RequestGroup.action.condition.language","min":0,"max":"1"},"type":[{"code":"string"}]},{"id":"RequestGroup.action.condition.expression","path":"RequestGroup.action.condition.expression","short":"Boolean-valued expression","definition":"An expression that returns true or false, indicating whether or not the condition is satisfied.","comment":"The expression may be inlined, or may be a reference to a named expression within a logic library referenced by the library element.","min":0,"max":"1","base":{"path":"RequestGroup.action.condition.expression","min":0,"max":"1"},"type":[{"code":"string"}]},{"id":"RequestGroup.action.relatedAction","path":"RequestGroup.action.relatedAction","short":"Relationship to another action","definition":"A relationship to another action such as \"before\" or \"30-60 minutes after start of\".","min":0,"max":"*","base":{"path":"RequestGroup.action.relatedAction","min":0,"max":"*"},"type":[{"code":"BackboneElement"}],"constraint":[{"extension":[{"url":"http://hl7.org/fhir/4.0/StructureDefinition/extension-ElementDefinition.constraint.xpath","valueString":"@value|f:*|h:div"}],"key":"ele-1","severity":"error","human":"All FHIR elements must have a @value or children","expression":"hasValue() | (children().count() > id.count())","xpath":"@value|f:*|h:div","source":"http://hl7.org/fhir/StructureDefinition/Element"}]},{"id":"RequestGroup.action.relatedAction.id","path":"RequestGroup.action.relatedAction.id","representation":["xmlAttr"],"short":"xml:id (or equivalent in JSON)","definition":"unique id for the element within a resource (for internal references). This may be any string value that does not contain spaces.","min":0,"max":"1","base":{"path":"Element.id","min":0,"max":"1"},"type":[{"code":"string"}],"mapping":[{"identity":"rim","map":"n/a"}]},{"id":"RequestGroup.action.relatedAction.extension","path":"RequestGroup.action.relatedAction.extension","short":"Additional Content defined by implementations","definition":"May be used to represent additional information that is not part of the basic definition of the element. In order to make the use of extensions safe and manageable, there is a strict set of governance  applied to the definition and use of extensions. Though any implementer is allowed to define an extension, there is a set of requirements that SHALL be met as part of the definition of the extension.","comment":"There can be no stigma associated with the use of extensions by any application, project, or standard - regardless of the institution or jurisdiction that uses or defines the extensions.  The use of extensions is what allows the FHIR specification to retain a core level of simplicity for everyone.","alias":["extensions","user content"],"min":0,"max":"*","base":{"path":"Element.extension","min":0,"max":"*"},"type":[{"code":"Extension"}],"mapping":[{"identity":"rim","map":"n/a"}]},{"id":"RequestGroup.action.relatedAction.modifierExtension","path":"RequestGroup.action.relatedAction.modifierExtension","short":"Extensions that cannot be ignored","definition":"May be used to represent additional information that is not part of the basic definition of the element, and that modifies the understanding of the element that contains it. Usually modifier elements provide negation or qualification. In order to make the use of extensions safe and manageable, there is a strict set of governance applied to the definition and use of extensions. Though any implementer is allowed to define an extension, there is a set of requirements that SHALL be met as part of the definition of the extension. Applications processing a resource are required to check for modifier extensions.","comment":"There can be no stigma associated with the use of extensions by any application, project, or standard - regardless of the institution or jurisdiction that uses or defines the extensions.  The use of extensions is what allows the FHIR specification to retain a core level of simplicity for everyone.","alias":["extensions","user content","modifiers"],"min":0,"max":"*","base":{"path":"BackboneElement.modifierExtension","min":0,"max":"*"},"type":[{"code":"Extension"}],"isModifier":true,"isSummary":true,"mapping":[{"identity":"rim","map":"N/A"}]},{"id":"RequestGroup.action.relatedAction.actionId","path":"RequestGroup.action.relatedAction.actionId","short":"What action this is related to","definition":"The element id of the action this is related to.","min":1,"max":"1","base":{"path":"RequestGroup.action.relatedAction.actionId","min":1,"max":"1"},"type":[{"code":"id"}]},{"id":"RequestGroup.action.relatedAction.relationship","path":"RequestGroup.action.relatedAction.relationship","short":"before-start | before | before-end | concurrent-with-start | concurrent | concurrent-with-end | after-start | after | after-end","definition":"The relationship of this action to the related action.","min":1,"max":"1","base":{"path":"RequestGroup.action.relatedAction.relationship","min":1,"max":"1"},"type":[{"code":"code"}],"binding":{"extension":[{"url":"http://hl7.org/fhir/StructureDefinition/elementdefinition-bindingName","valueString":"ActionRelationshipType"}],"strength":"required","description":"Defines the types of relationships between actions","valueSetReference":{"reference":"http://hl7.org/fhir/ValueSet/action-relationship-type"}}},{"id":"RequestGroup.action.relatedAction.offset[x]","path":"RequestGroup.action.relatedAction.offset[x]","short":"Time offset for the relationship","definition":"A duration or range of durations to apply to the relationship. For example, 30-60 minutes before.","min":0,"max":"1","base":{"path":"RequestGroup.action.relatedAction.offset[x]","min":0,"max":"1"},"type":[{"code":"Duration"},{"code":"Range"}]},{"id":"RequestGroup.action.timing[x]","path":"RequestGroup.action.timing[x]","slicing":{"discriminator":[{"type":"type","path":"$this"}],"ordered":false,"rules":"closed"},"short":"When the action should take place","definition":"An optional value describing when the action should be performed.","min":0,"max":"1","base":{"path":"RequestGroup.action.timing[x]","min":0,"max":"1"},"type":[{"code":"Period"}],"mapping":[{"identity":"workflow","map":"Request.occurrence"}]},{"id":"RequestGroup.action.timing[x]:timingPeriod","path":"RequestGroup.action.timing[x]","sliceName":"timingPeriod","short":"Data da linha da receita [DATA VALIDADE LINHA]","definition":"An optional value describing when the action should be performed.","min":0,"max":"1","base":{"path":"RequestGroup.action.timing[x]","min":0,"max":"1"},"type":[{"code":"Period"}],"mapping":[{"identity":"workflow","map":"Request.occurrence"}]},{"id":"RequestGroup.action.participant","path":"RequestGroup.action.participant","short":"Who should perform the action","definition":"The participant that should perform or be responsible for this action.","min":0,"max":"*","base":{"path":"RequestGroup.action.participant","min":0,"max":"*"},"type":[{"code":"Reference","targetProfile":"http://hl7.org/fhir/StructureDefinition/Patient"},{"code":"Reference","targetProfile":"http://hl7.org/fhir/StructureDefinition/Person"},{"code":"Reference","targetProfile":"http://hl7.org/fhir/StructureDefinition/Practitioner"},{"code":"Reference","targetProfile":"http://hl7.org/fhir/StructureDefinition/RelatedPerson"}],"mapping":[{"identity":"workflow","map":"Request.performer"},{"identity":"w5","map":"who.actor"}]},{"id":"RequestGroup.action.type","path":"RequestGroup.action.type","short":"create | update | remove | fire-event","definition":"The type of action to perform (create, update, remove).","min":0,"max":"1","base":{"path":"RequestGroup.action.type","min":0,"max":"1"},"type":[{"code":"Coding"}],"binding":{"extension":[{"url":"http://hl7.org/fhir/StructureDefinition/elementdefinition-bindingName","valueString":"ActionType"}],"strength":"extensible","description":"The type of action to be performed","valueSetReference":{"reference":"http://hl7.org/fhir/ValueSet/action-type"}}},{"id":"RequestGroup.action.groupingBehavior","path":"RequestGroup.action.groupingBehavior","short":"visual-group | logical-group | sentence-group","definition":"Defines the grouping behavior for the action and its children.","min":0,"max":"1","base":{"path":"RequestGroup.action.groupingBehavior","min":0,"max":"1"},"type":[{"code":"code"}],"binding":{"extension":[{"url":"http://hl7.org/fhir/StructureDefinition/elementdefinition-bindingName","valueString":"ActionGroupingBehavior"}],"strength":"required","description":"Defines organization behavior of a group","valueSetReference":{"reference":"http://hl7.org/fhir/ValueSet/action-grouping-behavior"}}},{"id":"RequestGroup.action.selectionBehavior","path":"RequestGroup.action.selectionBehavior","short":"any | all | all-or-none | exactly-one | at-most-one | one-or-more","definition":"Defines the selection behavior for the action and its children.","min":0,"max":"1","base":{"path":"RequestGroup.action.selectionBehavior","min":0,"max":"1"},"type":[{"code":"code"}],"binding":{"extension":[{"url":"http://hl7.org/fhir/StructureDefinition/elementdefinition-bindingName","valueString":"ActionSelectionBehavior"}],"strength":"required","description":"Defines selection behavior of a group","valueSetReference":{"reference":"http://hl7.org/fhir/ValueSet/action-selection-behavior"}}},{"id":"RequestGroup.action.requiredBehavior","path":"RequestGroup.action.requiredBehavior","short":"must | could | must-unless-documented","definition":"Defines the requiredness behavior for the action.","min":0,"max":"1","base":{"path":"RequestGroup.action.requiredBehavior","min":0,"max":"1"},"type":[{"code":"code"}],"binding":{"extension":[{"url":"http://hl7.org/fhir/StructureDefinition/elementdefinition-bindingName","valueString":"ActionRequiredBehavior"}],"strength":"required","description":"Defines requiredness behavior for selecting an action or an action group","valueSetReference":{"reference":"http://hl7.org/fhir/ValueSet/action-required-behavior"}}},{"id":"RequestGroup.action.precheckBehavior","path":"RequestGroup.action.precheckBehavior","short":"yes | no","definition":"Defines whether the action should usually be preselected.","min":0,"max":"1","base":{"path":"RequestGroup.action.precheckBehavior","min":0,"max":"1"},"type":[{"code":"code"}],"binding":{"extension":[{"url":"http://hl7.org/fhir/StructureDefinition/elementdefinition-bindingName","valueString":"ActionPrecheckBehavior"}],"strength":"required","description":"Defines selection frequency behavior for an action or group","valueSetReference":{"reference":"http://hl7.org/fhir/ValueSet/action-precheck-behavior"}}},{"id":"RequestGroup.action.cardinalityBehavior","path":"RequestGroup.action.cardinalityBehavior","short":"single | multiple","definition":"Defines whether the action can be selected multiple times.","min":0,"max":"1","base":{"path":"RequestGroup.action.cardinalityBehavior","min":0,"max":"1"},"type":[{"code":"code"}],"binding":{"extension":[{"url":"http://hl7.org/fhir/StructureDefinition/elementdefinition-bindingName","valueString":"ActionCardinalityBehavior"}],"strength":"required","description":"Defines behavior for an action or a group for how many times that item may be repeated","valueSetReference":{"reference":"http://hl7.org/fhir/ValueSet/action-cardinality-behavior"}}},{"id":"RequestGroup.action.resource","path":"RequestGroup.action.resource","short":"Referência para um resource que contém informações da linha da receita","definition":"The resource that is the target of the action (e.g. CommunicationRequest).","comment":"The target resource SHALL be a [Request](request.html) resource with a Request.intent set to \"option\".","min":0,"max":"1","base":{"path":"RequestGroup.action.resource","min":0,"max":"1"},"type":[{"code":"Reference","targetProfile":"http://example.com/fhir/example/StructureDefinition/med-request-profile"}],"condition":["rqg-1"]},{"id":"RequestGroup.action.action","path":"RequestGroup.action.action","short":"Sub action","definition":"Sub actions.","min":0,"max":"*","base":{"path":"RequestGroup.action.action","min":0,"max":"*"},"contentReference":"http://hl7.org/fhir/StructureDefinition/RequestGroup#RequestGroup.action","condition":["rqg-1"]}]},"differential":{"element":[{"id":"RequestGroup","path":"RequestGroup"},{"id":"RequestGroup.id","path":"RequestGroup.id","short":"ID lógico do pedido de referenciação no contexto FHIR"},{"id":"RequestGroup.meta.lastUpdated","path":"RequestGroup.meta.lastUpdated","short":"Indica a data da última alteração desse recurso."},{"id":"RequestGroup.meta.profile","path":"RequestGroup.meta.profile"},{"id":"RequestGroup.extension","path":"RequestGroup.extension","slicing":{"discriminator":[{"type":"value","path":"url"}],"rules":"open"},"mustSupport":true},{"id":"RequestGroup.extension:duplicateOrder","path":"RequestGroup.extension","sliceName":"duplicateOrder","short":"Extensão para indicar a via da receita prescrita","min":0,"max":"1","type":[{"code":"Extension","profile":"http://spms.min-saude.pt/iop/extensions/prescription-duplicate"}]},{"id":"RequestGroup.extension:MeaningOrder","path":"RequestGroup.extension","sliceName":"MeaningOrder","short":"Extensão sobre a Modalidade de Prescrição. Receita com papel (RCP) ou receita sem papel (RSP) [MODALIDADE DE PRESCRIÇÃO]","min":0,"max":"1","type":[{"code":"Extension","profile":"http://spms.min-saude/pe/top/extensions/med-request-modality"}]},{"id":"RequestGroup.groupIdentifier","path":"RequestGroup.groupIdentifier","short":"Identificador local da prescrição. NÚMERO RECEITA LOCAL","min":1,"mustSupport":true},{"id":"RequestGroup.status","path":"RequestGroup.status","short":"A prescrição é criada com status active. Status para a anulação / cancelamento da prescrição: cancelled.","mustSupport":true},{"id":"RequestGroup.intent","path":"RequestGroup.intent","patternCode":"order"},{"id":"RequestGroup.action.timingPeriod","path":"RequestGroup.action.timingPeriod","short":"Data da linha da receita [DATA VALIDADE LINHA]","min":0,"max":"1","type":[{"code":"Period"}]},{"id":"RequestGroup.action.resource","path":"RequestGroup.action.resource","short":"Referência para um resource que contém informações da linha da receita","type":[{"code":"Reference","targetProfile":"http://example.com/fhir/example/StructureDefinition/med-request-profile"}]}]}}