<?xml version="1.0" encoding="UTF-8"?>

<Medication xmlns="http://hl7.org/fhir">
  <id value="a87cddf3-01de-4241-b9b2-7209f5f2bcab"/>
  <text>
    <status value="generated"/><div xmlns="http://www.w3.org/1999/xhtml"><p><b>Generated Narrative: Medication</b><a name="a87cddf3-01de-4241-b9b2-7209f5f2bcab"> </a></p><div style="display: inline-block; background-color: #d9e0e7; padding: 6px; margin: 4px; border: 1px solid #8da1b4; border-radius: 5px; line-height: 60%"><p style="margin-bottom: 0px">Resource Medication &quot;a87cddf3-01de-4241-b9b2-7209f5f2bcab&quot; </p></div><p><b>code</b>: Ibuprofeno 600 mg Comp <span style="background: LightGoldenRodYellow; margin: 4px; border: 1px solid khaki"> (infarmed.pt#10007274)</span></p><p><b>form</b>: Comprimido <span style="background: LightGoldenRodYellow; margin: 4px; border: 1px solid khaki"> (www.infarmed.pt#10219000)</span></p></div>
  </text>
  <code>
    <coding>
      <system value="http://infarmed.pt"/>
      <code value="10007274"/>
      <display value="Ibuprofeno 600 mg Comp"/>
    </coding>
  </code>
  <form>
    <coding>
      <system value="http://www.infarmed.pt"/>
      <code value="10219000"/>
      <display value="Comprimido"/>
    </coding>
  </form>
</Medication>