<?xml version="1.0" encoding="UTF-8"?>

<MedicationRequest xmlns="http://hl7.org/fhir">
  <id value="e22942f3-a461-40b9-8449-30f7a7e9d0d5"/>
  <meta>
    <lastUpdated value="2019-10-10T23:10:23+00:00"/>
  </meta>
  <text>
    <status value="generated"/><div xmlns="http://www.w3.org/1999/xhtml"><p><b>Generated Narrative: MedicationRequest</b><a name="e22942f3-a461-40b9-8449-30f7a7e9d0d5"> </a></p><div style="display: inline-block; background-color: #d9e0e7; padding: 6px; margin: 4px; border: 1px solid #8da1b4; border-radius: 5px; line-height: 60%"><p style="margin-bottom: 0px">Resource MedicationRequest "e22942f3-a461-40b9-8449-30f7a7e9d0d5" Updated "2019-10-10 11:10:23+0000" </p></div><p><b>status</b>: active</p><p><b>intent</b>: order</p><p><b>medication</b>: <a href="Medication/a87cddf3-01de-4241-b9b27209f5f2bcab">Medication/a87cddf3-01de-4241-b9b27209f5f2bcab</a></p><p><b>subject</b>: <a href="Patient/3616b380-01be-465a-aa29906337c6e7a4">Patient/3616b380-01be-465a-aa29906337c6e7a4</a></p><p><b>authoredOn</b>: 2019-07-14 11:10:23+0000</p><p><b>groupIdentifier</b>: id: 6789342</p><p><b>note</b>: Informação sobre a prescrição</p><blockquote><p><b>dosageInstruction</b></p><p><b>text</b>: 500 mg daily for 5 days</p><p><b>timing</b>: Starting 2019-07-16, Do Once, Until 2019-07-30</p><p><b>route</b>: Intravenous <span style="background: LightGoldenRodYellow; margin: 4px; border: 1px solid khaki"> (www.infarmed.pt#255560000)</span></p></blockquote><h3>DispenseRequests</h3><table class="grid"><tr><td>-</td><td><b>Quantity</b></td></tr><tr><td>*</td><td>30 TAB<span style="background: LightGoldenRodYellow"> (Details: https://www.infarmed.pt code TAB = 'TAB')</span></td></tr></table></div>
  </text>
  <status value="active"/>
  <intent value="order"/>
  <medicationReference>
    <reference value="Medication/a87cddf3-01de-4241-b9b27209f5f2bcab"/>
  </medicationReference>
  <subject>
    <reference value="Patient/3616b380-01be-465a-aa29906337c6e7a4"/>
  </subject>
  <authoredOn value="2019-07-14T23:10:23+00:00"/>
  <groupIdentifier>
    <system value="http://spms.min-saude.pt/his/&lt;id-rnuentidade&gt;/identifiers/local-prescription-id"/>
    <value value="6789342"/>
  </groupIdentifier>
  <note>
    <text value="Informação sobre a prescrição"/>
  </note>
  <dosageInstruction>
    <text value="500 mg daily for 5 days"/>
    <timing>
      <repeat>
        <boundsPeriod>
          <start value="2019-07-16"/>
          <end value="2019-07-30"/>
        </boundsPeriod>
        <timeOfDay value="09:00:00"/>
      </repeat>
    </timing>
    <route>
      <coding>
        <system value="http://www.infarmed.pt"/>
        <code value="255560000"/>
        <display value="Intravenous"/>
      </coding>
    </route>
    <doseAndRate>
      <doseQuantity>
        <value value="400"/>
        <unit value="mg"/>
        <system value="https://www.infarmed.pt"/>
        <code value="mg"/>
      </doseQuantity>
    </doseAndRate>
  </dosageInstruction>
  <dispenseRequest>
    <quantity>
      <value value="30"/>
      <unit value="TAB"/>
      <system value="https://www.infarmed.pt"/>
      <code value="TAB"/>
    </quantity>
  </dispenseRequest>
</MedicationRequest>