"Id","Path","Slice Name","Alias(s)","Label","Min","Max","Must Support?","Is Modifier?","Is Summary?","Type(s)","Short","Definition","Comments","Requirements","Default Value","Meaning When Missing","Fixed Value","Pattern","Example","Minimum Value","Maximum Value","Maximum Length","Binding Strength","Binding Description","Binding Value Set","Code","Slicing Discriminator","Slicing Description","Slicing Ordered","Slicing Rules","Base Path","Base Min","Base Max","Condition(s)","Constraint(s)","Mapping: Workflow Pattern","Mapping: FiveWs Pattern Mapping","Mapping: RIM Mapping","Mapping: W5 Mapping"
"RequestGroup","RequestGroup","","","",0,*,"","","","null {[]} {[]}
","A group of related requests","A group of related requests that can be used to capture intended activities that have inter-dependencies such as ""give this medication after that one"".","","","","","","","","","",,,,,"",,,,"RequestGroup",0,*,"","","Request","clinical.general","Entity. Role, or Act","clinical.general"
"RequestGroup.id","RequestGroup.id","","","",1,1,"","","Y","id {[]} {[]}
","Logical id of this artifact","The logical id of the resource, as used in the URL for the resource. Once assigned, this value never changes.","The only time that a resource does not have an id is when it is being submitted to the server using a create operation.","","","","","","","","",,,,,"",,,,"Resource.id",0,1,"",""
"RequestGroup.meta","RequestGroup.meta","","","",0,1,"","","Y","Meta {[]} {[]}
","Metadata about the resource","The metadata about the resource. This is content that is maintained by the infrastructure. Changes to the content may not always be associated with version changes to the resource.","","","","","","","","","",,,,,"",,,,"Resource.meta",0,1,"",""
"RequestGroup.meta.id","RequestGroup.meta.id","","","",0,1,"","","","string {[]} {[]}
","xml:id (or equivalent in JSON)","unique id for the element within a resource (for internal references). This may be any string value that does not contain spaces.","","","","","","","","","",,,,,"",,,,"Element.id",0,1,"","","n/a"
"RequestGroup.meta.extension","RequestGroup.meta.extension","","extensions
user content","",0,*,"","","","Extension {[]} {[]}
","Additional Content defined by implementations","May be used to represent additional information that is not part of the basic definition of the element. In order to make the use of extensions safe and manageable, there is a strict set of governance  applied to the definition and use of extensions. Though any implementer is allowed to define an extension, there is a set of requirements that SHALL be met as part of the definition of the extension.","There can be no stigma associated with the use of extensions by any application, project, or standard - regardless of the institution or jurisdiction that uses or defines the extensions.  The use of extensions is what allows the FHIR specification to retain a core level of simplicity for everyone.","","","","","","","","",,,,,"","value:url}
","Extensions are always sliced by (at least) url",,"open","Element.extension",0,*,"","","n/a"
"RequestGroup.meta.versionId","RequestGroup.meta.versionId","","","",0,1,"","","Y","id {[]} {[]}
","Version specific identifier","The version specific identifier, as it appears in the version portion of the URL. This values changes when the resource is created, updated, or deleted.","The server assigns this value, and ignores what the client specifies, except in the case that the server is imposing version integrity on updates/deletes.","","","","","","","","",,,,,"",,,,"Meta.versionId",0,1,"",""
"RequestGroup.meta.lastUpdated","RequestGroup.meta.lastUpdated","","","",0,1,"","","Y","instant {[]} {[]}
","When the resource version last changed","When the resource last changed - e.g. when the version changed.","This value is always populated except when the resource is first being created. The server / resource manager sets this value; what a client provides is irrelevant.","","","","","","","","",,,,,"",,,,"Meta.lastUpdated",0,1,"",""
"RequestGroup.meta.profile","RequestGroup.meta.profile","","","",0,*,"","","Y","uri {[]} {[]}
","Profiles this resource claims to conform to","A list of profiles (references to [StructureDefinition](http://hl7.org/fhir/STU3/structuredefinition.html#) resources) that this resource claims to conform to. The URL is a reference to [StructureDefinition.url]().","It is up to the server and/or other infrastructure of policy to determine whether/how these claims are verified and/or updated over time.  The list of profile URLs is a set.","","","","","","","","",,,,,"",,,,"Meta.profile",0,*,"",""
"RequestGroup.meta.security","RequestGroup.meta.security","","","",0,*,"","","Y","Coding {[]} {[]}
","Security Labels applied to this resource","Security labels applied to this resource. These tags connect specific resources to the overall security policy and infrastructure.","The security labels can be updated without changing the stated version of the resource  The list of security labels is a set. Uniqueness is based the system/code, and version and display are ignored.","","","","","","","","",,"extensible","Security Labels from the Healthcare Privacy and Security Classification System.","http://hl7.org/fhir/ValueSet/security-labels","",,,,"Meta.security",0,*,"",""
"RequestGroup.meta.tag","RequestGroup.meta.tag","","","",0,*,"","","Y","Coding {[]} {[]}
","Tags applied to this resource","Tags applied to this resource. Tags are intended to be used to identify and relate resources to process and workflow, and applications are not required to consider the tags when interpreting the meaning of a resource.","The tags can be updated without changing the stated version of the resource.  The list of tags is a set. Uniqueness is based the system/code, and version and display are ignored.","","","","","","","","",,"example","Codes that represent various types of tags, commonly workflow-related; e.g. ""Needs review by Dr. Jones""","http://hl7.org/fhir/ValueSet/common-tags","",,,,"Meta.tag",0,*,"",""
"RequestGroup.implicitRules","RequestGroup.implicitRules","","","",0,1,"","Y","Y","uri {[]} {[]}
","A set of rules under which this content was created","A reference to a set of rules that were followed when the resource was constructed, and which must be understood when processing the content.","Asserting this rule set restricts the content to be only understood by a limited set of trading partners. This inherently limits the usefulness of the data in the long term. However, the existing health eco-system is highly fractured, and not yet ready to define, collect, and exchange data in a generally computable sense. Wherever possible, implementers and/or specification writers should avoid using this element. 

This element is labelled as a modifier because the implicit rules may provide additional knowledge about the resource that modifies it's meaning or interpretation.","","","","","","","","",,,,,"",,,,"Resource.implicitRules",0,1,"",""
"RequestGroup.language","RequestGroup.language","","","",0,1,"","","","code {[]} {[]}
","Language of the resource content","The base language in which the resource is written.","Language is provided to support indexing and accessibility (typically, services such as text to speech use the language tag). The html language tag in the narrative applies  to the narrative. The language tag on the resource may be used to specify the language of other presentations generated from the data in the resource  Not all the content has to be in the base language. The Resource.language should not be assumed to apply to the narrative automatically. If a language is specified, it should it also be specified on the div element in the html (see rules in HTML5 for information about the relationship between xml:lang and the html lang attribute).","","","","","","","","",,"extensible","A human language.","http://hl7.org/fhir/ValueSet/languages","",,,,"Resource.language",0,1,"",""
"RequestGroup.text","RequestGroup.text","","narrative
htmlxhtmldisplay","",0,1,"","","","Narrative {[]} {[]}
","Text summary of the resource, for human interpretation","A human-readable narrative that contains a summary of the resource, and may be used to represent the content of the resource to a human. The narrative need not encode all the structured data, but is required to contain sufficient detail to make it ""clinically safe"" for a human to just read the narrative. Resource definitions may define what content should be represented in the narrative to ensure clinical safety.","Contained resources do not have narrative. Resources that are not contained SHOULD have a narrative. In some cases, a resource may only have text with little or no additional discrete data (as long as all minOccurs=1 elements are satisfied).  This may be necessary for data from legacy systems where information is captured as a ""text blob"" or where text is additionally entered raw or narrated and encoded in formation is added later.","","","","","","","","",,,,,"",,,,"DomainResource.text",0,1,"dom-1
","","Act.text?"
"RequestGroup.contained","RequestGroup.contained","","inline resources
anonymous resourcescontained resources","",0,*,"","","","Resource {[]} {[]}
","Contained, inline Resources","These resources do not have an independent existence apart from the resource that contains them - they cannot be identified independently, and nor can they have their own independent transaction scope.","This should never be done when the content can be identified properly, as once identification is lost, it is extremely difficult (and context dependent) to restore it again.","","","","","","","","",,,,,"",,,,"DomainResource.contained",0,*,"","","N/A"
"RequestGroup.extension","RequestGroup.extension","","","",0,*,"Y","","","Extension {[]} {[]}
","Extension","An Extension","","","","","","","","","",,,,,"","value:url}
","",,"open","DomainResource.extension",0,*,"",""
"RequestGroup.extension:duplicateOrder","RequestGroup.extension","duplicateOrder","","",0,1,"","","","Extension {[CanonicalType[http://spms.min-saude.pt/iop/extensions/prescription-duplicate]]} {[]}
","Extension","An Extension","","","","","","","","","",,,,,"",,,,"DomainResource.extension",0,*,"",""
"RequestGroup.extension:MeaningOrder","RequestGroup.extension","MeaningOrder","","",0,1,"","","","Extension {[CanonicalType[http://spms.min-saude/pe/top/extensions/med-request-modality]]} {[]}
","Extension","An Extension","","","","","","","","","",,,,,"",,,,"DomainResource.extension",0,*,"",""
"RequestGroup.modifierExtension","RequestGroup.modifierExtension","","extensions
user content","",0,*,"","Y","","Extension {[]} {[]}
","Extensions that cannot be ignored","May be used to represent additional information that is not part of the basic definition of the resource, and that modifies the understanding of the element that contains it. Usually modifier elements provide negation or qualification. In order to make the use of extensions safe and manageable, there is a strict set of governance applied to the definition and use of extensions. Though any implementer is allowed to define an extension, there is a set of requirements that SHALL be met as part of the definition of the extension. Applications processing a resource are required to check for modifier extensions.","There can be no stigma associated with the use of extensions by any application, project, or standard - regardless of the institution or jurisdiction that uses or defines the extensions.  The use of extensions is what allows the FHIR specification to retain a core level of simplicity for everyone.","","","","","","","","",,,,,"",,,,"DomainResource.modifierExtension",0,*,"","","N/A"
"RequestGroup.identifier","RequestGroup.identifier","","","",0,*,"","","Y","Identifier {[]} {[]}
","Business identifier","Allows a service to provide a unique, business identifier for the request.","","Allows identification of the request as it is known by various participating systems and in a way that remains consistent across servers.","","","","","","","",,,,,"",,,,"RequestGroup.identifier",0,*,"","","Request.identifier","id","id"
"RequestGroup.definition","RequestGroup.definition","","","",0,*,"","","","Reference {[]} {[CanonicalType[http://hl7.org/fhir/StructureDefinition/Resource]]}
","Instantiates protocol or definition","A protocol, guideline, orderset or other definition that is adhered to in whole or in part by this request.","","","","","","","","","",,,,,"",,,,"RequestGroup.definition",0,*,"","","Request.identifier"
"RequestGroup.basedOn","RequestGroup.basedOn","","fulfills
","",0,*,"","","","Reference {[]} {[CanonicalType[http://hl7.org/fhir/StructureDefinition/Resource]]}
","Fulfills plan, proposal, or order","A plan, proposal or order that is fulfilled in whole or in part by this request.","","Allows tracing of authorization for the request and tracking whether proposals/recommendations were acted upon.","","","","","","","",,,,,"",,,,"RequestGroup.basedOn",0,*,"","","Request.basedOn"
"RequestGroup.replaces","RequestGroup.replaces","","supersedes
priorrenewed order","",0,*,"","","","Reference {[]} {[CanonicalType[http://hl7.org/fhir/StructureDefinition/Resource]]}
","Request(s) replaced by this request","Completed or terminated request(s) whose function is taken by this new request.","The replacement could be because the initial request was immediately rejected (due to an issue) or because the previous request was completed, but the need for the action described by the request remains ongoing.","Allows tracing the continuation of a therapy or administrative process instantiated through multiple requests.","","","","","","","",,,,,"",,,,"RequestGroup.replaces",0,*,"","","Request.replaces"
"RequestGroup.groupIdentifier","RequestGroup.groupIdentifier","","grouperid
requisition","",1,1,"","","Y","Identifier {[]} {[]}
","Composite request this is part of","A shared identifier common to all requests that were authorized more or less simultaneously by a single author, representing the identifier of the requisition, prescription or similar form.","Requests are linked either by a ""basedOn"" relationship (i.e. one request is fulfilling another) or by having a common requisition.  Requests that are part of the same requisition are generally treated independently from the perspective of changing their state or maintaining them after initial creation.","Some business processes need to know if multiple items were ordered as part of the same ""prescription"" or ""requisition"" for billing or other purposes.","","","","","","","",,,,,"",,,,"RequestGroup.groupIdentifier",0,1,"","","Request.groupIdentifier"
"RequestGroup.status","RequestGroup.status","","","",1,1,"","Y","Y","code {[]} {[]}
","draft | active | suspended | cancelled | completed | entered-in-error | unknown","The current state of the request. For request groups, the status reflects the status of all the requests in the group.","This element is labeled as a modifier because the status contains codes that mark the resource as not currently valid.","","","","","","","","",,"required","Codes identifying the stage lifecycle stage of a request","http://hl7.org/fhir/ValueSet/request-status","",,,,"RequestGroup.status",1,1,"","","Request.status","status","status"
"RequestGroup.intent","RequestGroup.intent","","category
","",1,1,"","Y","Y","code {[]} {[]}
","proposal | plan | order","Indicates the level of authority/intentionality associated with the request and where the request fits into the workflow chain.","This element is labeled as a modifier because the intent alters when and how the resource is actually applicable.","Proposals/recommendations, plans and orders all use the same structure and can exist in the same fulfillment chain.","","","","<valueCode xmlns=""http://hl7.org/fhir"" value=""order""/>","","","",,"required","Codes indicating the degree of authority/intentionality associated with a request","http://hl7.org/fhir/ValueSet/request-intent","",,,,"RequestGroup.intent",1,1,"","","Request.intent","class","class"
"RequestGroup.priority","RequestGroup.priority","","","",0,1,"","","Y","code {[]} {[]}
","routine | urgent | asap | stat","Indicates how quickly the request should be addressed with respect to other requests.","","","","If missing, this request should be performed with normal priority","","","","","",,"required","Identifies the level of importance to be assigned to actioning the request","http://hl7.org/fhir/ValueSet/request-priority","",,,,"RequestGroup.priority",0,1,"","","Request.priority","grade","grade"
"RequestGroup.subject","RequestGroup.subject","","","",0,1,"","","","Reference {[]} {[CanonicalType[http://hl7.org/fhir/StructureDefinition/Patient], CanonicalType[http://hl7.org/fhir/StructureDefinition/Group]]}
","Who the request group is about","The subject for which the request group was created.","","","","","","","","","",,,,,"",,,,"RequestGroup.subject",0,1,"","","Request.subject","who.focus","who.focus"
"RequestGroup.context","RequestGroup.context","","","",0,1,"","","","Reference {[]} {[CanonicalType[http://hl7.org/fhir/StructureDefinition/Encounter], CanonicalType[http://hl7.org/fhir/StructureDefinition/EpisodeOfCare]]}
","Encounter or Episode for the request group","Describes the context of the request group, if any.","","","","","","","","","",,,,,"",,,,"RequestGroup.context",0,1,"","","Request.context","context","context"
"RequestGroup.authoredOn","RequestGroup.authoredOn","","","",0,1,"","","","dateTime {[]} {[]}
","When the request group was authored","Indicates when the request group was created.","","","","","","","","","",,,,,"",,,,"RequestGroup.authoredOn",0,1,"","","Request.authoredOn","when.recorded","when.recorded"
"RequestGroup.author","RequestGroup.author","","","",0,1,"","","","Reference {[]} {[CanonicalType[http://hl7.org/fhir/StructureDefinition/Device], CanonicalType[http://hl7.org/fhir/StructureDefinition/Practitioner]]}
","Device or practitioner that authored the request group","Provides a reference to the author of the request group.","","","","","","","","","",,,,,"",,,,"RequestGroup.author",0,1,"","","Request.author","who.author","who.author"
"RequestGroup.reason[x]","RequestGroup.reason[x]","","","",0,1,"","","","CodeableConcept {[]} {[]}
Reference {[]} {[CanonicalType[http://hl7.org/fhir/StructureDefinition/Resource]]}","Reason for the request group","Indicates the reason the request group was created. This is typically provided as a parameter to the evaluation and echoed by the service, although for some use cases, such as subscription- or event-based scenarios, it may provide an indication of the cause for the response.","","","","","","","","","",,,,,"",,,,"RequestGroup.reason[x]",0,1,"","","Request.reason","why","why"
"RequestGroup.note","RequestGroup.note","","","",0,*,"","","","Annotation {[]} {[]}
","Additional notes about the response","Provides a mechanism to communicate additional information about the response.","","","","","","","","","",,,,,"",,,,"RequestGroup.note",0,*,"","","Request.note"
"RequestGroup.action","RequestGroup.action","","","",0,*,"","","","BackboneElement {[]} {[]}
","Proposed actions, if any","The actions, if any, produced by the evaluation of the artifact.","","","","","","","","","",,,,,"",,,,"RequestGroup.action",0,*,"","ele-1:All FHIR elements must have a @value or children {hasValue() | (children().count() > id.count())}
rqg-1:Must have resource or action but not both {resource.exists() != action.exists()}"
"RequestGroup.action.id","RequestGroup.action.id","","","",0,1,"","","","string {[]} {[]}
","xml:id (or equivalent in JSON)","unique id for the element within a resource (for internal references). This may be any string value that does not contain spaces.","","","","","","","","","",,,,,"",,,,"Element.id",0,1,"","","n/a"
"RequestGroup.action.extension","RequestGroup.action.extension","","extensions
user content","",0,*,"","","","Extension {[]} {[]}
","Additional Content defined by implementations","May be used to represent additional information that is not part of the basic definition of the element. In order to make the use of extensions safe and manageable, there is a strict set of governance  applied to the definition and use of extensions. Though any implementer is allowed to define an extension, there is a set of requirements that SHALL be met as part of the definition of the extension.","There can be no stigma associated with the use of extensions by any application, project, or standard - regardless of the institution or jurisdiction that uses or defines the extensions.  The use of extensions is what allows the FHIR specification to retain a core level of simplicity for everyone.","","","","","","","","",,,,,"",,,,"Element.extension",0,*,"","","n/a"
"RequestGroup.action.modifierExtension","RequestGroup.action.modifierExtension","","extensions
user contentmodifiers","",0,*,"","Y","Y","Extension {[]} {[]}
","Extensions that cannot be ignored","May be used to represent additional information that is not part of the basic definition of the element, and that modifies the understanding of the element that contains it. Usually modifier elements provide negation or qualification. In order to make the use of extensions safe and manageable, there is a strict set of governance applied to the definition and use of extensions. Though any implementer is allowed to define an extension, there is a set of requirements that SHALL be met as part of the definition of the extension. Applications processing a resource are required to check for modifier extensions.","There can be no stigma associated with the use of extensions by any application, project, or standard - regardless of the institution or jurisdiction that uses or defines the extensions.  The use of extensions is what allows the FHIR specification to retain a core level of simplicity for everyone.","","","","","","","","",,,,,"",,,,"BackboneElement.modifierExtension",0,*,"","","N/A"
"RequestGroup.action.label","RequestGroup.action.label","","","",0,1,"","","","string {[]} {[]}
","User-visible label for the action (e.g. 1. or A.)","A user-visible label for the action.","","","","","","","","","",,,,,"",,,,"RequestGroup.action.label",0,1,"",""
"RequestGroup.action.title","RequestGroup.action.title","","","",0,1,"","","","string {[]} {[]}
","User-visible title","The title of the action displayed to a user.","","","","","","","","","",,,,,"",,,,"RequestGroup.action.title",0,1,"",""
"RequestGroup.action.description","RequestGroup.action.description","","","",0,1,"","","Y","string {[]} {[]}
","Short description of the action","A short description of the action used to provide a summary to display to the user.","","","","","","","","","",,,,,"",,,,"RequestGroup.action.description",0,1,"",""
"RequestGroup.action.textEquivalent","RequestGroup.action.textEquivalent","","","",0,1,"","","Y","string {[]} {[]}
","Static text equivalent of the action, used if the dynamic aspects cannot be interpreted by the receiving system","A text equivalent of the action to be performed. This provides a human-interpretable description of the action when the definition is consumed by a system that may not be capable of interpreting it dynamically.","","","","","","","","","",,,,,"",,,,"RequestGroup.action.textEquivalent",0,1,"",""
"RequestGroup.action.code","RequestGroup.action.code","","","",0,*,"","","","CodeableConcept {[]} {[]}
","Code representing the meaning of the action or sub-actions","A code that provides meaning for the action or action group. For example, a section may have a LOINC code for a the section of a documentation template.","","","","","","","","","",,,,,"",,,,"RequestGroup.action.code",0,*,"","","Request.code"
"RequestGroup.action.documentation","RequestGroup.action.documentation","","","",0,*,"","","","RelatedArtifact {[]} {[]}
","Supporting documentation for the intended performer of the action","Didactic or other informational resources associated with the action that can be provided to the CDS recipient. Information resources can include inline text commentary and links to web resources.","","","","","","","","","",,,,,"",,,,"RequestGroup.action.documentation",0,*,"","","Request.supportingInfo"
"RequestGroup.action.condition","RequestGroup.action.condition","","","",0,*,"","","","BackboneElement {[]} {[]}
","Whether or not the action is applicable","An expression that describes applicability criteria, or start/stop conditions for the action.","","","","","","","","","",,,,,"",,,,"RequestGroup.action.condition",0,*,"","ele-1:All FHIR elements must have a @value or children {hasValue() | (children().count() > id.count())}
"
"RequestGroup.action.condition.id","RequestGroup.action.condition.id","","","",0,1,"","","","string {[]} {[]}
","xml:id (or equivalent in JSON)","unique id for the element within a resource (for internal references). This may be any string value that does not contain spaces.","","","","","","","","","",,,,,"",,,,"Element.id",0,1,"","","n/a"
"RequestGroup.action.condition.extension","RequestGroup.action.condition.extension","","extensions
user content","",0,*,"","","","Extension {[]} {[]}
","Additional Content defined by implementations","May be used to represent additional information that is not part of the basic definition of the element. In order to make the use of extensions safe and manageable, there is a strict set of governance  applied to the definition and use of extensions. Though any implementer is allowed to define an extension, there is a set of requirements that SHALL be met as part of the definition of the extension.","There can be no stigma associated with the use of extensions by any application, project, or standard - regardless of the institution or jurisdiction that uses or defines the extensions.  The use of extensions is what allows the FHIR specification to retain a core level of simplicity for everyone.","","","","","","","","",,,,,"",,,,"Element.extension",0,*,"","","n/a"
"RequestGroup.action.condition.modifierExtension","RequestGroup.action.condition.modifierExtension","","extensions
user contentmodifiers","",0,*,"","Y","Y","Extension {[]} {[]}
","Extensions that cannot be ignored","May be used to represent additional information that is not part of the basic definition of the element, and that modifies the understanding of the element that contains it. Usually modifier elements provide negation or qualification. In order to make the use of extensions safe and manageable, there is a strict set of governance applied to the definition and use of extensions. Though any implementer is allowed to define an extension, there is a set of requirements that SHALL be met as part of the definition of the extension. Applications processing a resource are required to check for modifier extensions.","There can be no stigma associated with the use of extensions by any application, project, or standard - regardless of the institution or jurisdiction that uses or defines the extensions.  The use of extensions is what allows the FHIR specification to retain a core level of simplicity for everyone.","","","","","","","","",,,,,"",,,,"BackboneElement.modifierExtension",0,*,"","","N/A"
"RequestGroup.action.condition.kind","RequestGroup.action.condition.kind","","","",1,1,"","","","code {[]} {[]}
","applicability | start | stop","The kind of condition.","Applicability criteria are used to determine immediate applicability when a plan definition is applied to a given context. Start and stop criteria are carried through application and used to describe when enter/exit criteria for an action.","","","","","","","","",,"required","The kind of condition for the action","http://hl7.org/fhir/ValueSet/action-condition-kind","",,,,"RequestGroup.action.condition.kind",1,1,"",""
"RequestGroup.action.condition.description","RequestGroup.action.condition.description","","","",0,1,"","","","string {[]} {[]}
","Natural language description of the condition","A brief, natural language description of the condition that effectively communicates the intended semantics.","","","","","","","","","",,,,,"",,,,"RequestGroup.action.condition.description",0,1,"",""
"RequestGroup.action.condition.language","RequestGroup.action.condition.language","","","",0,1,"","","","string {[]} {[]}
","Language of the expression","The media type of the language for the expression.","","","","","","","","","",,,,,"",,,,"RequestGroup.action.condition.language",0,1,"",""
"RequestGroup.action.condition.expression","RequestGroup.action.condition.expression","","","",0,1,"","","","string {[]} {[]}
","Boolean-valued expression","An expression that returns true or false, indicating whether or not the condition is satisfied.","The expression may be inlined, or may be a reference to a named expression within a logic library referenced by the library element.","","","","","","","","",,,,,"",,,,"RequestGroup.action.condition.expression",0,1,"",""
"RequestGroup.action.relatedAction","RequestGroup.action.relatedAction","","","",0,*,"","","","BackboneElement {[]} {[]}
","Relationship to another action","A relationship to another action such as ""before"" or ""30-60 minutes after start of"".","","","","","","","","","",,,,,"",,,,"RequestGroup.action.relatedAction",0,*,"","ele-1:All FHIR elements must have a @value or children {hasValue() | (children().count() > id.count())}
"
"RequestGroup.action.relatedAction.id","RequestGroup.action.relatedAction.id","","","",0,1,"","","","string {[]} {[]}
","xml:id (or equivalent in JSON)","unique id for the element within a resource (for internal references). This may be any string value that does not contain spaces.","","","","","","","","","",,,,,"",,,,"Element.id",0,1,"","","n/a"
"RequestGroup.action.relatedAction.extension","RequestGroup.action.relatedAction.extension","","extensions
user content","",0,*,"","","","Extension {[]} {[]}
","Additional Content defined by implementations","May be used to represent additional information that is not part of the basic definition of the element. In order to make the use of extensions safe and manageable, there is a strict set of governance  applied to the definition and use of extensions. Though any implementer is allowed to define an extension, there is a set of requirements that SHALL be met as part of the definition of the extension.","There can be no stigma associated with the use of extensions by any application, project, or standard - regardless of the institution or jurisdiction that uses or defines the extensions.  The use of extensions is what allows the FHIR specification to retain a core level of simplicity for everyone.","","","","","","","","",,,,,"",,,,"Element.extension",0,*,"","","n/a"
"RequestGroup.action.relatedAction.modifierExtension","RequestGroup.action.relatedAction.modifierExtension","","extensions
user contentmodifiers","",0,*,"","Y","Y","Extension {[]} {[]}
","Extensions that cannot be ignored","May be used to represent additional information that is not part of the basic definition of the element, and that modifies the understanding of the element that contains it. Usually modifier elements provide negation or qualification. In order to make the use of extensions safe and manageable, there is a strict set of governance applied to the definition and use of extensions. Though any implementer is allowed to define an extension, there is a set of requirements that SHALL be met as part of the definition of the extension. Applications processing a resource are required to check for modifier extensions.","There can be no stigma associated with the use of extensions by any application, project, or standard - regardless of the institution or jurisdiction that uses or defines the extensions.  The use of extensions is what allows the FHIR specification to retain a core level of simplicity for everyone.","","","","","","","","",,,,,"",,,,"BackboneElement.modifierExtension",0,*,"","","N/A"
"RequestGroup.action.relatedAction.actionId","RequestGroup.action.relatedAction.actionId","","","",1,1,"","","","id {[]} {[]}
","What action this is related to","The element id of the action this is related to.","","","","","","","","","",,,,,"",,,,"RequestGroup.action.relatedAction.actionId",1,1,"",""
"RequestGroup.action.relatedAction.relationship","RequestGroup.action.relatedAction.relationship","","","",1,1,"","","","code {[]} {[]}
","before-start | before | before-end | concurrent-with-start | concurrent | concurrent-with-end | after-start | after | after-end","The relationship of this action to the related action.","","","","","","","","","",,"required","Defines the types of relationships between actions","http://hl7.org/fhir/ValueSet/action-relationship-type","",,,,"RequestGroup.action.relatedAction.relationship",1,1,"",""
"RequestGroup.action.relatedAction.offset[x]","RequestGroup.action.relatedAction.offset[x]","","","",0,1,"","","","Duration {[]} {[]}
Range {[]} {[]}","Time offset for the relationship","A duration or range of durations to apply to the relationship. For example, 30-60 minutes before.","","","","","","","","","",,,,,"",,,,"RequestGroup.action.relatedAction.offset[x]",0,1,"",""
"RequestGroup.action.timing[x]","RequestGroup.action.timing[x]","","","",0,1,"","","","dateTime {[]} {[]}
Period {[]} {[]}Duration {[]} {[]}Range {[]} {[]}Timing {[]} {[]}","When the action should take place","An optional value describing when the action should be performed.","","","","","","","","","",,,,,"",,,,"RequestGroup.action.timing[x]",0,1,"","","Request.occurrence"
"RequestGroup.action.participant","RequestGroup.action.participant","","","",0,*,"","","","Reference {[]} {[CanonicalType[http://hl7.org/fhir/StructureDefinition/Patient], CanonicalType[http://hl7.org/fhir/StructureDefinition/Person], CanonicalType[http://hl7.org/fhir/StructureDefinition/Practitioner], CanonicalType[http://hl7.org/fhir/StructureDefinition/RelatedPerson]]}
","Who should perform the action","The participant that should perform or be responsible for this action.","","","","","","","","","",,,,,"",,,,"RequestGroup.action.participant",0,*,"","","Request.performer","who.actor","who.actor"
"RequestGroup.action.type","RequestGroup.action.type","","","",0,1,"","","","Coding {[]} {[]}
","create | update | remove | fire-event","The type of action to perform (create, update, remove).","","","","","","","","","",,"extensible","The type of action to be performed","http://hl7.org/fhir/ValueSet/action-type","",,,,"RequestGroup.action.type",0,1,"",""
"RequestGroup.action.groupingBehavior","RequestGroup.action.groupingBehavior","","","",0,1,"","","","code {[]} {[]}
","visual-group | logical-group | sentence-group","Defines the grouping behavior for the action and its children.","","","","","","","","","",,"required","Defines organization behavior of a group","http://hl7.org/fhir/ValueSet/action-grouping-behavior","",,,,"RequestGroup.action.groupingBehavior",0,1,"",""
"RequestGroup.action.selectionBehavior","RequestGroup.action.selectionBehavior","","","",0,1,"","","","code {[]} {[]}
","any | all | all-or-none | exactly-one | at-most-one | one-or-more","Defines the selection behavior for the action and its children.","","","","","","","","","",,"required","Defines selection behavior of a group","http://hl7.org/fhir/ValueSet/action-selection-behavior","",,,,"RequestGroup.action.selectionBehavior",0,1,"",""
"RequestGroup.action.requiredBehavior","RequestGroup.action.requiredBehavior","","","",0,1,"","","","code {[]} {[]}
","must | could | must-unless-documented","Defines the requiredness behavior for the action.","","","","","","","","","",,"required","Defines requiredness behavior for selecting an action or an action group","http://hl7.org/fhir/ValueSet/action-required-behavior","",,,,"RequestGroup.action.requiredBehavior",0,1,"",""
"RequestGroup.action.precheckBehavior","RequestGroup.action.precheckBehavior","","","",0,1,"","","","code {[]} {[]}
","yes | no","Defines whether the action should usually be preselected.","","","","","","","","","",,"required","Defines selection frequency behavior for an action or group","http://hl7.org/fhir/ValueSet/action-precheck-behavior","",,,,"RequestGroup.action.precheckBehavior",0,1,"",""
"RequestGroup.action.cardinalityBehavior","RequestGroup.action.cardinalityBehavior","","","",0,1,"","","","code {[]} {[]}
","single | multiple","Defines whether the action can be selected multiple times.","","","","","","","","","",,"required","Defines behavior for an action or a group for how many times that item may be repeated","http://hl7.org/fhir/ValueSet/action-cardinality-behavior","",,,,"RequestGroup.action.cardinalityBehavior",0,1,"",""
"RequestGroup.action.resource","RequestGroup.action.resource","","","",0,1,"","","","Reference {[]} {[CanonicalType[http://hl7.org/fhir/StructureDefinition/Resource]]}
","The target of the action","The resource that is the target of the action (e.g. CommunicationRequest).","The target resource SHALL be a [Request](request.html) resource with a Request.intent set to ""option"".","","","","","","","","",,,,,"",,,,"RequestGroup.action.resource",0,1,"rqg-1
",""
"RequestGroup.action.action","RequestGroup.action.action","","","",0,*,"","","","","Sub action","Sub actions.","","","","","","","","","",,,,,"",,,,"RequestGroup.action.action",0,*,"rqg-1
",""
