{"resourceType":"ImplementationGuide","id":"xxxexample.fhir.uv.myig","text":{"status":"extensions","div":"<div xmlns=\"http://www.w3.org/1999/xhtml\"><h2>hl7-pt-pem-h</h2><p>The official URL for this implementation guide is: </p><pre>xxxhttp://somewhere.org/fhir/uv/myig/ImplementationGuide/example.fhir.uv.myig</pre><div><p>xxxA brief description of what this IG is about</p>\n</div></div>"},"url":"xxxhttp://somewhere.org/fhir/uv/myig/ImplementationGuide/example.fhir.uv.myig","version":"0.1.0-test","name":"hl7-pt-pem-h","status":"draft","experimental":false,"date":"2023-02-16T19:26:47+00:00","publisher":"HL7 TC","contact":[{"telecom":[{"system":"url","value":"xxxhttp://hl7.org/Special/committees/[something]"}]}],"description":"xxxA brief description of what this IG is about ","jurisdiction":[{"coding":[{"system":"http://unstats.un.org/unsd/methods/m49/m49.htm","code":"001"}]}],"fhirVersion":"3.0.2","dependency":[{"id":"hl7tx","extension":[{"url":"http://hl7.org/fhir/tools/StructureDefinition/implementationguide-dependency-comment","valueMarkdown":"Automatically added as a dependency - all IGs depend on HL7 Terminology"},{"url":"http://hl7.org/fhir/4.0/StructureDefinition/extension-ImplementationGuide.dependsOn.packageId","valueId":"hl7.terminology.r3"},{"url":"http://hl7.org/fhir/4.0/StructureDefinition/extension-ImplementationGuide.dependsOn.version","valueString":"5.0.0"}],"type":"reference","uri":"http://terminology.hl7.org/ImplementationGuide/hl7.terminology"}],"package":[{"id":"-str-profile","name":"Structures: Resource Profiles","description":"These define constraints on FHIR resources for systems conforming to this implementation guide.","resource":[{"extension":[{"url":"http://hl7.org/fhir/StructureDefinition/implementationguide-page","valueUri":"StructureDefinition-msh-response-profile.html"}],"example":false,"name":"Perfil Bundle de mensagem de resposta","description":"Este recurso deve ser a primeira entrada no Bundledas mensagens resposta de ACK de transporte e aplicacional, e deve trazer informação sobre o resultado da recepção ou processamento da mensagem pelo cliente destino.","sourceReference":{"reference":"StructureDefinition/msh-response-profile"}},{"extension":[{"url":"http://hl7.org/fhir/StructureDefinition/implementationguide-page","valueUri":"StructureDefinition-bundle-response-profile.html"}],"example":false,"name":"Perfil Bundle de mensagem de resposta","description":"O fluxo de prescrição de medicação é um fluxo síncronopara a aplicação emissora.","sourceReference":{"reference":"StructureDefinition/bundle-response-profile"}},{"extension":[{"url":"http://hl7.org/fhir/StructureDefinition/implementationguide-page","valueUri":"StructureDefinition-content-profile.html"}],"example":false,"name":"Perfil Conteudo Receita","description":"Este recurso representa a receita (Número da receita, local e central, número da linha e a data de validade ).","sourceReference":{"reference":"StructureDefinition/content-profile"}},{"extension":[{"url":"http://hl7.org/fhir/StructureDefinition/implementationguide-page","valueUri":"StructureDefinition-med-pemh-profile.html"}],"example":false,"name":"Perfil Medicação","description":"Este recurso representa o medicamento que é referenciado pelo recurso MedicationRequest.","sourceReference":{"reference":"StructureDefinition/med-pemh-profile"}},{"extension":[{"url":"http://hl7.org/fhir/StructureDefinition/implementationguide-page","valueUri":"StructureDefinition-patient-pemh-profile.html"}],"example":false,"name":"Perfil Paciente","description":"Utente a quem diz respeito a prescrição de medicação.","sourceReference":{"reference":"StructureDefinition/patient-pemh-profile"}},{"extension":[{"url":"http://hl7.org/fhir/StructureDefinition/implementationguide-page","valueUri":"StructureDefinition-msh-profile.html"}],"example":false,"name":"Perfil MessageHeader","description":"Este recurso deve ser a primeira entrada no Bundle e deve referenciar (focus) o recurso MedicationRequest.","sourceReference":{"reference":"StructureDefinition/msh-profile"}},{"extension":[{"url":"http://hl7.org/fhir/StructureDefinition/implementationguide-page","valueUri":"StructureDefinition-med-request-profile.html"}],"example":false,"name":"Perfil informação de receita","description":"Este recurso contém informações da linha da receita.","sourceReference":{"reference":"StructureDefinition/med-request-profile"}},{"extension":[{"url":"http://hl7.org/fhir/StructureDefinition/implementationguide-page","valueUri":"StructureDefinition-encounter-pemh-profile.html"}],"example":false,"name":"Perfil Episódio","description":"Recurso que caracteriza o episódio a partir do qual a prescrição de medicação está a ser solicitada.","sourceReference":{"reference":"StructureDefinition/encounter-pemh-profile"}},{"extension":[{"url":"http://hl7.org/fhir/StructureDefinition/implementationguide-page","valueUri":"StructureDefinition-PEMHbundleRquest.html"}],"example":false,"name":"Perfil Bundle de mensagem","description":"O Bundle da mensagem deve ser do tipo 'message', deve ter como primeira entrada o recurso MessageHeader, e como segunda o recurso.","sourceReference":{"reference":"StructureDefinition/PEMHbundleRquest"}},{"extension":[{"url":"http://hl7.org/fhir/StructureDefinition/implementationguide-page","valueUri":"StructureDefinition-coverage-pemh-profile.html"}],"example":false,"name":"Perfil Coverage","description":"Recurso utilizado para representar a relação entre beneficiário (utente) e a entidade responsável. Este recurso é referenciado no recurso Patient numa extensão própria.","sourceReference":{"reference":"StructureDefinition/coverage-pemh-profile"}},{"extension":[{"url":"http://hl7.org/fhir/StructureDefinition/implementationguide-page","valueUri":"StructureDefinition-location-pemh-profile.html"}],"example":false,"name":"Perfil Location","description":"Recurso utilizado para representar informação sobre o local de prescrição da medicação.","sourceReference":{"reference":"StructureDefinition/location-pemh-profile"}},{"extension":[{"url":"http://hl7.org/fhir/StructureDefinition/implementationguide-page","valueUri":"StructureDefinition-content-response-profile.html"}],"example":false,"name":"Perfil Conteudo Receita","description":"Este recurso representa o retorno da receita quando ocorre o sucesso na recepção/processamento da mensagem. Para além disso, esse recurso contêm elementos que compõem a receita gerados somente no retorno da receita, como o \"Número Central da\nReceita\" e o \"Pin da Receita\".","sourceReference":{"reference":"StructureDefinition/content-response-profile"}}]},{"id":"-str-extension","name":"Structures: Extension Definitions","description":"These define constraints on FHIR data types for systems conforming to this implementation guide.","resource":[{"extension":[{"url":"http://hl7.org/fhir/StructureDefinition/implementationguide-page","valueUri":"StructureDefinition-med-prescription-cancel-reason.html"}],"example":false,"name":"MOTIVO ANULAÇÃO","description":"Motivo de anulação da receita.","sourceReference":{"reference":"StructureDefinition/med-prescription-cancel-reason"}},{"extension":[{"url":"http://hl7.org/fhir/StructureDefinition/implementationguide-page","valueUri":"StructureDefinition-med-prescription-framing-dispense.html"}],"example":false,"name":"Tipo enquadramento","description":"Sub-extensão relativa ao Tipo de Enquadramento.","sourceReference":{"reference":"StructureDefinition/med-prescription-framing-dispense"}},{"extension":[{"url":"http://hl7.org/fhir/StructureDefinition/implementationguide-page","valueUri":"StructureDefinition-presc-transcription.html"}],"example":false,"name":"RECEITA MANUSCRITA","description":"Indicar se trata-se de uma transcrição de uma receita manuscrita.","sourceReference":{"reference":"StructureDefinition/presc-transcription"}},{"extension":[{"url":"http://hl7.org/fhir/StructureDefinition/implementationguide-page","valueUri":"StructureDefinition-test.html"}],"example":false,"name":"NÚMERO DE VIAS","description":"Via da receita no caso de ser renovável (1, 2, 3, ...).","sourceReference":{"reference":"StructureDefinition/test"}},{"extension":[{"url":"http://hl7.org/fhir/StructureDefinition/implementationguide-page","valueUri":"StructureDefinition-presc-local.html"}],"example":false,"name":"LOCAL","description":"Referência para um resource que contém informações do local de prescrição","sourceReference":{"reference":"StructureDefinition/presc-local"}},{"extension":[{"url":"http://hl7.org/fhir/StructureDefinition/implementationguide-page","valueUri":"StructureDefinition-med-prescription-frequency-time.html"}],"example":false,"name":"FREQUENCIA E HORARIO","description":"Indica a frequência e horário de toma do medicamento definidos pelo CTC.","sourceReference":{"reference":"StructureDefinition/med-prescription-frequency-time"}},{"extension":[{"url":"http://hl7.org/fhir/StructureDefinition/implementationguide-page","valueUri":"StructureDefinition-med-value.html"}],"example":false,"name":"VALOR","description":"Sub-extensão referente ao valor da terapêutica","sourceReference":{"reference":"StructureDefinition/med-value"}},{"extension":[{"url":"http://hl7.org/fhir/StructureDefinition/implementationguide-page","valueUri":"StructureDefinition-meaning-order.html"}],"example":false,"name":"MODALIDADE DE PRESCRIÇÃO","description":"Receita com papel (RCP) ou receita sem papel (RSP).","sourceReference":{"reference":"StructureDefinition/meaning-order"}},{"extension":[{"url":"http://hl7.org/fhir/StructureDefinition/implementationguide-page","valueUri":"StructureDefinition-presc-type.html"}],"example":false,"name":"TIPO DE RECEITA","description":"Tipo de prescrição: e.g.: FH, RE, BIO ou OUT.","sourceReference":{"reference":"StructureDefinition/presc-type"}},{"extension":[{"url":"http://hl7.org/fhir/StructureDefinition/implementationguide-page","valueUri":"StructureDefinition-presc-administration.html"}],"example":false,"name":"ADMINISTRAÇÃO","description":"Indicar se a prescrição é para administração interna ou SFH; true: administração interna; false: SFH","sourceReference":{"reference":"StructureDefinition/presc-administration"}},{"extension":[{"url":"http://hl7.org/fhir/StructureDefinition/implementationguide-page","valueUri":"StructureDefinition-presc-print.html"}],"example":false,"name":"IMPRESSÃO","description":"Indicar se a receita foi impressa","sourceReference":{"reference":"StructureDefinition/presc-print"}},{"extension":[{"url":"http://hl7.org/fhir/StructureDefinition/implementationguide-page","valueUri":"StructureDefinition-med-prescription-duration.html"}],"example":false,"name":"DURACAO - VALOR E UNIDADE","description":"Indica a duração de tratamento da posologia - Valor e Unidade","sourceReference":{"reference":"StructureDefinition/med-prescription-duration"}},{"extension":[{"url":"http://hl7.org/fhir/StructureDefinition/implementationguide-page","valueUri":"StructureDefinition-med-cost.html"}],"example":false,"name":"Custo","description":"Extensão referente ao valor e a moeda da terapêutica","sourceReference":{"reference":"StructureDefinition/med-cost"}},{"extension":[{"url":"http://hl7.org/fhir/StructureDefinition/implementationguide-page","valueUri":"StructureDefinition-med-currency.html"}],"example":false,"name":"MOEDA","description":"Sub-extensão referente a moeda","sourceReference":{"reference":"StructureDefinition/med-currency"}},{"extension":[{"url":"http://hl7.org/fhir/StructureDefinition/implementationguide-page","valueUri":"StructureDefinition-prescription-duplicate.html"}],"example":false,"name":"NÚMERO DE VIAS","description":"Via da receita no caso de ser renovável (1, 2, 3, ...).","sourceReference":{"reference":"StructureDefinition/prescription-duplicate"}},{"extension":[{"url":"http://hl7.org/fhir/StructureDefinition/implementationguide-page","valueUri":"StructureDefinition-med-prescription-legal-diploma.html"}],"example":false,"name":"CÓDIGO E DESCRIÇÃO DO DIPLOMA","description":"Sub-extensão relativa ao Diploma Legal que estabelece o regime especial ou excecional de comparticipação.","sourceReference":{"reference":"StructureDefinition/med-prescription-legal-diploma"}},{"extension":[{"url":"http://hl7.org/fhir/StructureDefinition/implementationguide-page","valueUri":"StructureDefinition-med-prescription-dosage-line.html"}],"example":false,"name":"NÚMERO DE VIAS","description":"Via da receita no caso de ser renovável (1, 2, 3, ...).","sourceReference":{"reference":"StructureDefinition/med-prescription-dosage-line"}}]},{"id":"-other","name":"Other","description":"These are resources that are used within this implementation guide that do not fit into one of the other categories.","resource":[{"extension":[{"url":"http://hl7.org/fhir/StructureDefinition/implementationguide-page","valueUri":"Organization-fab4d0d7-b8dd-4c6f-9c7e-71ca0ee53ace.html"}],"example":false,"sourceReference":{"reference":"Organization/fab4d0d7-b8dd-4c6f-9c7e-71ca0ee53ace"}},{"extension":[{"url":"http://hl7.org/fhir/StructureDefinition/implementationguide-page","valueUri":"Medication-a87cddf3-01de-4241-b9b2-7209f5f2bcab.html"}],"example":false,"sourceReference":{"reference":"Medication/a87cddf3-01de-4241-b9b2-7209f5f2bcab"}},{"extension":[{"url":"http://hl7.org/fhir/StructureDefinition/implementationguide-page","valueUri":"Organization-dec4d0d7-b8dd-4c6f-9c7e-71ca0ee53ace.html"}],"example":false,"sourceReference":{"reference":"Organization/dec4d0d7-b8dd-4c6f-9c7e-71ca0ee53ace"}},{"extension":[{"url":"http://hl7.org/fhir/StructureDefinition/implementationguide-page","valueUri":"Encounter-2d3f8e19-205e-40c6-aeec7b17cbef8045.html"}],"example":false,"sourceReference":{"reference":"Encounter/2d3f8e19-205e-40c6-aeec7b17cbef8045"}},{"extension":[{"url":"http://hl7.org/fhir/StructureDefinition/implementationguide-page","valueUri":"MessageHeader-db6428bf-1e58-48d4-9102-b85d6c716bb1.html"}],"example":false,"sourceReference":{"reference":"MessageHeader/db6428bf-1e58-48d4-9102-b85d6c716bb1"}},{"extension":[{"url":"http://hl7.org/fhir/StructureDefinition/implementationguide-page","valueUri":"RequestGroup-25f1ea48-e0ef-405e-86fc-498ae907f6df.html"}],"example":false,"sourceReference":{"reference":"RequestGroup/25f1ea48-e0ef-405e-86fc-498ae907f6df"}},{"extension":[{"url":"http://hl7.org/fhir/StructureDefinition/implementationguide-page","valueUri":"Coverage-219eb473-8ee3-4e3d-b785-b204b71de77f.html"}],"example":false,"sourceReference":{"reference":"Coverage/219eb473-8ee3-4e3d-b785-b204b71de77f"}},{"extension":[{"url":"http://hl7.org/fhir/StructureDefinition/implementationguide-page","valueUri":"Location-04f1ea48-e0ef-405e-86fc-498ae907f6d0.html"}],"example":false,"sourceReference":{"reference":"Location/04f1ea48-e0ef-405e-86fc-498ae907f6d0"}},{"extension":[{"url":"http://hl7.org/fhir/StructureDefinition/implementationguide-page","valueUri":"Practitioner-f644ab44-7e32-4e05-972c-1f14bebf27a8.html"}],"example":false,"sourceReference":{"reference":"Practitioner/f644ab44-7e32-4e05-972c-1f14bebf27a8"}},{"extension":[{"url":"http://hl7.org/fhir/StructureDefinition/implementationguide-page","valueUri":"Bundle-7898e419-6983-4afc-8163-a19274a12290.html"}],"example":false,"sourceReference":{"reference":"Bundle/7898e419-6983-4afc-8163-a19274a12290"}},{"extension":[{"url":"http://hl7.org/fhir/StructureDefinition/implementationguide-page","valueUri":"MedicationRequest-e22942f3-a461-40b9-8449-30f7a7e9d0d5.html"}],"example":false,"sourceReference":{"reference":"MedicationRequest/e22942f3-a461-40b9-8449-30f7a7e9d0d5"}},{"extension":[{"url":"http://hl7.org/fhir/StructureDefinition/implementationguide-page","valueUri":"Patient-3616b380-01be-465a-aa29-906337c6e7a4.html"}],"example":false,"sourceReference":{"reference":"Patient/3616b380-01be-465a-aa29-906337c6e7a4"}}]}],"page":{"source":"toc.html","title":"ìndice","kind":"page","page":[{"source":"index.html","title":"Home Page","kind":"page"},{"source":"downloads.html","title":"Downloads","kind":"page"},{"source":"changes.html","title":"IG Change History","kind":"page"},{"source":"artifacts.html","title":"Artifacts Summary","kind":"page","page":[{"source":"StructureDefinition-msh-response-profile.html","title":"Perfil Bundle de mensagem de resposta","kind":"resource"},{"source":"StructureDefinition-bundle-response-profile.html","title":"Perfil Bundle de mensagem de resposta","kind":"resource"},{"source":"StructureDefinition-content-profile.html","title":"Perfil Conteudo Receita","kind":"resource"},{"source":"StructureDefinition-med-pemh-profile.html","title":"Perfil Medicação","kind":"resource"},{"source":"StructureDefinition-patient-pemh-profile.html","title":"Perfil Paciente","kind":"resource"},{"source":"StructureDefinition-msh-profile.html","title":"Perfil MessageHeader","kind":"resource"},{"source":"StructureDefinition-med-request-profile.html","title":"Perfil informação de receita","kind":"resource"},{"source":"StructureDefinition-encounter-pemh-profile.html","title":"Perfil Episódio","kind":"resource"},{"source":"StructureDefinition-PEMHbundleRquest.html","title":"Perfil Bundle de mensagem","kind":"resource"},{"source":"StructureDefinition-coverage-pemh-profile.html","title":"Perfil Coverage","kind":"resource"},{"source":"StructureDefinition-location-pemh-profile.html","title":"Perfil Location","kind":"resource"},{"source":"StructureDefinition-content-response-profile.html","title":"Perfil Conteudo Receita","kind":"resource"},{"source":"StructureDefinition-med-prescription-cancel-reason.html","title":"MOTIVO ANULAÇÃO","kind":"resource"},{"source":"StructureDefinition-med-prescription-framing-dispense.html","title":"Tipo enquadramento","kind":"resource"},{"source":"StructureDefinition-presc-transcription.html","title":"RECEITA MANUSCRITA","kind":"resource"},{"source":"StructureDefinition-test.html","title":"NÚMERO DE VIAS","kind":"resource"},{"source":"StructureDefinition-presc-local.html","title":"LOCAL","kind":"resource"},{"source":"StructureDefinition-med-prescription-frequency-time.html","title":"FREQUENCIA E HORARIO","kind":"resource"},{"source":"StructureDefinition-med-value.html","title":"VALOR","kind":"resource"},{"source":"StructureDefinition-meaning-order.html","title":"MODALIDADE DE PRESCRIÇÃO","kind":"resource"},{"source":"StructureDefinition-presc-type.html","title":"TIPO DE RECEITA","kind":"resource"},{"source":"StructureDefinition-presc-administration.html","title":"ADMINISTRAÇÃO","kind":"resource"},{"source":"StructureDefinition-presc-print.html","title":"IMPRESSÃO","kind":"resource"},{"source":"StructureDefinition-med-prescription-duration.html","title":"DURACAO - VALOR E UNIDADE","kind":"resource"},{"source":"StructureDefinition-med-cost.html","title":"Custo","kind":"resource"},{"source":"StructureDefinition-med-currency.html","title":"MOEDA","kind":"resource"},{"source":"StructureDefinition-prescription-duplicate.html","title":"NÚMERO DE VIAS","kind":"resource"},{"source":"StructureDefinition-med-prescription-legal-diploma.html","title":"CÓDIGO E DESCRIÇÃO DO DIPLOMA","kind":"resource"},{"source":"StructureDefinition-med-prescription-dosage-line.html","title":"NÚMERO DE VIAS","kind":"resource"},{"source":"Organization-fab4d0d7-b8dd-4c6f-9c7e-71ca0ee53ace.html","kind":"resource"},{"source":"Medication-a87cddf3-01de-4241-b9b2-7209f5f2bcab.html","kind":"resource"},{"source":"Organization-dec4d0d7-b8dd-4c6f-9c7e-71ca0ee53ace.html","kind":"resource"},{"source":"Encounter-2d3f8e19-205e-40c6-aeec7b17cbef8045.html","kind":"resource"},{"source":"MessageHeader-db6428bf-1e58-48d4-9102-b85d6c716bb1.html","kind":"resource"},{"source":"RequestGroup-25f1ea48-e0ef-405e-86fc-498ae907f6df.html","kind":"resource"},{"source":"Coverage-219eb473-8ee3-4e3d-b785-b204b71de77f.html","kind":"resource"},{"source":"Location-04f1ea48-e0ef-405e-86fc-498ae907f6d0.html","kind":"resource"},{"source":"Practitioner-f644ab44-7e32-4e05-972c-1f14bebf27a8.html","kind":"resource"},{"source":"Bundle-7898e419-6983-4afc-8163-a19274a12290.html","kind":"resource"},{"source":"MedicationRequest-e22942f3-a461-40b9-8449-30f7a7e9d0d5.html","kind":"resource"},{"source":"Patient-3616b380-01be-465a-aa29-906337c6e7a4.html","kind":"resource"}]}]}}