{"resourceType":"StructureDefinition","id":"msh-profile","text":{"status":"extensions","div":"<div xmlns=\"http://www.w3.org/1999/xhtml\"><table border=\"0\" cellpadding=\"0\" cellspacing=\"0\" style=\"border: 0px #F0F0F0 solid; font-size: 11px; font-family: verdana; vertical-align: top;\"><tr style=\"border: 1px #F0F0F0 solid; font-size: 11px; font-family: verdana; vertical-align: top\"><th style=\"vertical-align: top; text-align : left; background-color: white; border: 0px #F0F0F0 solid; padding:0px 4px 0px 4px\" class=\"hierarchy\"><a href=\"https://build.fhir.org/ig/FHIR/ig-guidance/readingIgs.html#table-views\" title=\"The logical name of the element\">Name</a></th><th style=\"vertical-align: top; text-align : left; background-color: white; border: 0px #F0F0F0 solid; padding:0px 4px 0px 4px\" class=\"hierarchy\"><a href=\"https://build.fhir.org/ig/FHIR/ig-guidance/readingIgs.html#table-views\" title=\"Information about the use of the element\">Flags</a></th><th style=\"vertical-align: top; text-align : left; background-color: white; border: 0px #F0F0F0 solid; padding:0px 4px 0px 4px\" class=\"hierarchy\"><a href=\"https://build.fhir.org/ig/FHIR/ig-guidance/readingIgs.html#table-views\" title=\"Minimum and Maximum # of times the the element can appear in the instance\">Card.</a></th><th style=\"width: 100px\" class=\"hierarchy\"><a href=\"https://build.fhir.org/ig/FHIR/ig-guidance/readingIgs.html#table-views\" title=\"Reference to the type of the element\">Type</a></th><th style=\"vertical-align: top; text-align : left; background-color: white; border: 0px #F0F0F0 solid; padding:0px 4px 0px 4px\" class=\"hierarchy\"><a href=\"https://build.fhir.org/ig/FHIR/ig-guidance/readingIgs.html#table-views\" title=\"Additional information about the element\">Description &amp; Constraints</a><span style=\"float: right\"><a href=\"https://build.fhir.org/ig/FHIR/ig-guidance/readingIgs.html#table-views\" title=\"Legend for this format\"><img src=\"http://hl7.org/fhir/STU3/help16.png\" alt=\"doco\" style=\"background-color: inherit\"/></a></span></th></tr><tr style=\"border: 0px #F0F0F0 solid; padding:0px; vertical-align: top; background-color: white\"><td style=\"vertical-align: top; text-align : left; background-color: white; border: 0px #F0F0F0 solid; padding:0px 4px 0px 4px; white-space: nowrap; background-image: url(tbl_bck1.png)\" class=\"hierarchy\"><img src=\"tbl_spacer.png\" alt=\".\" style=\"background-color: inherit\" class=\"hierarchy\"/><img src=\"icon_resource.png\" alt=\".\" style=\"background-color: white; background-color: inherit\" title=\"Resource\" class=\"hierarchy\"/> <a href=\"StructureDefinition-msh-profile-definitions.html#MessageHeader\">MessageHeader</a><a name=\"MessageHeader\"> </a></td><td style=\"vertical-align: top; text-align : left; background-color: white; border: 0px #F0F0F0 solid; padding:0px 4px 0px 4px\" class=\"hierarchy\"/><td style=\"vertical-align: top; text-align : left; background-color: white; border: 0px #F0F0F0 solid; padding:0px 4px 0px 4px\" class=\"hierarchy\"><span style=\"opacity: 0.5\">0</span><span style=\"opacity: 0.5\">..</span><span style=\"opacity: 0.5\">*</span></td><td style=\"vertical-align: top; text-align : left; background-color: white; border: 0px #F0F0F0 solid; padding:0px 4px 0px 4px\" class=\"hierarchy\"><a href=\"http://hl7.org/fhir/STU3/messageheader.html\">MessageHeader</a></td><td style=\"vertical-align: top; text-align : left; background-color: white; border: 0px #F0F0F0 solid; padding:0px 4px 0px 4px\" class=\"hierarchy\"><span style=\"opacity: 0.5\">A resource that describes a message that is exchanged between systems</span></td></tr>\r\n<tr style=\"border: 0px #F0F0F0 solid; padding:0px; vertical-align: top; background-color: #F7F7F7\"><td style=\"vertical-align: top; text-align : left; background-color: #F7F7F7; border: 0px #F0F0F0 solid; padding:0px 4px 0px 4px; white-space: nowrap; background-image: url(tbl_bck10.png)\" class=\"hierarchy\"><img src=\"tbl_spacer.png\" alt=\".\" style=\"background-color: inherit\" class=\"hierarchy\"/><img src=\"tbl_vjoin.png\" alt=\".\" style=\"background-color: inherit\" class=\"hierarchy\"/><img src=\"icon_element.gif\" alt=\".\" style=\"background-color: #F7F7F7; background-color: inherit\" title=\"Element\" class=\"hierarchy\"/> <a href=\"StructureDefinition-msh-profile-definitions.html#MessageHeader.id\">id</a><a name=\"MessageHeader.id\"> </a></td><td style=\"vertical-align: top; text-align : left; background-color: #F7F7F7; border: 0px #F0F0F0 solid; padding:0px 4px 0px 4px\" class=\"hierarchy\"/><td style=\"vertical-align: top; text-align : left; background-color: #F7F7F7; border: 0px #F0F0F0 solid; padding:0px 4px 0px 4px\" class=\"hierarchy\">1..<span style=\"opacity: 0.5\">1</span></td><td style=\"vertical-align: top; text-align : left; background-color: #F7F7F7; border: 0px #F0F0F0 solid; padding:0px 4px 0px 4px\" class=\"hierarchy\"><a style=\"opacity: 0.5\" href=\"http://hl7.org/fhir/STU3/datatypes.html#id\">id</a></td><td style=\"vertical-align: top; text-align : left; background-color: #F7F7F7; border: 0px #F0F0F0 solid; padding:0px 4px 0px 4px\" class=\"hierarchy\"><span style=\"opacity: 0.5\">Logical id of this artifact</span></td></tr>\r\n<tr style=\"border: 0px #F0F0F0 solid; padding:0px; vertical-align: top; background-color: white\"><td style=\"vertical-align: top; text-align : left; background-color: white; border: 0px #F0F0F0 solid; padding:0px 4px 0px 4px; white-space: nowrap; background-image: url(tbl_bck11.png)\" class=\"hierarchy\"><img src=\"tbl_spacer.png\" alt=\".\" style=\"background-color: inherit\" class=\"hierarchy\"/><img src=\"tbl_vjoin.png\" alt=\".\" style=\"background-color: inherit\" class=\"hierarchy\"/><img src=\"icon_element.gif\" alt=\".\" style=\"background-color: white; background-color: inherit\" title=\"Element\" class=\"hierarchy\"/> <a href=\"StructureDefinition-msh-profile-definitions.html#MessageHeader.meta\">meta</a><a name=\"MessageHeader.meta\"> </a></td><td style=\"vertical-align: top; text-align : left; background-color: white; border: 0px #F0F0F0 solid; padding:0px 4px 0px 4px\" class=\"hierarchy\"/><td style=\"vertical-align: top; text-align : left; background-color: white; border: 0px #F0F0F0 solid; padding:0px 4px 0px 4px\" class=\"hierarchy\"/><td style=\"vertical-align: top; text-align : left; background-color: white; border: 0px #F0F0F0 solid; padding:0px 4px 0px 4px\" class=\"hierarchy\"/><td style=\"vertical-align: top; text-align : left; background-color: white; border: 0px #F0F0F0 solid; padding:0px 4px 0px 4px\" class=\"hierarchy\"/></tr>\r\n<tr style=\"border: 0px #F0F0F0 solid; padding:0px; vertical-align: top; background-color: #F7F7F7\"><td style=\"vertical-align: top; text-align : left; background-color: #F7F7F7; border: 0px #F0F0F0 solid; padding:0px 4px 0px 4px; white-space: nowrap; background-image: url(tbl_bck110.png)\" class=\"hierarchy\"><img src=\"tbl_spacer.png\" alt=\".\" style=\"background-color: inherit\" class=\"hierarchy\"/><img src=\"tbl_vline.png\" alt=\".\" style=\"background-color: inherit\" class=\"hierarchy\"/><img src=\"tbl_vjoin.png\" alt=\".\" style=\"background-color: inherit\" class=\"hierarchy\"/><img src=\"icon_element.gif\" alt=\".\" style=\"background-color: #F7F7F7; background-color: inherit\" title=\"Element\" class=\"hierarchy\"/> <a href=\"StructureDefinition-msh-profile-definitions.html#MessageHeader.meta.profile\">profile</a><a name=\"MessageHeader.meta.profile\"> </a></td><td style=\"vertical-align: top; text-align : left; background-color: #F7F7F7; border: 0px #F0F0F0 solid; padding:0px 4px 0px 4px\" class=\"hierarchy\"/><td style=\"vertical-align: top; text-align : left; background-color: #F7F7F7; border: 0px #F0F0F0 solid; padding:0px 4px 0px 4px\" class=\"hierarchy\"><span style=\"opacity: 0.5\">0</span><span style=\"opacity: 0.5\">..</span><span style=\"opacity: 0.5\">*</span></td><td style=\"vertical-align: top; text-align : left; background-color: #F7F7F7; border: 0px #F0F0F0 solid; padding:0px 4px 0px 4px\" class=\"hierarchy\"><a style=\"opacity: 0.5\" href=\"http://hl7.org/fhir/STU3/datatypes.html#uri\">uri</a></td><td style=\"vertical-align: top; text-align : left; background-color: #F7F7F7; border: 0px #F0F0F0 solid; padding:0px 4px 0px 4px\" class=\"hierarchy\"><span style=\"opacity: 0.5\">Profiles this resource claims to conform to</span></td></tr>\r\n<tr style=\"border: 0px #F0F0F0 solid; padding:0px; vertical-align: top; background-color: white\"><td style=\"vertical-align: top; text-align : left; background-color: white; border: 0px #F0F0F0 solid; padding:0px 4px 0px 4px; white-space: nowrap; background-image: url(tbl_bck100.png)\" class=\"hierarchy\"><img src=\"tbl_spacer.png\" alt=\".\" style=\"background-color: inherit\" class=\"hierarchy\"/><img src=\"tbl_vline.png\" alt=\".\" style=\"background-color: inherit\" class=\"hierarchy\"/><img src=\"tbl_vjoin_end.png\" alt=\".\" style=\"background-color: inherit\" class=\"hierarchy\"/><img src=\"icon_element.gif\" alt=\".\" style=\"background-color: white; background-color: inherit\" title=\"Element\" class=\"hierarchy\"/> <a href=\"StructureDefinition-msh-profile-definitions.html#MessageHeader.meta.tag\">tag</a><a name=\"MessageHeader.meta.tag\"> </a></td><td style=\"vertical-align: top; text-align : left; background-color: white; border: 0px #F0F0F0 solid; padding:0px 4px 0px 4px\" class=\"hierarchy\"><span style=\"padding-left: 3px; padding-right: 3px; color: white; background-color: red\" title=\"This element must be supported\">S</span></td><td style=\"vertical-align: top; text-align : left; background-color: white; border: 0px #F0F0F0 solid; padding:0px 4px 0px 4px\" class=\"hierarchy\">1..1</td><td style=\"vertical-align: top; text-align : left; background-color: white; border: 0px #F0F0F0 solid; padding:0px 4px 0px 4px\" class=\"hierarchy\"><a style=\"opacity: 0.5\" href=\"http://hl7.org/fhir/STU3/datatypes.html#Coding\">Coding</a></td><td style=\"vertical-align: top; text-align : left; background-color: white; border: 0px #F0F0F0 solid; padding:0px 4px 0px 4px\" class=\"hierarchy\"><span style=\"opacity: 0.5\">Tags applied to this resource</span><br/><span style=\"font-weight:bold\">Binding: </span><a style=\"opacity: 0.5\" href=\"http://hl7.org/fhir/STU3/valueset-common-tags.html\">Common Tags</a> (<a href=\"http://hl7.org/fhir/STU3/terminologies.html#required\" title=\"To be conformant, the concept in this element SHALL be from the specified value set.\">required</a>)</td></tr>\r\n<tr style=\"border: 0px #F0F0F0 solid; padding:0px; vertical-align: top; background-color: #F7F7F7\"><td style=\"vertical-align: top; text-align : left; background-color: #F7F7F7; border: 0px #F0F0F0 solid; padding:0px 4px 0px 4px; white-space: nowrap; background-image: url(tbl_bck11.png)\" class=\"hierarchy\"><img src=\"tbl_spacer.png\" alt=\".\" style=\"background-color: inherit\" class=\"hierarchy\"/><img src=\"tbl_vjoin.png\" alt=\".\" style=\"background-color: inherit\" class=\"hierarchy\"/><img src=\"icon_element.gif\" alt=\".\" style=\"background-color: #F7F7F7; background-color: inherit\" title=\"Element\" class=\"hierarchy\"/> <a href=\"StructureDefinition-msh-profile-definitions.html#MessageHeader.destination\">destination</a><a name=\"MessageHeader.destination\"> </a></td><td style=\"vertical-align: top; text-align : left; background-color: #F7F7F7; border: 0px #F0F0F0 solid; padding:0px 4px 0px 4px\" class=\"hierarchy\"/><td style=\"vertical-align: top; text-align : left; background-color: #F7F7F7; border: 0px #F0F0F0 solid; padding:0px 4px 0px 4px\" class=\"hierarchy\"/><td style=\"vertical-align: top; text-align : left; background-color: #F7F7F7; border: 0px #F0F0F0 solid; padding:0px 4px 0px 4px\" class=\"hierarchy\"/><td style=\"vertical-align: top; text-align : left; background-color: #F7F7F7; border: 0px #F0F0F0 solid; padding:0px 4px 0px 4px\" class=\"hierarchy\"/></tr>\r\n<tr style=\"border: 0px #F0F0F0 solid; padding:0px; vertical-align: top; background-color: white\"><td style=\"vertical-align: top; text-align : left; background-color: white; border: 0px #F0F0F0 solid; padding:0px 4px 0px 4px; white-space: nowrap; background-image: url(tbl_bck110.png)\" class=\"hierarchy\"><img src=\"tbl_spacer.png\" alt=\".\" style=\"background-color: inherit\" class=\"hierarchy\"/><img src=\"tbl_vline.png\" alt=\".\" style=\"background-color: inherit\" class=\"hierarchy\"/><img src=\"tbl_vjoin.png\" alt=\".\" style=\"background-color: inherit\" class=\"hierarchy\"/><img src=\"icon_element.gif\" alt=\".\" style=\"background-color: white; background-color: inherit\" title=\"Element\" class=\"hierarchy\"/> <a href=\"StructureDefinition-msh-profile-definitions.html#MessageHeader.destination.name\">name</a><a name=\"MessageHeader.destination.name\"> </a></td><td style=\"vertical-align: top; text-align : left; background-color: white; border: 0px #F0F0F0 solid; padding:0px 4px 0px 4px\" class=\"hierarchy\"/><td style=\"vertical-align: top; text-align : left; background-color: white; border: 0px #F0F0F0 solid; padding:0px 4px 0px 4px\" class=\"hierarchy\"><span style=\"opacity: 0.5\">0</span><span style=\"opacity: 0.5\">..</span><span style=\"opacity: 0.5\">1</span></td><td style=\"vertical-align: top; text-align : left; background-color: white; border: 0px #F0F0F0 solid; padding:0px 4px 0px 4px\" class=\"hierarchy\"><a style=\"opacity: 0.5\" href=\"http://hl7.org/fhir/STU3/datatypes.html#string\">string</a></td><td style=\"vertical-align: top; text-align : left; background-color: white; border: 0px #F0F0F0 solid; padding:0px 4px 0px 4px\" class=\"hierarchy\">PEMH</td></tr>\r\n<tr style=\"border: 0px #F0F0F0 solid; padding:0px; vertical-align: top; background-color: #F7F7F7\"><td style=\"vertical-align: top; text-align : left; background-color: #F7F7F7; border: 0px #F0F0F0 solid; padding:0px 4px 0px 4px; white-space: nowrap; background-image: url(tbl_bck100.png)\" class=\"hierarchy\"><img src=\"tbl_spacer.png\" alt=\".\" style=\"background-color: inherit\" class=\"hierarchy\"/><img src=\"tbl_vline.png\" alt=\".\" style=\"background-color: inherit\" class=\"hierarchy\"/><img src=\"tbl_vjoin_end.png\" alt=\".\" style=\"background-color: inherit\" class=\"hierarchy\"/><img src=\"icon_element.gif\" alt=\".\" style=\"background-color: #F7F7F7; background-color: inherit\" title=\"Element\" class=\"hierarchy\"/> <a href=\"StructureDefinition-msh-profile-definitions.html#MessageHeader.destination.endpoint\">endpoint</a><a name=\"MessageHeader.destination.endpoint\"> </a></td><td style=\"vertical-align: top; text-align : left; background-color: #F7F7F7; border: 0px #F0F0F0 solid; padding:0px 4px 0px 4px\" class=\"hierarchy\"/><td style=\"vertical-align: top; text-align : left; background-color: #F7F7F7; border: 0px #F0F0F0 solid; padding:0px 4px 0px 4px\" class=\"hierarchy\"><span style=\"opacity: 0.5\">1</span><span style=\"opacity: 0.5\">..</span><span style=\"opacity: 0.5\">1</span></td><td style=\"vertical-align: top; text-align : left; background-color: #F7F7F7; border: 0px #F0F0F0 solid; padding:0px 4px 0px 4px\" class=\"hierarchy\"><a style=\"opacity: 0.5\" href=\"http://hl7.org/fhir/STU3/datatypes.html#uri\">uri</a></td><td style=\"vertical-align: top; text-align : left; background-color: #F7F7F7; border: 0px #F0F0F0 solid; padding:0px 4px 0px 4px\" class=\"hierarchy\"><span style=\"opacity: 0.5\">Actual destination address or id</span></td></tr>\r\n<tr style=\"border: 0px #F0F0F0 solid; padding:0px; vertical-align: top; background-color: white\"><td style=\"vertical-align: top; text-align : left; background-color: white; border: 0px #F0F0F0 solid; padding:0px 4px 0px 4px; white-space: nowrap; background-image: url(tbl_bck10.png)\" class=\"hierarchy\"><img src=\"tbl_spacer.png\" alt=\".\" style=\"background-color: inherit\" class=\"hierarchy\"/><img src=\"tbl_vjoin.png\" alt=\".\" style=\"background-color: inherit\" class=\"hierarchy\"/><img src=\"icon_element.gif\" alt=\".\" style=\"background-color: white; background-color: inherit\" title=\"Element\" class=\"hierarchy\"/> <a href=\"StructureDefinition-msh-profile-definitions.html#MessageHeader.author\">author</a><a name=\"MessageHeader.author\"> </a></td><td style=\"vertical-align: top; text-align : left; background-color: white; border: 0px #F0F0F0 solid; padding:0px 4px 0px 4px\" class=\"hierarchy\"/><td style=\"vertical-align: top; text-align : left; background-color: white; border: 0px #F0F0F0 solid; padding:0px 4px 0px 4px\" class=\"hierarchy\"><span style=\"opacity: 0.5\">0</span><span style=\"opacity: 0.5\">..</span><span style=\"opacity: 0.5\">1</span></td><td style=\"vertical-align: top; text-align : left; background-color: white; border: 0px #F0F0F0 solid; padding:0px 4px 0px 4px\" class=\"hierarchy\"><a href=\"http://hl7.org/fhir/STU3/references.html\">Reference</a>(<a style=\"opacity: 0.5\" href=\"http://hl7.org/fhir/STU3/practitioner.html\">Practitioner</a>)</td><td style=\"vertical-align: top; text-align : left; background-color: white; border: 0px #F0F0F0 solid; padding:0px 4px 0px 4px\" class=\"hierarchy\">Profissional que fez a prescrição de medicação para o utente.</td></tr>\r\n<tr style=\"border: 0px #F0F0F0 solid; padding:0px; vertical-align: top; background-color: #F7F7F7\"><td style=\"vertical-align: top; text-align : left; background-color: #F7F7F7; border: 0px #F0F0F0 solid; padding:0px 4px 0px 4px; white-space: nowrap; background-image: url(tbl_bck11.png)\" class=\"hierarchy\"><img src=\"tbl_spacer.png\" alt=\".\" style=\"background-color: inherit\" class=\"hierarchy\"/><img src=\"tbl_vjoin.png\" alt=\".\" style=\"background-color: inherit\" class=\"hierarchy\"/><img src=\"icon_element.gif\" alt=\".\" style=\"background-color: #F7F7F7; background-color: inherit\" title=\"Element\" class=\"hierarchy\"/> <a href=\"StructureDefinition-msh-profile-definitions.html#MessageHeader.source\">source</a><a name=\"MessageHeader.source\"> </a></td><td style=\"vertical-align: top; text-align : left; background-color: #F7F7F7; border: 0px #F0F0F0 solid; padding:0px 4px 0px 4px\" class=\"hierarchy\"/><td style=\"vertical-align: top; text-align : left; background-color: #F7F7F7; border: 0px #F0F0F0 solid; padding:0px 4px 0px 4px\" class=\"hierarchy\"/><td style=\"vertical-align: top; text-align : left; background-color: #F7F7F7; border: 0px #F0F0F0 solid; padding:0px 4px 0px 4px\" class=\"hierarchy\"/><td style=\"vertical-align: top; text-align : left; background-color: #F7F7F7; border: 0px #F0F0F0 solid; padding:0px 4px 0px 4px\" class=\"hierarchy\"/></tr>\r\n<tr style=\"border: 0px #F0F0F0 solid; padding:0px; vertical-align: top; background-color: white\"><td style=\"vertical-align: top; text-align : left; background-color: white; border: 0px #F0F0F0 solid; padding:0px 4px 0px 4px; white-space: nowrap; background-image: url(tbl_bck110.png)\" class=\"hierarchy\"><img src=\"tbl_spacer.png\" alt=\".\" style=\"background-color: inherit\" class=\"hierarchy\"/><img src=\"tbl_vline.png\" alt=\".\" style=\"background-color: inherit\" class=\"hierarchy\"/><img src=\"tbl_vjoin.png\" alt=\".\" style=\"background-color: inherit\" class=\"hierarchy\"/><img src=\"icon_element.gif\" alt=\".\" style=\"background-color: white; background-color: inherit\" title=\"Element\" class=\"hierarchy\"/> <a href=\"StructureDefinition-msh-profile-definitions.html#MessageHeader.source.name\">name</a><a name=\"MessageHeader.source.name\"> </a></td><td style=\"vertical-align: top; text-align : left; background-color: white; border: 0px #F0F0F0 solid; padding:0px 4px 0px 4px\" class=\"hierarchy\"><span style=\"padding-left: 3px; padding-right: 3px; color: white; background-color: red\" title=\"This element must be supported\">S</span></td><td style=\"vertical-align: top; text-align : left; background-color: white; border: 0px #F0F0F0 solid; padding:0px 4px 0px 4px\" class=\"hierarchy\">1..<span style=\"opacity: 0.5\">1</span></td><td style=\"vertical-align: top; text-align : left; background-color: white; border: 0px #F0F0F0 solid; padding:0px 4px 0px 4px\" class=\"hierarchy\"><a style=\"opacity: 0.5\" href=\"http://hl7.org/fhir/STU3/datatypes.html#string\">string</a></td><td style=\"vertical-align: top; text-align : left; background-color: white; border: 0px #F0F0F0 solid; padding:0px 4px 0px 4px\" class=\"hierarchy\">Nome da aplicação que enviou a mensagem. &lt;Aplicação_origem&gt;</td></tr>\r\n<tr style=\"border: 0px #F0F0F0 solid; padding:0px; vertical-align: top; background-color: #F7F7F7\"><td style=\"vertical-align: top; text-align : left; background-color: #F7F7F7; border: 0px #F0F0F0 solid; padding:0px 4px 0px 4px; white-space: nowrap; background-image: url(tbl_bck100.png)\" class=\"hierarchy\"><img src=\"tbl_spacer.png\" alt=\".\" style=\"background-color: inherit\" class=\"hierarchy\"/><img src=\"tbl_vline.png\" alt=\".\" style=\"background-color: inherit\" class=\"hierarchy\"/><img src=\"tbl_vjoin_end.png\" alt=\".\" style=\"background-color: inherit\" class=\"hierarchy\"/><img src=\"icon_element.gif\" alt=\".\" style=\"background-color: #F7F7F7; background-color: inherit\" title=\"Element\" class=\"hierarchy\"/> <a href=\"StructureDefinition-msh-profile-definitions.html#MessageHeader.source.endpoint\">endpoint</a><a name=\"MessageHeader.source.endpoint\"> </a></td><td style=\"vertical-align: top; text-align : left; background-color: #F7F7F7; border: 0px #F0F0F0 solid; padding:0px 4px 0px 4px\" class=\"hierarchy\"><span style=\"padding-left: 3px; padding-right: 3px; color: white; background-color: red\" title=\"This element must be supported\">S</span></td><td style=\"vertical-align: top; text-align : left; background-color: #F7F7F7; border: 0px #F0F0F0 solid; padding:0px 4px 0px 4px\" class=\"hierarchy\"><span style=\"opacity: 0.5\">1</span><span style=\"opacity: 0.5\">..</span><span style=\"opacity: 0.5\">1</span></td><td style=\"vertical-align: top; text-align : left; background-color: #F7F7F7; border: 0px #F0F0F0 solid; padding:0px 4px 0px 4px\" class=\"hierarchy\"><a style=\"opacity: 0.5\" href=\"http://hl7.org/fhir/STU3/datatypes.html#uri\">uri</a></td><td style=\"vertical-align: top; text-align : left; background-color: #F7F7F7; border: 0px #F0F0F0 solid; padding:0px 4px 0px 4px\" class=\"hierarchy\">URL da aplicação que enviou a mensagem. &lt;URL_origem&gt;</td></tr>\r\n<tr style=\"border: 0px #F0F0F0 solid; padding:0px; vertical-align: top; background-color: white\"><td style=\"vertical-align: top; text-align : left; background-color: white; border: 0px #F0F0F0 solid; padding:0px 4px 0px 4px; white-space: nowrap; background-image: url(tbl_bck00.png)\" class=\"hierarchy\"><img src=\"tbl_spacer.png\" alt=\".\" style=\"background-color: inherit\" class=\"hierarchy\"/><img src=\"tbl_vjoin_end.png\" alt=\".\" style=\"background-color: inherit\" class=\"hierarchy\"/><img src=\"icon_reference.png\" alt=\".\" style=\"background-color: white; background-color: inherit\" title=\"Reference to another Resource\" class=\"hierarchy\"/> <a href=\"StructureDefinition-msh-profile-definitions.html#MessageHeader.focus\">focus</a><a name=\"MessageHeader.focus\"> </a></td><td style=\"vertical-align: top; text-align : left; background-color: white; border: 0px #F0F0F0 solid; padding:0px 4px 0px 4px\" class=\"hierarchy\"><span style=\"padding-left: 3px; padding-right: 3px; color: white; background-color: red\" title=\"This element must be supported\">S</span></td><td style=\"vertical-align: top; text-align : left; background-color: white; border: 0px #F0F0F0 solid; padding:0px 4px 0px 4px\" class=\"hierarchy\">1..<span style=\"opacity: 0.5\">*</span></td><td style=\"vertical-align: top; text-align : left; background-color: white; border: 0px #F0F0F0 solid; padding:0px 4px 0px 4px\" class=\"hierarchy\"><a href=\"http://hl7.org/fhir/STU3/references.html\">Reference</a>(<a href=\"StructureDefinition-content-profile.html\">Perfil Conteudo Receita</a>)</td><td style=\"vertical-align: top; text-align : left; background-color: white; border: 0px #F0F0F0 solid; padding:0px 4px 0px 4px\" class=\"hierarchy\">Corresponde à receita. Enviar somente um recurso RequestGroup por\nmensagem</td></tr>\r\n<tr><td colspan=\"5\" class=\"hierarchy\"><br/><a href=\"https://build.fhir.org/ig/FHIR/ig-guidance/readingIgs.html#table-views\" title=\"Legend for this format\"><img src=\"http://hl7.org/fhir/STU3/help16.png\" alt=\"doco\" style=\"background-color: inherit\"/> Documentation for this format</a></td></tr></table></div>"},"extension":[{"url":"http://hl7.org/fhir/StructureDefinition/structuredefinition-category","valueString":"Foundation.Other"},{"url":"http://hl7.org/fhir/StructureDefinition/structuredefinition-security-category","valueCode":"not-classified"}],"url":"http://example.com/fhir/example/StructureDefinition/msh-profile","version":"0.1.0-test","name":"PEMHMSH","title":"Perfil MessageHeader","status":"active","date":"2023-02-09T20:39:01+00:00","publisher":"HL7 TC","contact":[{"telecom":[{"system":"url","value":"xxxhttp://hl7.org/Special/committees/[something]"}]}],"description":"Este recurso deve ser a primeira entrada no Bundle e deve referenciar (focus) o recurso MedicationRequest.","jurisdiction":[{"coding":[{"system":"http://unstats.un.org/unsd/methods/m49/m49.htm","code":"001"}]}],"fhirVersion":"3.0.2","mapping":[{"identity":"v2","uri":"http://hl7.org/v2","name":"HL7 v2 Mapping"},{"identity":"rim","uri":"http://hl7.org/v3","name":"RIM Mapping"},{"identity":"w5","uri":"http://hl7.org/fhir/fivews","name":"FiveWs Pattern Mapping"},{"identity":"w5","uri":"http://hl7.org/fhir/w5","name":"W5 Mapping"}],"kind":"resource","abstract":false,"type":"MessageHeader","baseDefinition":"http://hl7.org/fhir/StructureDefinition/MessageHeader","derivation":"constraint","snapshot":{"element":[{"id":"MessageHeader","path":"MessageHeader","short":"A resource that describes a message that is exchanged between systems","definition":"The header for a message exchange that is either requesting or responding to an action.  The reference(s) that are the subject of the action as well as other information related to the action are typically transmitted in a bundle in which the MessageHeader resource instance is the first resource in the bundle.","min":0,"max":"*","base":{"path":"MessageHeader","min":0,"max":"*"},"mapping":[{"identity":"rim","map":"Entity. Role, or Act"},{"identity":"v2","map":"MSH / MSA / ERR"},{"identity":"rim","map":"Message"},{"identity":"w5","map":"infrastructure.exchange"}]},{"id":"MessageHeader.id","path":"MessageHeader.id","short":"Logical id of this artifact","definition":"The logical id of the resource, as used in the URL for the resource. Once assigned, this value never changes.","comment":"The only time that a resource does not have an id is when it is being submitted to the server using a create operation.","min":1,"max":"1","base":{"path":"Resource.id","min":0,"max":"1"},"type":[{"code":"id"}],"isSummary":true},{"id":"MessageHeader.meta","path":"MessageHeader.meta","short":"Metadata about the resource","definition":"The metadata about the resource. This is content that is maintained by the infrastructure. Changes to the content may not always be associated with version changes to the resource.","min":0,"max":"1","base":{"path":"Resource.meta","min":0,"max":"1"},"type":[{"code":"Meta"}],"isSummary":true},{"id":"MessageHeader.meta.id","path":"MessageHeader.meta.id","representation":["xmlAttr"],"short":"xml:id (or equivalent in JSON)","definition":"unique id for the element within a resource (for internal references). This may be any string value that does not contain spaces.","min":0,"max":"1","base":{"path":"Element.id","min":0,"max":"1"},"type":[{"code":"string"}],"mapping":[{"identity":"rim","map":"n/a"}]},{"id":"MessageHeader.meta.extension","path":"MessageHeader.meta.extension","slicing":{"discriminator":[{"type":"value","path":"url"}],"description":"Extensions are always sliced by (at least) url","rules":"open"},"short":"Additional Content defined by implementations","definition":"May be used to represent additional information that is not part of the basic definition of the element. In order to make the use of extensions safe and manageable, there is a strict set of governance  applied to the definition and use of extensions. Though any implementer is allowed to define an extension, there is a set of requirements that SHALL be met as part of the definition of the extension.","comment":"There can be no stigma associated with the use of extensions by any application, project, or standard - regardless of the institution or jurisdiction that uses or defines the extensions.  The use of extensions is what allows the FHIR specification to retain a core level of simplicity for everyone.","alias":["extensions","user content"],"min":0,"max":"*","base":{"path":"Element.extension","min":0,"max":"*"},"type":[{"code":"Extension"}],"mapping":[{"identity":"rim","map":"n/a"}]},{"id":"MessageHeader.meta.versionId","path":"MessageHeader.meta.versionId","short":"Version specific identifier","definition":"The version specific identifier, as it appears in the version portion of the URL. This values changes when the resource is created, updated, or deleted.","comment":"The server assigns this value, and ignores what the client specifies, except in the case that the server is imposing version integrity on updates/deletes.","min":0,"max":"1","base":{"path":"Meta.versionId","min":0,"max":"1"},"type":[{"code":"id"}],"isSummary":true},{"id":"MessageHeader.meta.lastUpdated","path":"MessageHeader.meta.lastUpdated","short":"When the resource version last changed","definition":"When the resource last changed - e.g. when the version changed.","comment":"This value is always populated except when the resource is first being created. The server / resource manager sets this value; what a client provides is irrelevant.","min":0,"max":"1","base":{"path":"Meta.lastUpdated","min":0,"max":"1"},"type":[{"code":"instant"}],"isSummary":true},{"id":"MessageHeader.meta.profile","path":"MessageHeader.meta.profile","short":"Profiles this resource claims to conform to","definition":"A list of profiles (references to [StructureDefinition](http://hl7.org/fhir/STU3/structuredefinition.html#) resources) that this resource claims to conform to. The URL is a reference to [StructureDefinition.url]().","comment":"It is up to the server and/or other infrastructure of policy to determine whether/how these claims are verified and/or updated over time.  The list of profile URLs is a set.","min":0,"max":"*","base":{"path":"Meta.profile","min":0,"max":"*"},"type":[{"code":"uri"}],"isSummary":true},{"id":"MessageHeader.meta.security","path":"MessageHeader.meta.security","short":"Security Labels applied to this resource","definition":"Security labels applied to this resource. These tags connect specific resources to the overall security policy and infrastructure.","comment":"The security labels can be updated without changing the stated version of the resource  The list of security labels is a set. Uniqueness is based the system/code, and version and display are ignored.","min":0,"max":"*","base":{"path":"Meta.security","min":0,"max":"*"},"type":[{"code":"Coding"}],"isSummary":true,"binding":{"extension":[{"url":"http://hl7.org/fhir/StructureDefinition/elementdefinition-bindingName","valueString":"SecurityLabels"},{"url":"http://hl7.org/fhir/StructureDefinition/elementdefinition-isCommonBinding","valueBoolean":true}],"strength":"extensible","description":"Security Labels from the Healthcare Privacy and Security Classification System.","valueSetReference":{"reference":"http://hl7.org/fhir/ValueSet/security-labels"}}},{"id":"MessageHeader.meta.tag","path":"MessageHeader.meta.tag","short":"Tags applied to this resource","definition":"Tags applied to this resource. Tags are intended to be used to identify and relate resources to process and workflow, and applications are not required to consider the tags when interpreting the meaning of a resource.","comment":"The tags can be updated without changing the stated version of the resource.  The list of tags is a set. Uniqueness is based the system/code, and version and display are ignored.","min":1,"max":"1","base":{"path":"Meta.tag","min":0,"max":"*"},"type":[{"code":"Coding"}],"mustSupport":true,"isSummary":true,"binding":{"strength":"required","valueSetReference":{"reference":"http://hl7.org/fhir/ValueSet/common-tags"}}},{"id":"MessageHeader.implicitRules","path":"MessageHeader.implicitRules","short":"A set of rules under which this content was created","definition":"A reference to a set of rules that were followed when the resource was constructed, and which must be understood when processing the content.","comment":"Asserting this rule set restricts the content to be only understood by a limited set of trading partners. This inherently limits the usefulness of the data in the long term. However, the existing health eco-system is highly fractured, and not yet ready to define, collect, and exchange data in a generally computable sense. Wherever possible, implementers and/or specification writers should avoid using this element. \n\nThis element is labelled as a modifier because the implicit rules may provide additional knowledge about the resource that modifies it's meaning or interpretation.","min":0,"max":"1","base":{"path":"Resource.implicitRules","min":0,"max":"1"},"type":[{"code":"uri"}],"isModifier":true,"isSummary":true},{"id":"MessageHeader.language","path":"MessageHeader.language","short":"Language of the resource content","definition":"The base language in which the resource is written.","comment":"Language is provided to support indexing and accessibility (typically, services such as text to speech use the language tag). The html language tag in the narrative applies  to the narrative. The language tag on the resource may be used to specify the language of other presentations generated from the data in the resource  Not all the content has to be in the base language. The Resource.language should not be assumed to apply to the narrative automatically. If a language is specified, it should it also be specified on the div element in the html (see rules in HTML5 for information about the relationship between xml:lang and the html lang attribute).","min":0,"max":"1","base":{"path":"Resource.language","min":0,"max":"1"},"type":[{"code":"code"}],"binding":{"extension":[{"url":"http://hl7.org/fhir/StructureDefinition/elementdefinition-maxValueSet","valueReference":{"reference":"http://hl7.org/fhir/ValueSet/all-languages"}},{"url":"http://hl7.org/fhir/StructureDefinition/elementdefinition-bindingName","valueString":"Language"},{"url":"http://hl7.org/fhir/StructureDefinition/elementdefinition-isCommonBinding","valueBoolean":true}],"strength":"extensible","description":"A human language.","valueSetReference":{"reference":"http://hl7.org/fhir/ValueSet/languages"}}},{"id":"MessageHeader.text","path":"MessageHeader.text","short":"Text summary of the resource, for human interpretation","definition":"A human-readable narrative that contains a summary of the resource, and may be used to represent the content of the resource to a human. The narrative need not encode all the structured data, but is required to contain sufficient detail to make it \"clinically safe\" for a human to just read the narrative. Resource definitions may define what content should be represented in the narrative to ensure clinical safety.","comment":"Contained resources do not have narrative. Resources that are not contained SHOULD have a narrative. In some cases, a resource may only have text with little or no additional discrete data (as long as all minOccurs=1 elements are satisfied).  This may be necessary for data from legacy systems where information is captured as a \"text blob\" or where text is additionally entered raw or narrated and encoded in formation is added later.","alias":["narrative","html","xhtml","display"],"min":0,"max":"1","base":{"path":"DomainResource.text","min":0,"max":"1"},"type":[{"code":"Narrative"}],"condition":["dom-1"],"mapping":[{"identity":"rim","map":"Act.text?"}]},{"id":"MessageHeader.contained","path":"MessageHeader.contained","short":"Contained, inline Resources","definition":"These resources do not have an independent existence apart from the resource that contains them - they cannot be identified independently, and nor can they have their own independent transaction scope.","comment":"This should never be done when the content can be identified properly, as once identification is lost, it is extremely difficult (and context dependent) to restore it again.","alias":["inline resources","anonymous resources","contained resources"],"min":0,"max":"*","base":{"path":"DomainResource.contained","min":0,"max":"*"},"type":[{"code":"Resource"}],"mapping":[{"identity":"rim","map":"N/A"}]},{"id":"MessageHeader.extension","path":"MessageHeader.extension","short":"Additional Content defined by implementations","definition":"May be used to represent additional information that is not part of the basic definition of the resource. In order to make the use of extensions safe and manageable, there is a strict set of governance  applied to the definition and use of extensions. Though any implementer is allowed to define an extension, there is a set of requirements that SHALL be met as part of the definition of the extension.","comment":"There can be no stigma associated with the use of extensions by any application, project, or standard - regardless of the institution or jurisdiction that uses or defines the extensions.  The use of extensions is what allows the FHIR specification to retain a core level of simplicity for everyone.","alias":["extensions","user content"],"min":0,"max":"*","base":{"path":"DomainResource.extension","min":0,"max":"*"},"type":[{"code":"Extension"}],"mapping":[{"identity":"rim","map":"N/A"}]},{"id":"MessageHeader.modifierExtension","path":"MessageHeader.modifierExtension","short":"Extensions that cannot be ignored","definition":"May be used to represent additional information that is not part of the basic definition of the resource, and that modifies the understanding of the element that contains it. Usually modifier elements provide negation or qualification. In order to make the use of extensions safe and manageable, there is a strict set of governance applied to the definition and use of extensions. Though any implementer is allowed to define an extension, there is a set of requirements that SHALL be met as part of the definition of the extension. Applications processing a resource are required to check for modifier extensions.","comment":"There can be no stigma associated with the use of extensions by any application, project, or standard - regardless of the institution or jurisdiction that uses or defines the extensions.  The use of extensions is what allows the FHIR specification to retain a core level of simplicity for everyone.","alias":["extensions","user content"],"min":0,"max":"*","base":{"path":"DomainResource.modifierExtension","min":0,"max":"*"},"type":[{"code":"Extension"}],"isModifier":true,"mapping":[{"identity":"rim","map":"N/A"}]},{"id":"MessageHeader.event","path":"MessageHeader.event","short":"Code for the event this message represents","definition":"Code that identifies the event this message represents and connects it with its definition. Events defined as part of the FHIR specification have the system value \"http://hl7.org/fhir/message-events\".","requirements":"Drives the behavior associated with this message.","min":1,"max":"1","base":{"path":"MessageHeader.event","min":1,"max":"1"},"type":[{"code":"Coding"}],"isSummary":true,"binding":{"extension":[{"url":"http://hl7.org/fhir/StructureDefinition/elementdefinition-bindingName","valueString":"MessageEvent"},{"url":"http://hl7.org/fhir/StructureDefinition/elementdefinition-isCommonBinding","valueBoolean":true}],"strength":"example","description":"One of the message events defined as part of FHIR.","valueSetReference":{"reference":"http://hl7.org/fhir/ValueSet/message-events"}},"mapping":[{"identity":"v2","map":"MSH-9.2"},{"identity":"rim","map":"./payload[classCode=\"CACT\" and moodCode=\"EVN\" and isNormalAct()]/code[isNormalDatatype()]/code"},{"identity":"w5","map":"what"}]},{"id":"MessageHeader.destination","extension":[{"url":"http://hl7.org/fhir/StructureDefinition/structuredefinition-explicit-type-name","valueString":"MessageDestination"}],"path":"MessageHeader.destination","short":"Message destination application(s)","definition":"The destination application which the message is intended for.","comment":"There SHOULD be at least one destination, but in some circumstances, the source system is unaware of any particular destination system.","requirements":"Indicates where message is to be sent for routing purposes.  Allows verification of \"am I the intended recipient\".","min":0,"max":"*","base":{"path":"MessageHeader.destination","min":0,"max":"*"},"type":[{"code":"BackboneElement"}],"constraint":[{"extension":[{"url":"http://hl7.org/fhir/4.0/StructureDefinition/extension-ElementDefinition.constraint.xpath","valueString":"@value|f:*|h:div"}],"key":"ele-1","severity":"error","human":"All FHIR elements must have a @value or children","expression":"hasValue() | (children().count() > id.count())","xpath":"@value|f:*|h:div","source":"http://hl7.org/fhir/StructureDefinition/Element"}],"isSummary":true,"mapping":[{"identity":"rim","map":"./communicationFunction[typeCode=\"RCV\"]"},{"identity":"w5","map":"who.focus"}]},{"id":"MessageHeader.destination.id","path":"MessageHeader.destination.id","representation":["xmlAttr"],"short":"xml:id (or equivalent in JSON)","definition":"unique id for the element within a resource (for internal references). This may be any string value that does not contain spaces.","min":0,"max":"1","base":{"path":"Element.id","min":0,"max":"1"},"type":[{"code":"string"}],"mapping":[{"identity":"rim","map":"n/a"}]},{"id":"MessageHeader.destination.extension","path":"MessageHeader.destination.extension","short":"Additional Content defined by implementations","definition":"May be used to represent additional information that is not part of the basic definition of the element. In order to make the use of extensions safe and manageable, there is a strict set of governance  applied to the definition and use of extensions. Though any implementer is allowed to define an extension, there is a set of requirements that SHALL be met as part of the definition of the extension.","comment":"There can be no stigma associated with the use of extensions by any application, project, or standard - regardless of the institution or jurisdiction that uses or defines the extensions.  The use of extensions is what allows the FHIR specification to retain a core level of simplicity for everyone.","alias":["extensions","user content"],"min":0,"max":"*","base":{"path":"Element.extension","min":0,"max":"*"},"type":[{"code":"Extension"}],"mapping":[{"identity":"rim","map":"n/a"}]},{"id":"MessageHeader.destination.modifierExtension","path":"MessageHeader.destination.modifierExtension","short":"Extensions that cannot be ignored","definition":"May be used to represent additional information that is not part of the basic definition of the element, and that modifies the understanding of the element that contains it. Usually modifier elements provide negation or qualification. In order to make the use of extensions safe and manageable, there is a strict set of governance applied to the definition and use of extensions. Though any implementer is allowed to define an extension, there is a set of requirements that SHALL be met as part of the definition of the extension. Applications processing a resource are required to check for modifier extensions.","comment":"There can be no stigma associated with the use of extensions by any application, project, or standard - regardless of the institution or jurisdiction that uses or defines the extensions.  The use of extensions is what allows the FHIR specification to retain a core level of simplicity for everyone.","alias":["extensions","user content","modifiers"],"min":0,"max":"*","base":{"path":"BackboneElement.modifierExtension","min":0,"max":"*"},"type":[{"code":"Extension"}],"isModifier":true,"isSummary":true,"mapping":[{"identity":"rim","map":"N/A"}]},{"id":"MessageHeader.destination.name","path":"MessageHeader.destination.name","short":"PEMH","definition":"Human-readable name for the target system.","requirements":"May be used for routing of response and/or to support audit.","min":0,"max":"1","base":{"path":"MessageHeader.destination.name","min":0,"max":"1"},"type":[{"code":"string"}],"isSummary":true,"mapping":[{"identity":"v2","map":"MSH-5"},{"identity":"rim","map":"unique(./entity[determinerCode=\"INST\" and (classCode=(\"DEV\", \"PSN\", \"ORG\"]/name[type='ST' and isNormalDatatype()])"}]},{"id":"MessageHeader.destination.target","path":"MessageHeader.destination.target","short":"Particular delivery destination within the destination","definition":"Identifies the target end system in situations where the initial message transmission is to an intermediary system.","requirements":"Supports multi-hop routing.","min":0,"max":"1","base":{"path":"MessageHeader.destination.target","min":0,"max":"1"},"type":[{"code":"Reference","targetProfile":"http://hl7.org/fhir/StructureDefinition/Device"}],"isSummary":true,"mapping":[{"identity":"rim","map":"unique(./entity[determinerCode=\"INST\" and (classCode=(\"DEV\", \"PSN\", \"ORG\"]"}]},{"id":"MessageHeader.destination.endpoint","path":"MessageHeader.destination.endpoint","short":"Actual destination address or id","definition":"Indicates where the message should be routed to.","comment":"The id may be a non-resolvable URI for systems that do not use standard network-based addresses.","requirements":"Identifies where to route the message.","min":1,"max":"1","base":{"path":"MessageHeader.destination.endpoint","min":1,"max":"1"},"type":[{"code":"uri"}],"isSummary":true,"mapping":[{"identity":"v2","map":"MSH-25 (or MSH-6)"},{"identity":"rim","map":"./telecom"}]},{"id":"MessageHeader.receiver","path":"MessageHeader.receiver","short":"Intended \"real-world\" recipient for the data","definition":"Allows data conveyed by a message to be addressed to a particular person or department when routing to a specific application isn't sufficient.","requirements":"Allows routing beyond just the application level.","min":0,"max":"1","base":{"path":"MessageHeader.receiver","min":0,"max":"1"},"type":[{"code":"Reference","targetProfile":"http://hl7.org/fhir/StructureDefinition/Practitioner"},{"code":"Reference","targetProfile":"http://hl7.org/fhir/StructureDefinition/Organization"}],"isSummary":true,"mapping":[{"identity":"v2","map":"PRT-5:PRT-4='WAYR' / PRT-8:PRT-4='WAYR'"},{"identity":"rim","map":"Not directly supported.  Could be shared using attentionLine.value with an appropriate keyWordText"},{"identity":"w5","map":"who.focus"}]},{"id":"MessageHeader.sender","path":"MessageHeader.sender","short":"Real world sender of the message","definition":"Identifies the sending system to allow the use of a trust relationship.","comment":"Use case is for where a (trusted) sending system is responsible for multiple organizations, and therefore cannot differentiate based on source endpoint / authentication alone.","requirements":"Allows routing beyond just the application level.","min":0,"max":"1","base":{"path":"MessageHeader.sender","min":0,"max":"1"},"type":[{"code":"Reference","targetProfile":"http://hl7.org/fhir/StructureDefinition/Practitioner"},{"code":"Reference","targetProfile":"http://hl7.org/fhir/StructureDefinition/Organization"}],"isSummary":true,"mapping":[{"identity":"v2","map":"PRT-5:PRT-4='WAYR' / PRT-8:PRT-4='WAYR'"},{"identity":"rim","map":"Not directly supported.  Could be shared using attentionLine.value with an appropriate keyWordText"},{"identity":"w5","map":"who.focus"}]},{"id":"MessageHeader.timestamp","path":"MessageHeader.timestamp","short":"Time that the message was sent","definition":"The time that the message was sent.","requirements":"Allows limited detection of out-of-order and delayed transmission.  Also supports audit.","min":1,"max":"1","base":{"path":"MessageHeader.timestamp","min":1,"max":"1"},"type":[{"code":"instant"}],"isSummary":true,"mapping":[{"identity":"v2","map":"MSH-7"},{"identity":"rim","map":"./creationTime[isNormalDatatype()]"},{"identity":"w5","map":"when.init"}]},{"id":"MessageHeader.enterer","path":"MessageHeader.enterer","short":"The source of the data entry","definition":"The person or device that performed the data entry leading to this message. When there is more than one candidate, pick the most proximal to the message. Can provide other enterers in extensions.","comment":"Usually only for the request, but can be used in a response.","requirements":"Need to know for audit/traceback requirements and possibly for authorization.","min":0,"max":"1","base":{"path":"MessageHeader.enterer","min":0,"max":"1"},"type":[{"code":"Reference","targetProfile":"http://hl7.org/fhir/StructureDefinition/Practitioner"}],"isSummary":true,"mapping":[{"identity":"v2","map":"EVN-5 / ORC-10 / PRT-5:PRT-4='EP' / ROL where ROL.3 is EP or ORC.10"},{"identity":"rim","map":"unique(./controlAct[classCode=\"CACT\" and classCode=\"EVN\" and isNormalAct()]/participation[typeCode=\"ENT\" and isNormalParticipation]/role[classCode=\"ASSIGNED\" and isNormalRole()]/player[isNormalEntity() and classCode=(\"DEV\", \"PSN\") and determinerCode=\"INST\"])"},{"identity":"w5","map":"who.author"}]},{"id":"MessageHeader.author","path":"MessageHeader.author","short":"Profissional que fez a prescrição de medicação para o utente.","definition":"The logical author of the message - the person or device that decided the described event should happen. When there is more than one candidate, pick the most proximal to the MessageHeader. Can provide other authors in extensions.","comment":"Usually only for the request, but can be used in a response.","requirements":"Need to know for audit/traceback requirements and possibly for authorization.","min":0,"max":"1","base":{"path":"MessageHeader.author","min":0,"max":"1"},"type":[{"code":"Reference","targetProfile":"http://hl7.org/fhir/StructureDefinition/Practitioner"}],"isSummary":true,"mapping":[{"identity":"v2","map":"ORC-19 / PRT-5:PRT-4='AUT' / ROL where ROL.3 is IP or ORC.12"},{"identity":"rim","map":"unique(./controlAct[classCode=\"CACT\" and classCode=\"EVN\" and isNormalAct()]/participation[isHighest(priorityCode) and typeCode=\"AUT\" and isNormalParticipation]/role[classCode=\"ASSIGNED\" and isNormalRole()]/player[isNormalEntity() and classCode=(\"DEV\", \"PSN\") and determinerCode=\"INST\"])"},{"identity":"w5","map":"who.author"}]},{"id":"MessageHeader.source","extension":[{"url":"http://hl7.org/fhir/StructureDefinition/structuredefinition-explicit-type-name","valueString":"MessageSource"}],"path":"MessageHeader.source","short":"Message source application","definition":"The source application from which this message originated.","requirements":"Allows replies, supports audit.","min":1,"max":"1","base":{"path":"MessageHeader.source","min":1,"max":"1"},"type":[{"code":"BackboneElement"}],"isSummary":true,"mapping":[{"identity":"rim","map":"unique(./communicationFunction[typeCode=\"SND\"])"},{"identity":"w5","map":"who.actor"}]},{"id":"MessageHeader.source.id","path":"MessageHeader.source.id","representation":["xmlAttr"],"short":"xml:id (or equivalent in JSON)","definition":"unique id for the element within a resource (for internal references). This may be any string value that does not contain spaces.","min":0,"max":"1","base":{"path":"Element.id","min":0,"max":"1"},"type":[{"code":"string"}],"mapping":[{"identity":"rim","map":"n/a"}]},{"id":"MessageHeader.source.extension","path":"MessageHeader.source.extension","short":"Additional Content defined by implementations","definition":"May be used to represent additional information that is not part of the basic definition of the element. In order to make the use of extensions safe and manageable, there is a strict set of governance  applied to the definition and use of extensions. Though any implementer is allowed to define an extension, there is a set of requirements that SHALL be met as part of the definition of the extension.","comment":"There can be no stigma associated with the use of extensions by any application, project, or standard - regardless of the institution or jurisdiction that uses or defines the extensions.  The use of extensions is what allows the FHIR specification to retain a core level of simplicity for everyone.","alias":["extensions","user content"],"min":0,"max":"*","base":{"path":"Element.extension","min":0,"max":"*"},"type":[{"code":"Extension"}],"mapping":[{"identity":"rim","map":"n/a"}]},{"id":"MessageHeader.source.modifierExtension","path":"MessageHeader.source.modifierExtension","short":"Extensions that cannot be ignored","definition":"May be used to represent additional information that is not part of the basic definition of the element, and that modifies the understanding of the element that contains it. Usually modifier elements provide negation or qualification. In order to make the use of extensions safe and manageable, there is a strict set of governance applied to the definition and use of extensions. Though any implementer is allowed to define an extension, there is a set of requirements that SHALL be met as part of the definition of the extension. Applications processing a resource are required to check for modifier extensions.","comment":"There can be no stigma associated with the use of extensions by any application, project, or standard - regardless of the institution or jurisdiction that uses or defines the extensions.  The use of extensions is what allows the FHIR specification to retain a core level of simplicity for everyone.","alias":["extensions","user content","modifiers"],"min":0,"max":"*","base":{"path":"BackboneElement.modifierExtension","min":0,"max":"*"},"type":[{"code":"Extension"}],"isModifier":true,"isSummary":true,"mapping":[{"identity":"rim","map":"N/A"}]},{"id":"MessageHeader.source.name","path":"MessageHeader.source.name","short":"Nome da aplicação que enviou a mensagem. <Aplicação_origem>","definition":"Human-readable name for the source system.","requirements":"May be used to support audit.","min":1,"max":"1","base":{"path":"MessageHeader.source.name","min":0,"max":"1"},"type":[{"code":"string"}],"mustSupport":true,"isSummary":true,"mapping":[{"identity":"v2","map":"MSH-3"},{"identity":"rim","map":"unique(./entity[determinerCode=\"INST\" and classCode=\"DEV\"]/name[type='ST' and isNormalDatatype()])"}]},{"id":"MessageHeader.source.software","path":"MessageHeader.source.software","short":"Name of software running the system","definition":"May include configuration or other information useful in debugging.","requirements":"Supports audit and possibly interface engine behavior.","min":0,"max":"1","base":{"path":"MessageHeader.source.software","min":0,"max":"1"},"type":[{"code":"string"}],"isSummary":true,"mapping":[{"identity":"v2","map":"SFT-3 ( +SFT-1)"},{"identity":"rim","map":"unique(./entity[determinerCode=\"INST\" and classCode=\"DEV\"]/softwareName[isNormalDatatype()])"}]},{"id":"MessageHeader.source.version","path":"MessageHeader.source.version","short":"Version of software running","definition":"Can convey versions of multiple systems in situations where a message passes through multiple hands.","requirements":"Supports audit and possibly interface engine behavior.","min":0,"max":"1","base":{"path":"MessageHeader.source.version","min":0,"max":"1"},"type":[{"code":"string"}],"isSummary":true,"mapping":[{"identity":"v2","map":"SFT-2"},{"identity":"rim","map":"(Not supported)"}]},{"id":"MessageHeader.source.contact","path":"MessageHeader.source.contact","short":"Human contact for problems","definition":"An e-mail, phone, website or other contact point to use to resolve issues with message communications.","requirements":"Allows escalation of technical issues.","min":0,"max":"1","base":{"path":"MessageHeader.source.contact","min":0,"max":"1"},"type":[{"code":"ContactPoint"}],"isSummary":true,"mapping":[{"identity":"v2","map":"(MSH-22?)"},{"identity":"rim","map":"unique(./entity[determinerCode=\"INST\" and classCode=\"DEV\"]/scopesRole[normalRole() and classCode=\"CON\" and layer[classCode=\"PSN\"]/telecom[isNormalDatatype()])"}]},{"id":"MessageHeader.source.endpoint","path":"MessageHeader.source.endpoint","short":"URL da aplicação que enviou a mensagem. <URL_origem>","definition":"Identifies the routing target to send acknowledgements to.","comment":"The id may be a non-resolvable URI for systems that do not use standard network-based addresses.","requirements":"Identifies where to send responses, may influence security permissions.","min":1,"max":"1","base":{"path":"MessageHeader.source.endpoint","min":1,"max":"1"},"type":[{"code":"uri"}],"mustSupport":true,"isSummary":true,"mapping":[{"identity":"v2","map":"MSH-24"},{"identity":"rim","map":"./telecom[isNormalDatatype()]"}]},{"id":"MessageHeader.responsible","path":"MessageHeader.responsible","short":"Final responsibility for event","definition":"The person or organization that accepts overall responsibility for the contents of the message. The implication is that the message event happened under the policies of the responsible party.","comment":"Usually only for the request, but can be used in a response.","requirements":"Need to know for audit/traceback requirements and possibly for authorization.","min":0,"max":"1","base":{"path":"MessageHeader.responsible","min":0,"max":"1"},"type":[{"code":"Reference","targetProfile":"http://hl7.org/fhir/StructureDefinition/Practitioner"},{"code":"Reference","targetProfile":"http://hl7.org/fhir/StructureDefinition/Organization"}],"isSummary":true,"mapping":[{"identity":"v2","map":"ORC-12 /  PRT-5:PRT-4='OP' /  PRT-8:PRT-4='OP' / ROL where ROL.3 is RO or ORC.11"},{"identity":"rim","map":"unique(./controlAct[classCode=\"CACT\" and classCode=\"EVN\" and isNormalAct()]/participation[isHighest(priorityCode) and typeCode=\"RESP\" and isNormalParticipation]/role[classCode=\"ASSIGNED\" and isNormalRole()]/player[isNormalEntity() and classCode=\"PSN\" and determinerCode=\"INST\"] or ./controlAct[classCode=\"CACT\" and classCode=\"EVN\" and isNormalAct()]/participation[isHighest(priorityCode) and typeCode=\"RESP\" and isNormalParticipation]/role[classCode=\"ASSIGNED\" and isNormalRole()]/scoper[isNormalEntity() and classCode=\"ORG\" and determinerCode=\"INST\"])"},{"identity":"w5","map":"who.witness"}]},{"id":"MessageHeader.reason","path":"MessageHeader.reason","short":"Cause of event","definition":"Coded indication of the cause for the event - indicates  a reason for the occurrence of the event that is a focus of this message.","requirements":"Need to be able to track why resources are being changed and report in the audit log/history of the resource.  May affect authorization.","min":0,"max":"1","base":{"path":"MessageHeader.reason","min":0,"max":"1"},"type":[{"code":"CodeableConcept"}],"isSummary":true,"binding":{"extension":[{"url":"http://hl7.org/fhir/StructureDefinition/elementdefinition-bindingName","valueString":"EventReason"}],"strength":"example","description":"Reason for event occurrence","valueSetReference":{"reference":"http://hl7.org/fhir/ValueSet/message-reason-encounter"}},"mapping":[{"identity":"v2","map":"EVN.4 / ORC.16 / OBR-31-reason for study / BPO-13-BP indication for use / RXO-20-indication / RXE-27-give indication / RXD-21-indication / RXG-22-indication / RXA-19-indication"},{"identity":"rim","map":"unique(./controlAct[classCode=\"CACT\" and classCode=\"EVN\" and isNormalAct()]/reasonCode[isNormalDatatype()])"},{"identity":"w5","map":"why"}]},{"id":"MessageHeader.response","path":"MessageHeader.response","short":"If this is a reply to prior message","definition":"Information about the message that this message is a response to.  Only present if this message is a response.","min":0,"max":"1","base":{"path":"MessageHeader.response","min":0,"max":"1"},"type":[{"code":"BackboneElement"}],"constraint":[{"extension":[{"url":"http://hl7.org/fhir/4.0/StructureDefinition/extension-ElementDefinition.constraint.xpath","valueString":"@value|f:*|h:div"}],"key":"ele-1","severity":"error","human":"All FHIR elements must have a @value or children","expression":"hasValue() | (children().count() > id.count())","xpath":"@value|f:*|h:div","source":"http://hl7.org/fhir/StructureDefinition/Element"}],"isSummary":true,"mapping":[{"identity":"v2","map":"MSA"},{"identity":"rim","map":"./conveyedAcknowledgement"}]},{"id":"MessageHeader.response.id","path":"MessageHeader.response.id","representation":["xmlAttr"],"short":"xml:id (or equivalent in JSON)","definition":"unique id for the element within a resource (for internal references). This may be any string value that does not contain spaces.","min":0,"max":"1","base":{"path":"Element.id","min":0,"max":"1"},"type":[{"code":"string"}],"mapping":[{"identity":"rim","map":"n/a"}]},{"id":"MessageHeader.response.extension","path":"MessageHeader.response.extension","short":"Additional Content defined by implementations","definition":"May be used to represent additional information that is not part of the basic definition of the element. In order to make the use of extensions safe and manageable, there is a strict set of governance  applied to the definition and use of extensions. Though any implementer is allowed to define an extension, there is a set of requirements that SHALL be met as part of the definition of the extension.","comment":"There can be no stigma associated with the use of extensions by any application, project, or standard - regardless of the institution or jurisdiction that uses or defines the extensions.  The use of extensions is what allows the FHIR specification to retain a core level of simplicity for everyone.","alias":["extensions","user content"],"min":0,"max":"*","base":{"path":"Element.extension","min":0,"max":"*"},"type":[{"code":"Extension"}],"mapping":[{"identity":"rim","map":"n/a"}]},{"id":"MessageHeader.response.modifierExtension","path":"MessageHeader.response.modifierExtension","short":"Extensions that cannot be ignored","definition":"May be used to represent additional information that is not part of the basic definition of the element, and that modifies the understanding of the element that contains it. Usually modifier elements provide negation or qualification. In order to make the use of extensions safe and manageable, there is a strict set of governance applied to the definition and use of extensions. Though any implementer is allowed to define an extension, there is a set of requirements that SHALL be met as part of the definition of the extension. Applications processing a resource are required to check for modifier extensions.","comment":"There can be no stigma associated with the use of extensions by any application, project, or standard - regardless of the institution or jurisdiction that uses or defines the extensions.  The use of extensions is what allows the FHIR specification to retain a core level of simplicity for everyone.","alias":["extensions","user content","modifiers"],"min":0,"max":"*","base":{"path":"BackboneElement.modifierExtension","min":0,"max":"*"},"type":[{"code":"Extension"}],"isModifier":true,"isSummary":true,"mapping":[{"identity":"rim","map":"N/A"}]},{"id":"MessageHeader.response.identifier","path":"MessageHeader.response.identifier","short":"Id of original message","definition":"The MessageHeader.id of the message to which this message is a response.","requirements":"Allows receiver to know what message is being responded to.","min":1,"max":"1","base":{"path":"MessageHeader.response.identifier","min":1,"max":"1"},"type":[{"code":"id"}],"isSummary":true,"mapping":[{"identity":"v2","map":"MSA-2"},{"identity":"rim","map":"./acknowledges.id[isNormalDatatype()]"}]},{"id":"MessageHeader.response.code","path":"MessageHeader.response.code","short":"ok | transient-error | fatal-error","definition":"Code that identifies the type of response to the message - whether it was successful or not, and whether it should be resent or not.","comment":"This is a generic response to the request message. Specific data for the response will be found in MessageHeader.focus.","requirements":"Allows the sender of the acknowledge message to know if the request was successful or if action is needed.","min":1,"max":"1","base":{"path":"MessageHeader.response.code","min":1,"max":"1"},"type":[{"code":"code"}],"isSummary":true,"binding":{"extension":[{"url":"http://hl7.org/fhir/StructureDefinition/elementdefinition-bindingName","valueString":"ResponseType"}],"strength":"required","description":"The kind of response to a message","valueSetReference":{"reference":"http://hl7.org/fhir/ValueSet/response-code"}},"mapping":[{"identity":"v2","map":"MSA-1"},{"identity":"rim","map":"./typeCode[isNormalDatatype()]"}]},{"id":"MessageHeader.response.details","path":"MessageHeader.response.details","short":"Specific list of hints/warnings/errors","definition":"Full details of any issues found in the message.","comment":"This SHALL be contained in the bundle. If any of the issues are errors, the response code SHALL be an error.","requirements":"Allows the sender of the message to determine what the specific issues are.","min":0,"max":"1","base":{"path":"MessageHeader.response.details","min":0,"max":"1"},"type":[{"code":"Reference","targetProfile":"http://hl7.org/fhir/StructureDefinition/OperationOutcome"}],"isSummary":true,"mapping":[{"identity":"v2","map":"ERR"},{"identity":"rim","map":"AcknowledgementDetail or Observation[classCode=\"ALRT\" and moodCode=\"EVN\"]"}]},{"id":"MessageHeader.focus","path":"MessageHeader.focus","short":"Corresponde à receita. Enviar somente um recurso RequestGroup por\nmensagem","definition":"The actual data of the message - a reference to the root/focus class of the event.","comment":"The data is defined where the transaction type is defined. The transaction data is always included in the bundle that is the full message.  Only the root resource is specified.  The resources it references should be contained in the bundle but are not also listed here.  Multiple repetitions are allowed to cater for merges and other situations with multiple focal targets.","requirements":"Every message event is about actual data, a single resource, that is identified in the definition of the event, and perhaps some or all linked resources.","min":1,"max":"*","base":{"path":"MessageHeader.focus","min":0,"max":"*"},"type":[{"code":"Reference","targetProfile":"http://example.com/fhir/example/StructureDefinition/content-profile"}],"mustSupport":true,"isSummary":true,"mapping":[{"identity":"rim","map":"unique(./controlAct[classCode=\"CACT\" and classCode=\"EVN\" and isNormalAct()]/participation[typeCode=\"SUBJ\" and isNormalParticipation]/role or ./controlAct[classCode=\"CACT\" and classCode=\"EVN\" and isNormalAct()]/outboundRelationship[typeCode=\"SBJ\" and isNormalActRelatoinship]/target)"}]}]},"differential":{"element":[{"id":"MessageHeader","path":"MessageHeader"},{"id":"MessageHeader.id","path":"MessageHeader.id","min":1},{"id":"MessageHeader.meta.profile","path":"MessageHeader.meta.profile"},{"id":"MessageHeader.meta.tag","path":"MessageHeader.meta.tag","min":1,"max":"1","mustSupport":true,"binding":{"strength":"required"}},{"id":"MessageHeader.destination.name","path":"MessageHeader.destination.name","short":"PEMH"},{"id":"MessageHeader.destination.endpoint","path":"MessageHeader.destination.endpoint"},{"id":"MessageHeader.author","path":"MessageHeader.author","short":"Profissional que fez a prescrição de medicação para o utente."},{"id":"MessageHeader.source.name","path":"MessageHeader.source.name","short":"Nome da aplicação que enviou a mensagem. <Aplicação_origem>","min":1,"mustSupport":true},{"id":"MessageHeader.source.endpoint","path":"MessageHeader.source.endpoint","short":"URL da aplicação que enviou a mensagem. <URL_origem>","mustSupport":true},{"id":"MessageHeader.focus","path":"MessageHeader.focus","short":"Corresponde à receita. Enviar somente um recurso RequestGroup por\nmensagem","min":1,"type":[{"code":"Reference","targetProfile":"http://example.com/fhir/example/StructureDefinition/content-profile"}],"mustSupport":true}]}}