{
  "resourceType" : "Practitioner",
  "id" : "f644ab44-7e32-4e05-972c-1f14bebf27a8",
  "text" : {
    "status" : "generated",
    "div" : "<div xmlns=\"http://www.w3.org/1999/xhtml\"><p><b>Generated Narrative: Practitioner</b><a name=\"f644ab44-7e32-4e05-972c-1f14bebf27a8\"> </a></p><div style=\"display: inline-block; background-color: #d9e0e7; padding: 6px; margin: 4px; border: 1px solid #8da1b4; border-radius: 5px; line-height: 60%\"><p style=\"margin-bottom: 0px\">Resource Practitioner &quot;f644ab44-7e32-4e05-972c-1f14bebf27a8&quot; </p></div><p><b>identifier</b>: Medical License number: 33421535</p><p><b>name</b>: Dr. António da Cruz</p></div>"
  },
  "identifier" : [{
    "type" : {
      "coding" : [{
        "system" : "http://h17.org/fhir/v2/0203",
        "code" : "MD",
        "display" : "Medical License number"
      }]
    },
    "system" : "https://www.ordemdosmedicos.pt",
    "value" : "33421535"
  }],
  "name" : [{
    "text" : "Dr. António da Cruz"
  }]
}